CDODefId,CDOName,Workspace,OntologyStatus,OntologyFile,Classification,Rationale,FieldCount,ForeignKeyCount,IncomingForeignKeyCount
679477547,A_AdHocWIPDataRecord,40,not_modeled,,runtime_or_history,名称显示为运行、历史、审计、缓存或日志表,17,1,2
679477550,A_AdHocWIPDataRecordChg,40,not_modeled,,runtime_or_history,名称显示为运行、历史、审计、缓存或日志表,19,2,1
679477548,A_AdHocWIPDataRecordDetails,40,not_modeled,,runtime_or_history,名称显示为运行、历史、审计、缓存或日志表,16,3,1
679477549,A_AdHocWIPDataRecordDetailsChg,40,not_modeled,,runtime_or_history,名称显示为运行、历史、审计、缓存或日志表,18,4,0
679477418,A_AdHocWIPDataSetup,40,modeled,semiconductor_wip_control_ontology.json,modeled,存在与物理CDOName精确同名的本体类,13,2,1
679477419,A_AdHocWIPDataSetupDetails,40,not_modeled,,runtime_or_history,名称显示为运行、历史、审计、缓存或日志表,9,2,0
679477329,A_AreaGroup,40,modeled,semiconductor_scheduling_flow_ontology.json,modeled,存在与物理CDOName精确同名的本体类,11,2,0
679477297,A_AttributeAccess,40,modeled,semiconductor_carrier_material_tool_ontology.json,modeled,存在与物理CDOName精确同名的本体类,16,2,2
679477288,A_AttributeType,40,modeled,semiconductor_wafer_experiment_ontology.json,modeled,存在与物理CDOName精确同名的本体类,11,2,1
679477296,A_AttributeValidValues,40,not_modeled,,non_top_level_record,虽有独立主键，但缺少名称、冻结/变更或被引用等顶级建模特征,12,3,0
679477393,A_AutomationPlan,40,modeled,semiconductor_scheduling_flow_ontology.json,modeled,存在与物理CDOName精确同名的本体类,13,2,2
679477338,A_BinsLimits,40,not_modeled,,non_top_level_record,虽有独立主键，但缺少名称、冻结/变更或被引用等顶级建模特征,13,2,1
679477340,A_BinsLimitsDetails,40,not_modeled,,child_or_association,名称显示为明细、映射、列表或参数子表,8,1,0
679477281,A_BinType,40,modeled,semiconductor_wafer_experiment_ontology.json,modeled,存在与物理CDOName精确同名的本体类,12,3,2
679477400,A_BinTypeDetails,40,not_modeled,,child_or_association,名称显示为明细、映射、列表或参数子表,9,2,0
679477627,A_BonusLotHistory,40,not_modeled,,runtime_or_history,名称显示为运行、历史、审计、缓存或日志表,9,1,0
679477626,A_BonusLotHistoryDetails,40,not_modeled,,runtime_or_history,名称显示为运行、历史、审计、缓存或日志表,21,0,1
679477269,A_Calendar,40,modeled,semiconductor_scheduling_flow_ontology.json,modeled,存在与物理CDOName精确同名的本体类,32,3,2
679477273,A_CalendarHolidays,40,modeled,semiconductor_scheduling_flow_ontology.json,modeled,存在与物理CDOName精确同名的本体类,13,2,1
679477272,A_CalendarHolidaysShifts,40,not_modeled,,non_top_level_record,虽有独立主键，但缺少名称、冻结/变更或被引用等顶级建模特征,9,2,0
679477271,A_CalendarShifts,40,not_modeled,,non_top_level_record,虽有独立主键，但缺少名称、冻结/变更或被引用等顶级建模特征,11,2,0
679477290,A_CalendarShiftsCycle,40,modeled,semiconductor_scheduling_flow_ontology.json,modeled,存在与物理CDOName精确同名的本体类,11,2,2
679477291,A_CalendarShiftsCycleDetails,40,not_modeled,,child_or_association,名称显示为明细、映射、列表或参数子表,10,2,0
679477270,A_CalendarWorkWeeks,40,not_modeled,,non_top_level_record,虽有独立主键，但缺少名称、冻结/变更或被引用等顶级建模特征,17,1,0
679477704,A_CarrierAssignSlotMapHistory,40,not_modeled,,runtime_or_history,名称显示为运行、历史、审计、缓存或日志表,19,3,1
679477705,A_CarrierAssignSlotMapHistoryD,40,not_modeled,,runtime_or_history,名称显示为运行、历史、审计、缓存或日志表,18,3,0
679477603,A_CarrierChangeHistory,40,not_modeled,,runtime_or_history,名称显示为运行、历史、审计、缓存或日志表,12,1,0
679477446,A_CarrierFamilySizing,40,not_modeled,,non_top_level_record,虽有独立主键，但缺少名称、冻结/变更或被引用等顶级建模特征,9,1,0
679477636,A_CarrierTransferUnitsHistory,40,not_modeled,,runtime_or_history,名称显示为运行、历史、审计、缓存或日志表,30,1,0
679477711,A_CarrierValidationSetup,40,modeled,semiconductor_carrier_material_tool_ontology.json,modeled,存在与物理CDOName精确同名的本体类,20,5,0
679477686,A_CheckSheetDetails,40,not_modeled,,child_or_association,名称显示为明细、映射、列表或参数子表,12,3,0
679477687,A_CheckSheetMatrix,40,modeled,semiconductor_quality_iqc_ontology.json,modeled,存在与物理CDOName精确同名的本体类,22,9,1
679477597,A_CombineWafersHistoryDetails,40,not_modeled,,runtime_or_history,名称显示为运行、历史、审计、缓存或日志表,22,2,1
679477665,A_CompleteMaintHistoryDetailsC,csi,not_modeled,,runtime_or_history,名称显示为运行、历史、审计、缓存或日志表,14,2,0
679477613,A_ConsumeMaterialsHistory,40,not_modeled,,runtime_or_history,名称显示为运行、历史、审计、缓存或日志表,9,1,1
679477614,A_ConsumeMaterialsHistoryDetai,40,not_modeled,,runtime_or_history,名称显示为运行、历史、审计、缓存或日志表,30,2,1
679477656,A_ConsumeMaterialsHistoryWafer,40,not_modeled,,runtime_or_history,名称显示为运行、历史、审计、缓存或日志表,15,1,1
679477660,A_ConvertWafersHistory,40,not_modeled,,runtime_or_history,名称显示为运行、历史、审计、缓存或日志表,11,1,0
679477661,A_ConvertWafersHistoryDetails,40,not_modeled,,runtime_or_history,名称显示为运行、历史、审计、缓存或日志表,13,0,1
679477628,A_CountVarianceHistory,40,not_modeled,,runtime_or_history,名称显示为运行、历史、审计、缓存或日志表,14,1,1
679477641,A_CountVarianceHistoryDetails,40,not_modeled,,runtime_or_history,名称显示为运行、历史、审计、缓存或日志表,13,1,0
679477391,A_CountVarianceLimits,40,modeled,semiconductor_quality_iqc_ontology.json,modeled,存在与物理CDOName精确同名的本体类,12,3,1
679477392,A_CountVarianceLimitsDetails,40,not_modeled,,child_or_association,名称显示为明细、映射、列表或参数子表,10,1,0
679477639,A_CreateInsertionHistory,40,not_modeled,,runtime_or_history,名称显示为运行、历史、审计、缓存或日志表,10,1,0
679477324,A_CycleTimeHolidays,40,modeled,semiconductor_scheduling_flow_ontology.json,modeled,存在与物理CDOName精确同名的本体类,14,2,0
679477416,A_DispatchPlan,40,modeled,semiconductor_scheduling_flow_ontology.json,modeled,存在与物理CDOName精确同名的本体类,11,2,4
679477417,A_DispatchPlanDetails,40,not_modeled,,child_or_association,名称显示为明细、映射、列表或参数子表,10,2,0
679477684,A_DocumentParameters,40,not_modeled,,child_or_association,名称显示为明细、映射、列表或参数子表,14,1,0
679477253,A_EmailGroup,csi,modeled,semiconductor_wip_control_ontology.json,modeled,存在与物理CDOName精确同名的本体类,13,3,58
679477256,A_EmailGroupDefaultForObjectTy,csi,not_modeled,,child_or_association,名称显示为明细、映射、列表或参数子表,5,1,0
679477254,A_EmailGroupEntries,csi,not_modeled,,child_or_association,名称显示为明细、映射、列表或参数子表,5,2,0
679477255,A_EmailGroupGroups,csi,not_modeled,,child_or_association,名称显示为明细、映射、列表或参数子表,5,2,0
679477404,A_EmployeeGroup,csi,modeled,semiconductor_shared_support_ontology.json,modeled,存在与物理CDOName精确同名的本体类,12,2,8
679477407,A_EmployeeGroupDefaultForObjec,csi,not_modeled,,child_or_association,名称显示为明细、映射、列表或参数子表,5,1,0
679477405,A_EmployeeGroupEntries,csi,not_modeled,,child_or_association,名称显示为明细、映射、列表或参数子表,5,2,0
679477406,A_EmployeeGroupGroups,csi,not_modeled,,child_or_association,名称显示为明细、映射、列表或参数子表,5,2,0
681574422,A_EqpDispatchQueryMatrix,40,modeled,semiconductor_scheduling_flow_ontology.json,modeled,存在与物理CDOName精确同名的本体类,17,7,0
679477681,A_EqpProcessCapability,40,not_modeled,,non_top_level_record,虽有独立主键，但缺少名称、冻结/变更或被引用等顶级建模特征,10,3,0
679477702,A_EqpSetProcessCapabilityHist,40,not_modeled,,runtime_or_history,名称显示为运行、历史、审计、缓存或日志表,12,1,1
679477703,A_EqpSetProcessCapabilityHistD,40,not_modeled,,runtime_or_history,名称显示为运行、历史、审计、缓存或日志表,14,1,0
679477644,A_EquipmentAutomationSetupHist,40,not_modeled,,runtime_or_history,名称显示为运行、历史、审计、缓存或日志表,12,1,0
679477513,A_EquipmentMaterials,40,not_modeled,,non_top_level_record,虽有独立主键，但缺少名称、冻结/变更或被引用等顶级建模特征,19,4,0
679477642,A_EquipmentMaterialsSetupHist,40,not_modeled,,runtime_or_history,名称显示为运行、历史、审计、缓存或日志表,20,1,1
679477643,A_EquipmentMaterialsSetupHistD,40,not_modeled,,runtime_or_history,名称显示为运行、历史、审计、缓存或日志表,31,4,0
679477424,A_EquipmentMatrix,40,modeled,semiconductor_process_equipment_ontology.json,modeled,存在与物理CDOName精确同名的本体类,23,10,6
679477425,A_EquipmentMatrixExceptions,40,not_modeled,,non_top_level_record,虽有独立主键，但缺少名称、冻结/变更或被引用等顶级建模特征,9,2,0
679477259,A_EquipmentParamList,40,modeled,semiconductor_process_equipment_ontology.json,modeled,存在与物理CDOName精确同名的本体类,11,2,2
679477263,A_EquipmentParamListDetails,40,not_modeled,,child_or_association,名称显示为明细、映射、列表或参数子表,11,2,0
679477484,A_EquipmentParams,40,not_modeled,,child_or_association,名称显示为明细、映射、列表或参数子表,11,2,0
679477520,A_EquipmentRejects,40,not_modeled,,non_top_level_record,虽有独立主键，但缺少名称、冻结/变更或被引用等顶级建模特征,17,3,0
679477706,A_EquipmentReservationHistory,40,not_modeled,,runtime_or_history,名称显示为运行、历史、审计、缓存或日志表,15,5,1
679477604,A_EquipmentSetupHistory,40,not_modeled,,runtime_or_history,名称显示为运行、历史、审计、缓存或日志表,12,1,1
679477606,A_EquipmentSetupHistoryDetails,40,not_modeled,,runtime_or_history,名称显示为运行、历史、审计、缓存或日志表,20,1,0
679477688,A_ExpAutoHold,40,modeled,semiconductor_wafer_experiment_ontology.json,modeled,存在与物理CDOName精确同名的本体类,16,5,0
679477689,A_ExpAutoSplit,40,modeled,semiconductor_wafer_experiment_ontology.json,modeled,存在与物理CDOName精确同名的本体类,18,3,0
679477690,A_ExpAutoSS,40,modeled,semiconductor_wafer_experiment_ontology.json,modeled,存在与物理CDOName精确同名的本体类,13,3,0
679477691,A_ExperimentAction,40,not_modeled,,non_top_level_record,虽有独立主键，但缺少名称、冻结/变更或被引用等顶级建模特征,9,1,0
679477692,A_ExperimentPlan,40,modeled,semiconductor_wafer_experiment_ontology.json,modeled,存在与物理CDOName精确同名的本体类,21,7,5
679477693,A_ExperimentPlanBase,40,modeled,semiconductor_cio_bases_ontology.json,modeled,存在与物理CDOName精确同名的本体类,6,1,1
679477694,A_ExperimentPlanDetails,40,modeled,semiconductor_process_wip_details_ontology.json,modeled,存在与物理CDOName精确同名的本体类,25,11,3
679477695,A_ExpParameterOverrides,40,not_modeled,,child_or_association,名称显示为明细、映射、列表或参数子表,13,6,0
679477696,A_ExpSpecialCheckSheet,40,modeled,semiconductor_wafer_experiment_ontology.json,modeled,存在与物理CDOName精确同名的本体类,11,2,2
679477697,A_ExpSpecialInstructions,40,modeled,semiconductor_wafer_experiment_ontology.json,modeled,存在与物理CDOName精确同名的本体类,15,2,2
679477443,A_ExternalInterface,40,modeled,semiconductor_service_location_ontology.json,modeled,存在与物理CDOName精确同名的本体类,12,2,3
679477444,A_ExternalInterfaceDetail,40,modeled,semiconductor_print_interface_details_ontology.json,modeled,存在与物理CDOName精确同名的本体类,13,1,2
679477445,A_ExternalInterfaceDetailParam,40,modeled,semiconductor_print_interface_details_ontology.json,modeled,存在与物理CDOName精确同名的本体类,8,1,0
679477454,A_ExternalInterfaceDetailRule,40,modeled,semiconductor_print_interface_details_ontology.json,modeled,存在与物理CDOName精确同名的本体类,9,2,0
679477286,A_ExternalLocation,40,modeled,semiconductor_service_location_ontology.json,modeled,存在与物理CDOName精确同名的本体类,12,2,2
679477333,A_ExternalLocationType,40,modeled,semiconductor_service_location_ontology.json,modeled,存在与物理CDOName精确同名的本体类,11,2,1
679477356,A_FutureHoldSetup,40,modeled,semiconductor_wip_control_ontology.json,modeled,存在与物理CDOName精确同名的本体类,30,12,0
679477353,A_HoldLocation,40,modeled,semiconductor_wip_control_ontology.json,modeled,存在与物理CDOName精确同名的本体类,11,2,12
679477298,A_ImpoundType,40,modeled,semiconductor_service_location_ontology.json,modeled,存在与物理CDOName精确同名的本体类,11,2,1
679477388,A_InsertionReason,40,modeled,semiconductor_service_location_ontology.json,modeled,存在与物理CDOName精确同名的本体类,11,2,4
679477414,A_ItemCategory,40,modeled,semiconductor_wafer_experiment_ontology.json,modeled,存在与物理CDOName精确同名的本体类,12,2,2
679477415,A_ItemCategoryDetails,40,not_modeled,,child_or_association,名称显示为明细、映射、列表或参数子表,10,2,0
679477412,A_ItemType,40,modeled,semiconductor_wafer_experiment_ontology.json,modeled,存在与物理CDOName精确同名的本体类,20,2,3
679477413,A_ItemTypeDynamicChecks,40,not_modeled,,non_top_level_record,虽有独立主键，但缺少名称、冻结/变更或被引用等顶级建模特征,9,1,0
679477557,A_Job,csi,not_modeled,,runtime_or_history,名称显示为运行、历史、审计、缓存或日志表,36,10,7
679477472,A_JobCauseCode,csi,modeled,semiconductor_user_job_spc_configuration_ontology.json,modeled,存在与物理CDOName精确同名的本体类,11,2,3
679477558,A_JobChecklist,csi,not_modeled,,non_top_level_record,虽有独立主键，但缺少名称、冻结/变更或被引用等顶级建模特征,8,1,0
679477560,A_JobCodesByResource,csi,not_modeled,,non_top_level_record,虽有独立主键，但缺少名称、冻结/变更或被引用等顶级建模特征,10,3,0
679477402,A_JobModel,csi,modeled,semiconductor_shared_support_ontology.json,modeled,存在与物理CDOName精确同名的本体类,14,3,8
679477469,A_JobModelDetail,csi,not_modeled,,child_or_association,名称显示为明细、映射、列表或参数子表,16,4,2
679477470,A_JobModelDetailChecklist,csi,not_modeled,,child_or_association,名称显示为明细、映射、列表或参数子表,12,3,0
679477471,A_JobModelDetailToStage,csi,not_modeled,,child_or_association,名称显示为明细、映射、列表或参数子表,9,2,0
679477403,A_JobOrder,csi,not_modeled,,runtime_or_history,名称显示为运行、历史、审计、缓存或日志表,12,3,4
679477475,A_JobOrderDetail,csi,not_modeled,,runtime_or_history,名称显示为运行、历史、审计、缓存或日志表,8,2,0
679477476,A_JobOrderTechnician,csi,not_modeled,,runtime_or_history,名称显示为运行、历史、审计、缓存或日志表,8,2,0
679477473,A_JobRepairCode,csi,modeled,semiconductor_user_job_spc_configuration_ontology.json,modeled,存在与物理CDOName精确同名的本体类,11,2,3
679477401,A_JobStage,csi,modeled,semiconductor_user_job_spc_configuration_ontology.json,modeled,存在与物理CDOName精确同名的本体类,11,2,5
679477474,A_JobSymptomCode,csi,modeled,semiconductor_user_job_spc_configuration_ontology.json,modeled,存在与物理CDOName精确同名的本体类,11,2,3
679477559,A_JobTechnician,csi,not_modeled,,non_top_level_record,虽有独立主键，但缺少名称、冻结/变更或被引用等顶级建模特征,15,2,0
679477669,A_JobTxnHistory,csi,not_modeled,,runtime_or_history,名称显示为运行、历史、审计、缓存或日志表,33,9,1
679477670,A_JobTxnHistoryDetail,csi,not_modeled,,runtime_or_history,名称显示为运行、历史、审计、缓存或日志表,16,2,0
679477283,A_LocationMap,40,modeled,semiconductor_service_location_ontology.json,modeled,存在与物理CDOName精确同名的本体类,13,4,9
679477339,A_LossReasonLimits,40,not_modeled,,non_top_level_record,虽有独立主键，但缺少名称、冻结/变更或被引用等顶级建模特征,12,2,1
679477390,A_LossReasonLimitsDetails,40,not_modeled,,child_or_association,名称显示为明细、映射、列表或参数子表,8,2,0
679477707,A_LotAssignExpHistory,40,not_modeled,,runtime_or_history,名称显示为运行、历史、审计、缓存或日志表,11,1,0
679477708,A_LotAssignExpHistoryDetails,40,not_modeled,,runtime_or_history,名称显示为运行、历史、审计、缓存或日志表,18,3,0
679477496,A_LotAttributes,40,not_modeled,,runtime_or_history,名称显示为运行、历史、审计、缓存或日志表,78,7,1
679477545,A_LotAttributesEx,40,not_modeled,,runtime_or_history,名称显示为运行、历史、审计、缓存或日志表,12,2,0
679477486,A_LotBins,40,not_modeled,,runtime_or_history,名称显示为运行、历史、审计、缓存或日志表,23,5,0
679477650,A_LotBinsTransferHistory,40,not_modeled,,runtime_or_history,名称显示为运行、历史、审计、缓存或日志表,14,1,0
679477651,A_LotBinsTransferHistoryDetail,40,not_modeled,,runtime_or_history,名称显示为运行、历史、审计、缓存或日志表,17,0,0
679477667,A_LotCarriersSetupHistory,40,not_modeled,,runtime_or_history,名称显示为运行、历史、审计、缓存或日志表,12,1,0
679477668,A_LotCarriersSetupHistoryDetai,40,not_modeled,,runtime_or_history,名称显示为运行、历史、审计、缓存或日志表,12,1,0
679477712,A_LotCarriersValidate,40,not_modeled,,runtime_or_history,名称显示为运行、历史、审计、缓存或日志表,13,4,2
679477713,A_LotCarriersValidateValidated,40,not_modeled,,runtime_or_history,名称显示为运行、历史、审计、缓存或日志表,5,2,0
679477516,A_LotDefects,40,not_modeled,,runtime_or_history,名称显示为运行、历史、审计、缓存或日志表,13,4,0
679477534,A_LotDisposition,40,not_modeled,,runtime_or_history,名称显示为运行、历史、审计、缓存或日志表,38,8,2
679477535,A_LotDispositionDetails,40,not_modeled,,runtime_or_history,名称显示为运行、历史、审计、缓存或日志表,17,2,2
679477638,A_LotDispositionDetailsHistory,40,not_modeled,,runtime_or_history,名称显示为运行、历史、审计、缓存或日志表,17,2,2
679477538,A_LotDispositionDetailsQtys,40,not_modeled,,runtime_or_history,名称显示为运行、历史、审计、缓存或日志表,9,1,0
679477640,A_LotDispositionDetailsQtysHis,40,not_modeled,,runtime_or_history,名称显示为运行、历史、审计、缓存或日志表,9,1,0
679477541,A_LotDispositionDetailsWafers,40,not_modeled,,runtime_or_history,名称显示为运行、历史、审计、缓存或日志表,8,1,0
679477649,A_LotDispositionDetailsWafersH,40,not_modeled,,runtime_or_history,名称显示为运行、历史、审计、缓存或日志表,8,1,0
679477637,A_LotDispositionHistory,40,not_modeled,,runtime_or_history,名称显示为运行、历史、审计、缓存或日志表,39,9,2
679477700,A_LotExperimentPlans,40,not_modeled,,runtime_or_history,名称显示为运行、历史、审计、缓存或日志表,9,4,0
679477521,A_LotFutureHold,40,not_modeled,,runtime_or_history,名称显示为运行、历史、审计、缓存或日志表,23,7,0
679477631,A_LotFutureHoldHistory,40,not_modeled,,runtime_or_history,名称显示为运行、历史、审计、缓存或日志表,22,6,0
679477519,A_LotHoldLocations,40,not_modeled,,runtime_or_history,名称显示为运行、历史、审计、缓存或日志表,25,5,0
679477625,A_LotHoldLocationsHistory,40,not_modeled,,runtime_or_history,名称显示为运行、历史、审计、缓存或日志表,24,4,0
679477546,A_LotItems,40,not_modeled,,runtime_or_history,名称显示为运行、历史、审计、缓存或日志表,27,5,1
679477523,A_LotLoans,40,not_modeled,,runtime_or_history,名称显示为运行、历史、审计、缓存或日志表,19,1,1
679477632,A_LotLoansHistory,40,not_modeled,,runtime_or_history,名称显示为运行、历史、审计、缓存或日志表,18,0,1
679477524,A_LotLoansWafers,40,not_modeled,,runtime_or_history,名称显示为运行、历史、审计、缓存或日志表,9,1,0
679477633,A_LotLoansWafersHistory,40,not_modeled,,runtime_or_history,名称显示为运行、历史、审计、缓存或日志表,9,1,0
679477505,A_LotMaterials,40,not_modeled,,runtime_or_history,名称显示为运行、历史、审计、缓存或日志表,25,2,0
679477522,A_LotMaxTimeWindow,40,not_modeled,,runtime_or_history,名称显示为运行、历史、审计、缓存或日志表,24,7,0
679477630,A_LotMaxTimeWindowHistory,40,not_modeled,,runtime_or_history,名称显示为运行、历史、审计、缓存或日志表,23,6,0
679477629,A_LotPackingHistory,40,not_modeled,,runtime_or_history,名称显示为运行、历史、审计、缓存或日志表,16,1,1
679477659,A_LotPackingHistoryDetails,40,not_modeled,,runtime_or_history,名称显示为运行、历史、审计、缓存或日志表,12,3,0
679477699,A_LotReservedEquipments,40,not_modeled,,runtime_or_history,名称显示为运行、历史、审计、缓存或日志表,10,4,0
679477599,A_LotScheCancelHistory,40,not_modeled,,runtime_or_history,名称显示为运行、历史、审计、缓存或日志表,9,1,0
679477600,A_LotScheModifyHistory,40,not_modeled,,runtime_or_history,名称显示为运行、历史、审计、缓存或日志表,10,1,1
679477601,A_LotScheModifyHistoryDetails,40,not_modeled,,runtime_or_history,名称显示为运行、历史、审计、缓存或日志表,13,1,0
679477337,A_LotSizeLimits,40,not_modeled,,runtime_or_history,名称显示为运行、历史、审计、缓存或日志表,10,1,0
679477376,A_LotSizeSamplingSetup,40,modeled,semiconductor_spc_yield_ontology.json,modeled,存在与物理CDOName精确同名的本体类,12,3,1
679477377,A_LotSizeSamplingSetupDetails,40,not_modeled,,runtime_or_history,名称显示为运行、历史、审计、缓存或日志表,10,1,0
679477529,A_LotSorting,40,not_modeled,,runtime_or_history,名称显示为运行、历史、审计、缓存或日志表,13,2,2
679477530,A_LotSortingWafers,40,not_modeled,,runtime_or_history,名称显示为运行、历史、审计、缓存或日志表,22,6,0
679477525,A_LotSortIQC,40,not_modeled,,runtime_or_history,名称显示为运行、历史、审计、缓存或日志表,14,2,3
679477526,A_LotSortIQCFailures,40,not_modeled,,runtime_or_history,名称显示为运行、历史、审计、缓存或日志表,9,2,0
679477527,A_LotSortIQCWafers,40,not_modeled,,runtime_or_history,名称显示为运行、历史、审计、缓存或日志表,13,1,1
679477528,A_LotSortIQCWafersFailures,40,not_modeled,,runtime_or_history,名称显示为运行、历史、审计、缓存或日志表,14,2,0
679477533,A_LotSortSQA,40,not_modeled,,runtime_or_history,名称显示为运行、历史、审计、缓存或日志表,13,2,2
679477531,A_LotSortSQAWafers,40,not_modeled,,runtime_or_history,名称显示为运行、历史、审计、缓存或日志表,13,1,1
679477532,A_LotSortSQAWafersFailures,40,not_modeled,,runtime_or_history,名称显示为运行、历史、审计、缓存或日志表,14,2,0
679477501,A_LotSpecPassCounts,40,not_modeled,,runtime_or_history,名称显示为运行、历史、审计、缓存或日志表,8,2,0
679477701,A_LotSubProductWafers,40,not_modeled,,runtime_or_history,名称显示为运行、历史、审计、缓存或日志表,8,3,1
679477485,A_LotTestedTestParams,40,not_modeled,,runtime_or_history,名称显示为运行、历史、审计、缓存或日志表,20,1,0
679477515,A_LotTestIQC,40,not_modeled,,runtime_or_history,名称显示为运行、历史、审计、缓存或日志表,23,1,0
679477500,A_LotWaferRunNumbers,40,not_modeled,,runtime_or_history,名称显示为运行、历史、审计、缓存或日志表,12,1,0
679477499,A_LotWafers,40,not_modeled,,runtime_or_history,名称显示为运行、历史、审计、缓存或日志表,66,8,3
679477657,A_LotWafersHistory,40,not_modeled,,runtime_or_history,名称显示为运行、历史、审计、缓存或日志表,63,5,4
679477709,A_LotWafersHistoryLotSubProduc,40,not_modeled,,runtime_or_history,名称显示为运行、历史、审计、缓存或日志表,5,2,0
679477555,A_LotWafersMaterials,40,not_modeled,,runtime_or_history,名称显示为运行、历史、审计、缓存或日志表,24,2,0
679477666,A_LotWafersMaterialsHistory,40,not_modeled,,runtime_or_history,名称显示为运行、历史、审计、缓存或日志表,24,2,0
679477554,A_LotWafersRuns,40,not_modeled,,runtime_or_history,名称显示为运行、历史、审计、缓存或日志表,12,2,0
679477663,A_LotWafersRunsHistory,40,not_modeled,,runtime_or_history,名称显示为运行、历史、审计、缓存或日志表,12,2,0
679477312,A_MachineGroup,40,modeled,semiconductor_foundation_ontology.json,modeled,存在与物理CDOName精确同名的本体类,11,2,1
679477455,A_MaintenanceReqChecklist,csi,not_modeled,,non_top_level_record,虽有独立主键，但缺少名称、冻结/变更或被引用等顶级建模特征,16,3,0
679477456,A_MaintenanceStatusChecklist,csi,not_modeled,,non_top_level_record,虽有独立主键，但缺少名称、冻结/变更或被引用等顶级建模特征,12,2,0
679477396,A_MaskLayer,40,modeled,semiconductor_foundation_ontology.json,modeled,存在与物理CDOName精确同名的本体类,11,2,4
679477397,A_MaskSet,40,modeled,semiconductor_foundation_ontology.json,modeled,存在与物理CDOName精确同名的本体类,11,2,2
679477398,A_MaskSetDetails,40,not_modeled,,child_or_association,名称显示为明细、映射、列表或参数子表,9,2,2
679477399,A_MaskSetDetailsMasks,40,not_modeled,,child_or_association,名称显示为明细、映射、列表或参数子表,9,2,0
679477608,A_MaterialAdjustQtyHistory,40,not_modeled,,runtime_or_history,名称显示为运行、历史、审计、缓存或日志表,12,1,0
679477320,A_MaterialCategory,40,modeled,semiconductor_foundation_ontology.json,modeled,存在与物理CDOName精确同名的本体类,11,2,1
679477321,A_MaterialPartVendors,40,not_modeled,,non_top_level_record,虽有独立主键，但缺少名称、冻结/变更或被引用等顶级建模特征,9,2,0
679477317,A_MaterialType,40,modeled,semiconductor_foundation_ontology.json,modeled,存在与物理CDOName精确同名的本体类,17,3,3
679477318,A_MaterialTypeSpecs,40,not_modeled,,non_top_level_record,虽有独立主键，但缺少名称、冻结/变更或被引用等顶级建模特征,9,2,0
679477319,A_MaterialTypeVendors,40,not_modeled,,non_top_level_record,虽有独立主键，但缺少名称、冻结/变更或被引用等顶级建模特征,9,2,0
679477357,A_MaxTimeWindowSetup,40,modeled,semiconductor_wip_control_ontology.json,modeled,存在与物理CDOName精确同名的本体类,31,14,0
679477447,A_MfgOrderMaterials,40,not_modeled,,non_top_level_record,虽有独立主键，但缺少名称、冻结/变更或被引用等顶级建模特征,10,2,0
679477358,A_MinTimeWindowSetup,40,modeled,semiconductor_wip_control_ontology.json,modeled,存在与物理CDOName精确同名的本体类,30,13,0
679477580,A_ModifyAttrsHistory,40,not_modeled,,runtime_or_history,名称显示为运行、历史、审计、缓存或日志表,13,1,1
679477581,A_ModifyAttrsHistoryDetails,40,not_modeled,,runtime_or_history,名称显示为运行、历史、审计、缓存或日志表,20,1,0
679477316,A_ModifyAttrsReason,40,modeled,semiconductor_carrier_material_tool_ontology.json,modeled,存在与物理CDOName精确同名的本体类,11,2,0
679477292,A_ModifyAttrsSetup,40,modeled,semiconductor_process_equipment_ontology.json,modeled,存在与物理CDOName精确同名的本体类,20,3,7
679477617,A_ModifyBinsHistory,40,not_modeled,,runtime_or_history,名称显示为运行、历史、审计、缓存或日志表,11,1,1
679477618,A_ModifyBinsHistoryDetails,40,not_modeled,,runtime_or_history,名称显示为运行、历史、审计、缓存或日志表,22,1,0
679477615,A_ModifyDefectsHistory,40,not_modeled,,runtime_or_history,名称显示为运行、历史、审计、缓存或日志表,11,1,1
679477616,A_ModifyDefectsHistoryDetails,40,not_modeled,,runtime_or_history,名称显示为运行、历史、审计、缓存或日志表,19,1,0
679477623,A_ModifyInsertionHistory,40,not_modeled,,runtime_or_history,名称显示为运行、历史、审计、缓存或日志表,9,1,2
679477624,A_ModifyInsertionHistoryDetail,40,not_modeled,,runtime_or_history,名称显示为运行、历史、审计、缓存或日志表,11,1,1
679477654,A_ModifyInsertionHistoryWafers,40,not_modeled,,runtime_or_history,名称显示为运行、历史、审计、缓存或日志表,12,2,0
679477652,A_ModifyItemsHistory,40,not_modeled,,runtime_or_history,名称显示为运行、历史、审计、缓存或日志表,14,1,1
679477653,A_ModifyItemsHistoryDetails,40,not_modeled,,runtime_or_history,名称显示为运行、历史、审计、缓存或日志表,21,1,0
679477584,A_ModifyMaterialsHistory,40,not_modeled,,runtime_or_history,名称显示为运行、历史、审计、缓存或日志表,12,1,1
679477585,A_ModifyMaterialsHistoryDetail,40,not_modeled,,runtime_or_history,名称显示为运行、历史、审计、缓存或日志表,28,1,0
679477635,A_ModifyTestedTestParamsHist,40,not_modeled,,runtime_or_history,名称显示为运行、历史、审计、缓存或日志表,11,1,1
679477634,A_ModifyTestedTestParamsHistD,40,not_modeled,,runtime_or_history,名称显示为运行、历史、审计、缓存或日志表,23,1,0
679477583,A_ModifyWaferRunNumbersHDetail,40,not_modeled,,child_or_association,名称显示为明细、映射、列表或参数子表,15,1,0
679477582,A_ModifyWaferRunNumbersHistory,40,not_modeled,,runtime_or_history,名称显示为运行、历史、审计、缓存或日志表,11,1,1
679477586,A_ModifyWafersHistory,40,not_modeled,,runtime_or_history,名称显示为运行、历史、审计、缓存或日志表,17,1,1
679477587,A_ModifyWafersHistoryDetails,40,not_modeled,,runtime_or_history,名称显示为运行、历史、审计、缓存或日志表,21,1,0
679477451,A_NumberingRuleTxnData,40,not_modeled,,runtime_or_history,名称显示为运行、历史、审计、缓存或日志表,10,1,0
679477450,A_NumberingRuleValues,40,not_modeled,,non_top_level_record,虽有独立主键，但缺少名称、冻结/变更或被引用等顶级建模特征,8,1,0
679477276,A_OperationGroup,40,modeled,semiconductor_foundation_ontology.json,modeled,存在与物理CDOName精确同名的本体类,11,2,1
679477260,A_PackageGroup,40,modeled,semiconductor_print_pack_ship_ontology.json,modeled,存在与物理CDOName精确同名的本体类,11,2,2
679477261,A_PackageGroupDetails,40,not_modeled,,child_or_association,名称显示为明细、映射、列表或参数子表,9,1,0
679477436,A_PackingQty,40,modeled,semiconductor_print_pack_ship_ontology.json,modeled,存在与物理CDOName精确同名的本体类,14,4,0
679477322,A_PackingType,40,modeled,semiconductor_print_pack_ship_ontology.json,modeled,存在与物理CDOName精确同名的本体类,11,2,7
679477279,A_ParamName,40,modeled,semiconductor_carrier_material_tool_ontology.json,modeled,存在与物理CDOName精确同名的本体类,14,2,6
679477561,A_PartRequestOrder,csi,not_modeled,,runtime_or_history,名称显示为运行、历史、审计、缓存或日志表,18,3,3
679477562,A_PartRequestOrderMaterialPart,csi,not_modeled,,runtime_or_history,名称显示为运行、历史、审计、缓存或日志表,9,2,0
679477563,A_PartRequestOrderPart,csi,not_modeled,,runtime_or_history,名称显示为运行、历史、审计、缓存或日志表,10,3,0
679477671,A_PartTxnHistory,csi,not_modeled,,runtime_or_history,名称显示为运行、历史、审计、缓存或日志表,18,3,1
679477672,A_PartTxnHistoryDetail,csi,not_modeled,,runtime_or_history,名称显示为运行、历史、审计、缓存或日志表,16,5,0
679477344,A_PDABins,40,not_modeled,,non_top_level_record,虽有独立主键，但缺少名称、冻结/变更或被引用等顶级建模特征,9,1,0
679477341,A_PDALimits,40,modeled,semiconductor_quality_iqc_ontology.json,modeled,存在与物理CDOName精确同名的本体类,21,11,4
679477345,A_PDALossReasons,40,not_modeled,,non_top_level_record,虽有独立主键，但缺少名称、冻结/变更或被引用等顶级建模特征,9,2,0
679477343,A_PDASmallLotLimits,40,not_modeled,,non_top_level_record,虽有独立主键，但缺少名称、冻结/变更或被引用等顶级建模特征,8,1,1
679477346,A_PDASmallLotLimitsDetails,40,not_modeled,,child_or_association,名称显示为明细、映射、列表或参数子表,10,1,0
679477342,A_PDAUpperLimits,40,not_modeled,,non_top_level_record,虽有独立主键，但缺少名称、冻结/变更或被引用等顶级建模特征,10,1,0
679477477,A_PhysicalLocation,csi,modeled,semiconductor_shared_support_ontology.json,modeled,存在与物理CDOName精确同名的本体类,12,2,9
679477479,A_PhysicalLocationPosition,csi,modeled,semiconductor_physical_resource_replacements_ontology.json,modeled,存在与物理CDOName精确同名的本体类,8,2,0
679477478,A_PhysicalPosition,csi,modeled,semiconductor_physical_resource_replacements_ontology.json,modeled,存在与物理CDOName精确同名的本体类,11,2,5
679477544,A_PrintData,40,modeled,semiconductor_print_pack_ship_ontology.json,modeled,存在与物理CDOName精确同名的本体类,26,4,1
679477542,A_PrintDataItem,40,modeled,semiconductor_print_interface_details_ontology.json,modeled,存在与物理CDOName精确同名的本体类,32,8,1
679477543,A_PrintDataItemParams,40,modeled,semiconductor_print_interface_details_ontology.json,modeled,存在与物理CDOName精确同名的本体类,10,1,0
679477306,A_Printer,40,modeled,semiconductor_print_pack_ship_ontology.json,modeled,存在与物理CDOName精确同名的本体类,18,3,2
679477305,A_PrinterType,40,modeled,semiconductor_print_pack_ship_ontology.json,modeled,存在与物理CDOName精确同名的本体类,12,3,1
679477308,A_PrintingAutomation,40,modeled,semiconductor_print_pack_ship_ontology.json,modeled,存在与物理CDOName精确同名的本体类,15,3,1
679477309,A_PrintingAutomationDetails,40,not_modeled,,child_or_association,名称显示为明细、映射、列表或参数子表,9,2,0
679477307,A_PrintingComputer,40,modeled,semiconductor_print_pack_ship_ontology.json,modeled,存在与物理CDOName精确同名的本体类,13,3,1
679477311,A_PrintingComputerDetails,40,not_modeled,,child_or_association,名称显示为明细、映射、列表或参数子表,9,2,0
679477336,A_PrintingConnection,40,modeled,semiconductor_print_pack_ship_ontology.json,modeled,存在与物理CDOName精确同名的本体类,15,2,1
679477268,A_PrintingSetup,40,modeled,semiconductor_print_pack_ship_ontology.json,modeled,存在与物理CDOName精确同名的本体类,18,4,11
679477303,A_PrintingSetupParameters,40,modeled,semiconductor_print_interface_details_ontology.json,modeled,存在与物理CDOName精确同名的本体类,18,1,0
679477304,A_PrintingSetupQueries,40,not_modeled,,non_top_level_record,虽有独立主键，但缺少名称、冻结/变更或被引用等顶级建模特征,10,1,0
679477411,A_PrintingSetupSubsets,40,not_modeled,,non_top_level_record,虽有独立主键，但缺少名称、冻结/变更或被引用等顶级建模特征,9,2,0
679477302,A_PrintingType,40,modeled,semiconductor_print_pack_ship_ontology.json,modeled,存在与物理CDOName精确同名的本体类,11,2,2
679477328,A_ProcessArea,40,modeled,semiconductor_foundation_ontology.json,modeled,存在与物理CDOName精确同名的本体类,11,2,0
679477680,A_ProcessCapability,40,modeled,semiconductor_process_equipment_ontology.json,modeled,存在与物理CDOName精确同名的本体类,12,2,4
679477380,A_ProcessCode,40,modeled,semiconductor_foundation_ontology.json,modeled,存在与物理CDOName精确同名的本体类,11,2,3
679477384,A_ProcessCodeData,40,not_modeled,,non_top_level_record,虽有独立主键，但缺少名称、冻结/变更或被引用等顶级建模特征,9,2,0
679477383,A_ProcessCodeParams,40,modeled,semiconductor_process_wip_details_ontology.json,modeled,存在与物理CDOName精确同名的本体类,10,1,0
679477381,A_ProcessData,40,modeled,semiconductor_carrier_material_tool_ontology.json,modeled,存在与物理CDOName精确同名的本体类,11,2,4
679477382,A_ProcessDataDetails,40,modeled,semiconductor_process_wip_details_ontology.json,modeled,存在与物理CDOName精确同名的本体类,10,1,0
679477258,A_ProcessSpec,40,modeled,semiconductor_process_equipment_ontology.json,modeled,存在与物理CDOName精确同名的本体类,32,9,47
679477257,A_ProcessSpecBase,40,modeled,semiconductor_cio_bases_ontology.json,modeled,存在与物理CDOName精确同名的本体类,7,1,1
679477334,A_ProcessSpecBins,40,modeled,semiconductor_quality_iqc_ontology.json,modeled,存在与物理CDOName精确同名的本体类,18,6,1
679477335,A_ProcessSpecBinsDetails,40,not_modeled,,child_or_association,名称显示为明细、映射、列表或参数子表,12,1,0
679477386,A_ProcessSpecData,40,not_modeled,,non_top_level_record,虽有独立主键，但缺少名称、冻结/变更或被引用等顶级建模特征,9,2,0
679477262,A_ProcessSpecDetails,40,modeled,semiconductor_process_wip_details_ontology.json,modeled,存在与物理CDOName精确同名的本体类,65,24,7
681574510,A_ProcessSpecDetailsAction,40,modeled,semiconductor_process_wip_details_ontology.json,modeled,存在与物理CDOName精确同名的本体类,19,4,0
679477385,A_ProcessSpecDetailsData,40,not_modeled,,child_or_association,名称显示为明细、映射、列表或参数子表,9,2,0
679477265,A_ProcessSpecDetailsParams,40,modeled,semiconductor_process_wip_details_ontology.json,modeled,存在与物理CDOName精确同名的本体类,12,2,0
681574426,A_ProcessSpecDetailsss_Instruc,40,not_modeled,,child_or_association,名称显示为明细、映射、列表或参数子表,5,2,0
679477264,A_ProcessSpecParams,40,modeled,semiconductor_process_wip_details_ontology.json,modeled,存在与物理CDOName精确同名的本体类,12,2,0
681574425,A_ProcessSpecss_InstructionVar,40,not_modeled,,internal_or_unclassified,缺少顶级建模实体的稳定特征,5,2,0
679477278,A_ProcessSpecStatus,40,modeled,semiconductor_process_equipment_ontology.json,modeled,存在与物理CDOName精确同名的本体类,12,2,1
679477287,A_ProcessType,40,modeled,semiconductor_foundation_ontology.json,modeled,存在与物理CDOName精确同名的本体类,11,2,28
679477266,A_ProcessTypes,40,not_modeled,,non_top_level_record,虽有独立主键，但缺少名称、冻结/变更或被引用等顶级建模特征,22,13,0
679477379,A_ProductBinList,40,not_modeled,,non_top_level_record,虽有独立主键，但缺少名称、冻结/变更或被引用等顶级建模特征,12,3,0
679477441,A_ProductBOM,40,modeled,semiconductor_carrier_material_tool_ontology.json,modeled,存在与物理CDOName精确同名的本体类,18,7,8
679477440,A_ProductBOMBase,40,modeled,semiconductor_cio_bases_ontology.json,modeled,存在与物理CDOName精确同名的本体类,6,1,1
679477378,A_ProductBOMList,40,not_modeled,,non_top_level_record,虽有独立主键，但缺少名称、冻结/变更或被引用等顶级建模特征,10,2,0
679477442,A_ProductBOMMaterialList,40,modeled,semiconductor_process_wip_details_ontology.json,modeled,存在与物理CDOName精确同名的本体类,46,9,1
679477389,A_ProductBOMMaterialListAlt,40,not_modeled,,child_or_association,名称显示为明细、映射、列表或参数子表,14,6,5
679477293,A_ProductLine,40,modeled,semiconductor_foundation_ontology.json,modeled,存在与物理CDOName精确同名的本体类,11,2,13
679477427,A_ProductProcessSpecList,40,not_modeled,,non_top_level_record,虽有独立主键，但缺少名称、冻结/变更或被引用等顶级建模特征,16,2,0
679477428,A_ProductSortingGrades,40,not_modeled,,non_top_level_record,虽有独立主键，但缺少名称、冻结/变更或被引用等顶级建模特征,11,3,0
679477698,A_ProductSubProductList,40,not_modeled,,non_top_level_record,虽有独立主键，但缺少名称、冻结/变更或被引用等顶级建模特征,8,2,0
679477683,A_RecipeMatrix,40,modeled,semiconductor_process_equipment_ontology.json,modeled,存在与物理CDOName精确同名的本体类,30,14,0
679477277,A_RejectCategory,40,modeled,semiconductor_quality_iqc_ontology.json,modeled,存在与物理CDOName精确同名的本体类,11,2,5
679477620,A_RejectLotHistory,40,not_modeled,,runtime_or_history,名称显示为运行、历史、审计、缓存或日志表,10,1,1
679477619,A_RejectLotHistoryDetails,40,not_modeled,,runtime_or_history,名称显示为运行、历史、审计、缓存或日志表,40,2,1
679477363,A_ResortNoteCode,40,modeled,semiconductor_quality_iqc_ontology.json,modeled,存在与物理CDOName精确同名的本体类,11,2,3
679477481,A_ResourceBOM,csi,modeled,semiconductor_physical_resource_replacements_ontology.json,modeled,存在与物理CDOName精确同名的本体类,16,5,5
679477480,A_ResourceBOMBase,csi,modeled,semiconductor_physical_resource_replacements_ontology.json,modeled,存在与物理CDOName精确同名的本体类,6,1,1
679477482,A_ResourceBOMMaterialListItem,csi,not_modeled,,child_or_association,名称显示为明细、映射、列表或参数子表,43,6,0
679477422,A_ResourceIcon,40,modeled,semiconductor_carrier_material_tool_ontology.json,modeled,存在与物理CDOName精确同名的本体类,14,2,1
679477564,A_ResourcePart,csi,not_modeled,,non_top_level_record,虽有独立主键，但缺少名称、冻结/变更或被引用等顶级建模特征,10,3,0
689963134,A_ResourceStatusHistoryDetails,csi,not_modeled,,runtime_or_history,名称显示为运行、历史、审计、缓存或日志表,11,2,0
679477461,A_RoleAccess,40,not_modeled,,non_top_level_record,虽有独立主键，但缺少名称、冻结/变更或被引用等顶级建模特征,11,5,0
679477452,A_RunNumberSetup,40,modeled,semiconductor_wip_control_ontology.json,modeled,存在与物理CDOName精确同名的本体类,13,3,11
679477453,A_RunNumberSetupData,40,modeled,semiconductor_print_interface_details_ontology.json,modeled,存在与物理CDOName精确同名的本体类,16,5,0
679477483,A_SamplingPlanSetup,40,modeled,semiconductor_spc_yield_ontology.json,modeled,存在与物理CDOName精确同名的本体类,17,7,0
679477503,A_ScanningData,40,not_modeled,,runtime_or_history,名称显示为运行、历史、审计、缓存或日志表,26,6,1
679477576,A_ScanningDataHistory,40,not_modeled,,runtime_or_history,名称显示为运行、历史、审计、缓存或日志表,27,7,0
679477588,A_ScanningLotHistory,40,not_modeled,,runtime_or_history,名称显示为运行、历史、审计、缓存或日志表,9,1,1
679477589,A_ScanningLotHistoryDetails,40,not_modeled,,runtime_or_history,名称显示为运行、历史、审计、缓存或日志表,9,1,0
679477301,A_ScanningName,40,modeled,semiconductor_service_location_ontology.json,modeled,存在与物理CDOName精确同名的本体类,13,2,4
679477310,A_ScanningNameDetails,40,not_modeled,,child_or_association,名称显示为明细、映射、列表或参数子表,9,2,0
679477299,A_ScanningSetup,40,modeled,semiconductor_service_location_ontology.json,modeled,存在与物理CDOName精确同名的本体类,15,3,1
679477300,A_ScanningSetupDetails,40,not_modeled,,child_or_association,名称显示为明细、映射、列表或参数子表,9,2,0
679477502,A_ScheduleData,40,not_modeled,,runtime_or_history,名称显示为运行、历史、审计、缓存或日志表,88,23,14
679477590,A_ScheduleDataHistory,40,not_modeled,,runtime_or_history,名称显示为运行、历史、审计、缓存或日志表,93,22,12
681574418,A_ScheduleDataHistoryToWorkflo,40,not_modeled,,runtime_or_history,名称显示为运行、历史、审计、缓存或日志表,5,2,0
681574417,A_ScheduleDataHistoryWfStack,40,not_modeled,,runtime_or_history,名称显示为运行、历史、审计、缓存或日志表,5,2,0
681574420,A_ScheduleDataToWorkflowStack,40,not_modeled,,runtime_or_history,名称显示为运行、历史、审计、缓存或日志表,5,2,0
681574419,A_ScheduleDataWfStack,40,not_modeled,,runtime_or_history,名称显示为运行、历史、审计、缓存或日志表,5,2,0
679477509,A_ScheduleInProcessSplit,40,not_modeled,,non_top_level_record,虽有独立主键，但缺少名称、冻结/变更或被引用等顶级建模特征,16,2,0
679477592,A_ScheduleInProcessSplitHistor,40,not_modeled,,runtime_or_history,名称显示为运行、历史、审计、缓存或日志表,16,2,0
679477435,A_ScheduleInstructions,40,modeled,semiconductor_scheduling_flow_ontology.json,modeled,存在与物理CDOName精确同名的本体类,16,6,0
679477507,A_ScheduleLots,40,not_modeled,,non_top_level_record,虽有独立主键，但缺少名称、冻结/变更或被引用等顶级建模特征,14,6,0
679477593,A_ScheduleLotsHistory,40,not_modeled,,runtime_or_history,名称显示为运行、历史、审计、缓存或日志表,14,6,0
679477514,A_ScheduleMoveData,40,not_modeled,,non_top_level_record,虽有独立主键，但缺少名称、冻结/变更或被引用等顶级建模特征,19,2,0
679477611,A_ScheduleMoveDataHistory,40,not_modeled,,runtime_or_history,名称显示为运行、历史、审计、缓存或日志表,19,2,0
679477510,A_SchedulePacking,40,not_modeled,,non_top_level_record,虽有独立主键，但缺少名称、冻结/变更或被引用等顶级建模特征,15,2,0
679477594,A_SchedulePackingHistory,40,not_modeled,,runtime_or_history,名称显示为运行、历史、审计、缓存或日志表,15,2,0
679477511,A_ScheduleSS,40,not_modeled,,non_top_level_record,虽有独立主键，但缺少名称、冻结/变更或被引用等顶级建模特征,24,10,1
679477595,A_ScheduleSSHistory,40,not_modeled,,runtime_or_history,名称显示为运行、历史、审计、缓存或日志表,34,10,0
679477394,A_ScheduleSSPlan,40,modeled,semiconductor_wip_control_ontology.json,modeled,存在与物理CDOName精确同名的本体类,11,2,4
679477395,A_ScheduleSSPlanDetails,40,not_modeled,,child_or_association,名称显示为明细、映射、列表或参数子表,16,6,0
679477508,A_ScheduleTestParams,40,not_modeled,,child_or_association,名称显示为明细、映射、列表或参数子表,15,4,0
679477596,A_ScheduleTestParamsHistory,40,not_modeled,,runtime_or_history,名称显示为运行、历史、审计、缓存或日志表,15,4,0
679477551,A_ScheduleTraveler,40,not_modeled,,runtime_or_history,名称显示为运行、历史、审计、缓存或日志表,20,5,1
679477655,A_ScheduleTravelerHistory,40,not_modeled,,runtime_or_history,名称显示为运行、历史、审计、缓存或日志表,20,5,1
679477552,A_ScheduleTravelerParams,40,not_modeled,,runtime_or_history,名称显示为运行、历史、审计、缓存或日志表,10,1,0
679477658,A_ScheduleTravelerParamsHistor,40,not_modeled,,runtime_or_history,名称显示为运行、历史、审计、缓存或日志表,10,1,0
679477512,A_ScheduleWafers,40,not_modeled,,non_top_level_record,虽有独立主键，但缺少名称、冻结/变更或被引用等顶级建模特征,13,2,0
679477602,A_ScheduleWafersHistory,40,not_modeled,,runtime_or_history,名称显示为运行、历史、审计、缓存或日志表,13,2,0
679477506,A_ScheduleWIPLots,40,not_modeled,,non_top_level_record,虽有独立主键，但缺少名称、冻结/变更或被引用等顶级建模特征,9,2,0
679477591,A_ScheduleWIPLotsHistory,40,not_modeled,,runtime_or_history,名称显示为运行、历史、审计、缓存或日志表,9,2,0
679477294,A_ServiceAttrsSetup,40,modeled,semiconductor_service_location_ontology.json,modeled,存在与物理CDOName精确同名的本体类,15,5,1
679477295,A_ServiceAttrsSetupDetails,40,not_modeled,,child_or_association,名称显示为明细、映射、列表或参数子表,20,2,1
679477431,A_ServiceRules,40,modeled,semiconductor_service_location_ontology.json,modeled,存在与物理CDOName精确同名的本体类,13,2,2
679477432,A_ServiceRulesValidations,40,modeled,semiconductor_print_interface_details_ontology.json,modeled,存在与物理CDOName精确同名的本体类,15,1,0
679477326,A_ServiceSetup,40,modeled,semiconductor_service_location_ontology.json,modeled,存在与物理CDOName精确同名的本体类,15,4,4
679477457,A_ServiceSetupBusinessRules,40,modeled,semiconductor_print_interface_details_ontology.json,modeled,存在与物理CDOName精确同名的本体类,9,2,0
679477426,A_ServiceSetupPopUps,40,not_modeled,,non_top_level_record,虽有独立主键，但缺少名称、冻结/变更或被引用等顶级建模特征,11,1,0
679477327,A_ServiceSetupQueries,40,not_modeled,,non_top_level_record,虽有独立主键，但缺少名称、冻结/变更或被引用等顶级建模特征,10,2,0
679477433,A_ServiceSetupRules,40,not_modeled,,non_top_level_record,虽有独立主键，但缺少名称、冻结/变更或被引用等顶级建模特征,8,2,0
679477605,A_SetTestProgramHistory,40,not_modeled,,runtime_or_history,名称显示为运行、历史、审计、缓存或日志表,17,1,0
679477448,A_SetupAccess,csi,modeled,semiconductor_foundation_ontology.json,modeled,存在与物理CDOName精确同名的本体类,10,1,369
679477578,A_ShipCancelLotHistory,40,not_modeled,,runtime_or_history,名称显示为运行、历史、审计、缓存或日志表,18,1,0
679477504,A_ShipErrors,40,modeled,semiconductor_shipping_integration_ontology.json,modeled,存在与物理CDOName精确同名的本体类,30,2,0
679477579,A_ShipErrorsHistory,40,not_modeled,,runtime_or_history,名称显示为运行、历史、审计、缓存或日志表,26,0,0
679477314,A_ShipFactoryCode,40,modeled,semiconductor_print_pack_ship_ontology.json,modeled,存在与物理CDOName精确同名的本体类,11,2,1
679477284,A_ShipFromFactory,40,modeled,semiconductor_shipping_integration_ontology.json,modeled,存在与物理CDOName精确同名的本体类,12,3,3
679477285,A_ShipFromFactoryDetails,40,not_modeled,,child_or_association,名称显示为明细、映射、列表或参数子表,11,4,0
679477577,A_ShipLotHistory,40,not_modeled,,runtime_or_history,名称显示为运行、历史、审计、缓存或日志表,18,1,0
679477313,A_ShipPlantCode,40,modeled,semiconductor_shipping_integration_ontology.json,modeled,存在与物理CDOName精确同名的本体类,11,2,1
679477275,A_ShipToFactory,40,modeled,semiconductor_shipping_integration_ontology.json,modeled,存在与物理CDOName精确同名的本体类,13,3,4
679477282,A_ShipToFactoryDetails,40,not_modeled,,child_or_association,名称显示为明细、映射、列表或参数子表,12,3,0
679477274,A_ShipToProcess,40,modeled,semiconductor_shipping_integration_ontology.json,modeled,存在与物理CDOName精确同名的本体类,11,2,3
679477682,A_SlotMap,40,not_modeled,,child_or_association,名称显示为明细、映射、列表或参数子表,12,3,1
679477360,A_SortIQCLotCheck,40,modeled,semiconductor_quality_iqc_ontology.json,modeled,存在与物理CDOName精确同名的本体类,11,2,1
679477361,A_SortIQCWaferCheck,40,modeled,semiconductor_quality_iqc_ontology.json,modeled,存在与物理CDOName精确同名的本体类,11,2,1
679477362,A_SortNoteCode,40,modeled,semiconductor_quality_iqc_ontology.json,modeled,存在与物理CDOName精确同名的本体类,11,2,3
679477364,A_SortSQAFailure,40,modeled,semiconductor_quality_iqc_ontology.json,modeled,存在与物理CDOName精确同名的本体类,11,2,1
679477366,A_SPCChart,csi,modeled,semiconductor_user_job_spc_configuration_ontology.json,modeled,存在与物理CDOName精确同名的本体类,12,2,5
679477371,A_SPCChartParams,csi,not_modeled,,child_or_association,名称显示为明细、映射、列表或参数子表,12,1,0
679477359,A_SPCConnection,csi,modeled,semiconductor_spc_yield_ontology.json,modeled,存在与物理CDOName精确同名的本体类,18,2,2
679477464,A_SPCExcludeReason,40,modeled,semiconductor_spc_yield_ontology.json,modeled,存在与物理CDOName精确同名的本体类,11,2,1
679477367,A_SPCMacro,40,modeled,semiconductor_spc_yield_ontology.json,modeled,存在与物理CDOName精确同名的本体类,12,2,1
679477434,A_SPCMatrix,40,modeled,semiconductor_spc_yield_ontology.json,modeled,存在与物理CDOName精确同名的本体类,27,14,6
679477465,A_SPCMatrixParams,40,modeled,semiconductor_spc_quality_details_ontology.json,modeled,存在与物理CDOName精确同名的本体类,10,1,0
681574430,A_SPCMatrixss_CustomSPCGridFil,40,not_modeled,,internal_or_unclassified,缺少顶级建模实体的稳定特征,5,2,0
679477365,A_SPCRules,40,modeled,semiconductor_spc_yield_ontology.json,modeled,存在与物理CDOName精确同名的本体类,11,2,5
679477370,A_SPCRulesParams,40,modeled,semiconductor_spc_quality_details_ontology.json,modeled,存在与物理CDOName精确同名的本体类,10,1,0
679477368,A_SPCSetup,40,modeled,semiconductor_spc_yield_ontology.json,modeled,存在与物理CDOName精确同名的本体类,30,11,10
679477369,A_SPCSetupDetails,40,modeled,semiconductor_spc_quality_details_ontology.json,modeled,存在与物理CDOName精确同名的本体类,34,8,4
679477374,A_SPCSetupDetailsData,40,not_modeled,,child_or_association,名称显示为明细、映射、列表或参数子表,10,1,0
681574519,A_SPCSetupDetailsInlineParam,40,modeled,semiconductor_spc_quality_details_ontology.json,modeled,存在与物理CDOName精确同名的本体类,11,1,0
679477375,A_SPCSetupDetailsParams,40,modeled,semiconductor_spc_quality_details_ontology.json,modeled,存在与物理CDOName精确同名的本体类,12,1,0
681574517,A_SPCSetupDetailsTitle,40,modeled,semiconductor_spc_quality_details_ontology.json,modeled,存在与物理CDOName精确同名的本体类,10,1,0
679477373,A_SPCSetupParams,40,modeled,semiconductor_spc_quality_details_ontology.json,modeled,存在与物理CDOName精确同名的本体类,11,1,0
679477372,A_SPCSetupQuery,40,not_modeled,,non_top_level_record,虽有独立主键，但缺少名称、冻结/变更或被引用等顶级建模特征,9,2,0
679477458,A_SPCTxnData,40,not_modeled,,runtime_or_history,名称显示为运行、历史、审计、缓存或日志表,40,11,3
679477463,A_SPCTxnDataDetails,40,not_modeled,,runtime_or_history,名称显示为运行、历史、审计、缓存或日志表,29,7,2
679477460,A_SPCTxnDataMessages,40,not_modeled,,runtime_or_history,名称显示为运行、历史、审计、缓存或日志表,8,1,0
679477459,A_SPCTxnDataParams,40,not_modeled,,runtime_or_history,名称显示为运行、历史、审计、缓存或日志表,9,1,0
679477462,A_SPCTxnDataPoint,40,not_modeled,,runtime_or_history,名称显示为运行、历史、审计、缓存或日志表,17,4,0
681574518,A_SPCWIPDataMatrixParams,40,modeled,semiconductor_spc_quality_details_ontology.json,modeled,存在与物理CDOName精确同名的本体类,10,1,0
679477354,A_SpecHoldLocations,40,not_modeled,,non_top_level_record,虽有独立主键，但缺少名称、冻结/变更或被引用等顶级建模特征,9,2,0
679477430,A_SpecYieldTypes,40,not_modeled,,non_top_level_record,虽有独立主键，但缺少名称、冻结/变更或被引用等顶级建模特征,13,6,0
679477598,A_SplitWafersHistoryDetails,40,not_modeled,,runtime_or_history,名称显示为运行、历史、审计、缓存或日志表,22,2,1
689963086,A_StatusModelDetail,csi,not_modeled,,child_or_association,名称显示为明细、映射、列表或参数子表,14,4,1
689963087,A_StatusModelDetailToReason,csi,not_modeled,,child_or_association,名称显示为明细、映射、列表或参数子表,9,3,0
679477325,A_StepCycleTimeSetup,40,modeled,semiconductor_scheduling_flow_ontology.json,modeled,存在与物理CDOName精确同名的本体类,17,7,0
679477289,A_StepLogic,40,modeled,semiconductor_scheduling_flow_ontology.json,modeled,存在与物理CDOName精确同名的本体类,26,9,1
679477685,A_SubRecipes,40,not_modeled,,non_top_level_record,虽有独立主键，但缺少名称、冻结/变更或被引用等顶级建模特征,12,2,0
679477387,A_TerminateAccount,40,modeled,semiconductor_service_location_ontology.json,modeled,存在与物理CDOName精确同名的本体类,11,2,0
679477280,A_TerminateReason,40,modeled,semiconductor_service_location_ontology.json,modeled,存在与物理CDOName精确同名的本体类,12,2,1
679477607,A_TestCorrelationHistory,40,not_modeled,,runtime_or_history,名称显示为运行、历史、审计、缓存或日志表,17,2,0
679477348,A_TestIQCOption,40,modeled,semiconductor_quality_iqc_ontology.json,modeled,存在与物理CDOName精确同名的本体类,25,2,1
679477349,A_TestIQCParams,40,modeled,semiconductor_quality_iqc_ontology.json,modeled,存在与物理CDOName精确同名的本体类,12,2,1
679477350,A_TestIQCParamsDetails,40,modeled,semiconductor_spc_quality_details_ontology.json,modeled,存在与物理CDOName精确同名的本体类,9,1,0
679477352,A_TestIQCRuntimeData,40,not_modeled,,runtime_or_history,名称显示为运行、历史、审计、缓存或日志表,24,3,0
679477351,A_TestIQCSetup,40,modeled,semiconductor_quality_iqc_ontology.json,modeled,存在与物理CDOName精确同名的本体类,29,4,1
679477437,A_TestProgramSetup,40,modeled,semiconductor_process_equipment_ontology.json,modeled,存在与物理CDOName精确同名的本体类,16,7,1
679477438,A_TestProgramSetupDetails,40,modeled,semiconductor_process_wip_details_ontology.json,modeled,存在与物理CDOName精确同名的本体类,13,2,0
679477408,A_ToolPlan,csi,modeled,tool_ontology.json,modeled,存在与物理CDOName精确同名的本体类,13,3,10
689963046,A_ToolPlanDetails,csi,modeled,tool_ontology.json,modeled,存在与物理CDOName精确同名的本体类,13,4,0
679477409,A_ToolPlanItem,40,modeled,semiconductor_process_wip_details_ontology.json,modeled,存在与物理CDOName精确同名的本体类,13,2,1
679477410,A_ToolPlanItemDetails,40,not_modeled,,child_or_association,名称显示为明细、映射、列表或参数子表,11,3,0
679477679,A_ToolPlanMatrix,40,modeled,semiconductor_carrier_material_tool_ontology.json,modeled,存在与物理CDOName精确同名的本体类,26,11,0
679477609,A_TrackInLotHistory,40,not_modeled,,runtime_or_history,名称显示为运行、历史、审计、缓存或日志表,15,2,2
679477610,A_TrackInLotHistoryDetails,40,not_modeled,,runtime_or_history,名称显示为运行、历史、审计、缓存或日志表,11,1,0
679477647,A_TrackInLotHistoryWafers,40,not_modeled,,runtime_or_history,名称显示为运行、历史、审计、缓存或日志表,12,1,0
679477612,A_TrackOutLotHistory,40,not_modeled,,runtime_or_history,名称显示为运行、历史、审计、缓存或日志表,15,1,1
679477648,A_TrackOutLotHistoryWafers,40,not_modeled,,runtime_or_history,名称显示为运行、历史、审计、缓存或日志表,14,1,0
679477323,A_UnTerminateReason,40,modeled,semiconductor_service_location_ontology.json,modeled,存在与物理CDOName精确同名的本体类,11,2,0
679477315,A_UTAReason,40,modeled,semiconductor_service_location_ontology.json,modeled,存在与物理CDOName精确同名的本体类,11,2,1
679477355,A_VarianceReason,40,modeled,semiconductor_quality_iqc_ontology.json,modeled,存在与物理CDOName精确同名的本体类,11,2,3
679477439,A_WaferAttributeSetup,40,modeled,semiconductor_wafer_experiment_ontology.json,modeled,存在与物理CDOName精确同名的本体类,12,2,9
679477664,A_WaferMapHistoryDetails,40,not_modeled,,runtime_or_history,名称显示为运行、历史、审计、缓存或日志表,26,6,0
679477420,A_WIPDataDisplayFilter,40,modeled,semiconductor_wip_control_ontology.json,modeled,存在与物理CDOName精确同名的本体类,11,2,1
679477330,A_WIPDataName,40,modeled,semiconductor_wip_control_ontology.json,modeled,存在与物理CDOName精确同名的本体类,13,3,12
679477267,A_WIPDataSetup,40,modeled,semiconductor_wip_control_ontology.json,modeled,存在与物理CDOName精确同名的本体类,28,12,19
679477331,A_WIPDataSetupDetails,40,modeled,semiconductor_process_wip_details_ontology.json,modeled,存在与物理CDOName精确同名的本体类,48,22,3
679477332,A_WIPDataSetupDetailsValues,40,not_modeled,,runtime_or_history,名称显示为运行、历史、审计、缓存或日志表,8,1,0
679477492,A_WIPEquipment,40,not_modeled,,runtime_or_history,名称显示为运行、历史、审计、缓存或日志表,75,16,9
679477494,A_WIPEquipmentBins,40,not_modeled,,runtime_or_history,名称显示为运行、历史、审计、缓存或日志表,19,3,0
679477566,A_WIPEquipmentBinsHistory,40,not_modeled,,runtime_or_history,名称显示为运行、历史、审计、缓存或日志表,19,3,0
679477498,A_WIPEquipmentData,40,not_modeled,,runtime_or_history,名称显示为运行、历史、审计、缓存或日志表,41,17,0
679477575,A_WIPEquipmentDataHistory,40,not_modeled,,runtime_or_history,名称显示为运行、历史、审计、缓存或日志表,33,8,0
679477565,A_WIPEquipmentHistory,40,not_modeled,,runtime_or_history,名称显示为运行、历史、审计、缓存或日志表,74,15,7
681574507,A_WIPEquipmentLPorts,40,not_modeled,,runtime_or_history,名称显示为运行、历史、审计、缓存或日志表,8,1,0
681574508,A_WIPEquipmentLPortsHistory,40,not_modeled,,runtime_or_history,名称显示为运行、历史、审计、缓存或日志表,9,1,0
679477495,A_WIPEquipmentParams,40,not_modeled,,runtime_or_history,名称显示为运行、历史、审计、缓存或日志表,15,3,0
679477567,A_WIPEquipmentParamsHistory,40,not_modeled,,runtime_or_history,名称显示为运行、历史、审计、缓存或日志表,15,3,0
679477493,A_WIPEquipmentRejects,40,not_modeled,,runtime_or_history,名称显示为运行、历史、审计、缓存或日志表,34,5,0
679477568,A_WIPEquipmentRejectsHistory,40,not_modeled,,runtime_or_history,名称显示为运行、历史、审计、缓存或日志表,34,5,0
679477553,A_WIPEquipmentTools,40,not_modeled,,runtime_or_history,名称显示为运行、历史、审计、缓存或日志表,10,1,0
679477662,A_WIPEquipmentToolsHistory,40,not_modeled,,runtime_or_history,名称显示为运行、历史、审计、缓存或日志表,10,1,0
679477539,A_WIPEquipmentWafers,40,not_modeled,,runtime_or_history,名称显示为运行、历史、审计、缓存或日志表,19,1,0
679477645,A_WIPEquipmentWafersHistory,40,not_modeled,,runtime_or_history,名称显示为运行、历史、审计、缓存或日志表,19,1,0
679477449,A_WIPInstructions,40,modeled,semiconductor_wip_control_ontology.json,modeled,存在与物理CDOName精确同名的本体类,25,8,0
679477487,A_WIPLot,40,not_modeled,,runtime_or_history,名称显示为运行、历史、审计、缓存或日志表,94,7,7
679477490,A_WIPLotBins,40,not_modeled,,runtime_or_history,名称显示为运行、历史、审计、缓存或日志表,20,3,0
679477570,A_WIPLotBinsHistory,40,not_modeled,,runtime_or_history,名称显示为运行、历史、审计、缓存或日志表,21,3,0
679477497,A_WIPLotData,40,not_modeled,,runtime_or_history,名称显示为运行、历史、审计、缓存或日志表,43,19,0
679477574,A_WIPLotDataHistory,40,not_modeled,,runtime_or_history,名称显示为运行、历史、审计、缓存或日志表,36,10,0
679477488,A_WIPLotDetails,40,not_modeled,,runtime_or_history,名称显示为运行、历史、审计、缓存或日志表,55,2,8
679477518,A_WIPLotDetailsData,40,not_modeled,,runtime_or_history,名称显示为运行、历史、审计、缓存或日志表,46,20,0
679477622,A_WIPLotDetailsDataHistory,40,not_modeled,,runtime_or_history,名称显示为运行、历史、审计、缓存或日志表,39,11,0
679477571,A_WIPLotDetailsHistory,40,not_modeled,,runtime_or_history,名称显示为运行、历史、审计、缓存或日志表,53,2,5
679477517,A_WIPLotDetailsTemp,40,not_modeled,,runtime_or_history,名称显示为运行、历史、审计、缓存或日志表,16,2,1
679477537,A_WIPLotDetailsTempData,40,not_modeled,,runtime_or_history,名称显示为运行、历史、审计、缓存或日志表,23,8,0
679477536,A_WIPLotDetailsTempValidQtys,40,not_modeled,,runtime_or_history,名称显示为运行、历史、审计、缓存或日志表,9,1,0
679477540,A_WIPLotDetailsWafers,40,not_modeled,,runtime_or_history,名称显示为运行、历史、审计、缓存或日志表,27,2,1
679477646,A_WIPLotDetailsWafersHistory,40,not_modeled,,runtime_or_history,名称显示为运行、历史、审计、缓存或日志表,27,2,0
679477491,A_WIPLotFailures,40,not_modeled,,runtime_or_history,名称显示为运行、历史、审计、缓存或日志表,30,6,0
679477572,A_WIPLotFailuresHistory,40,not_modeled,,runtime_or_history,名称显示为运行、历史、审计、缓存或日志表,30,6,0
679477569,A_WIPLotHistory,40,not_modeled,,runtime_or_history,名称显示为运行、历史、审计、缓存或日志表,94,5,3
679477489,A_WIPLotRejects,40,not_modeled,,runtime_or_history,名称显示为运行、历史、审计、缓存或日志表,37,5,1
679477573,A_WIPLotRejectsHistory,40,not_modeled,,runtime_or_history,名称显示为运行、历史、审计、缓存或日志表,38,6,0
679477621,A_WIPLotWafersHistory,40,not_modeled,,runtime_or_history,名称显示为运行、历史、审计、缓存或日志表,17,1,0
679477556,A_WIPMaterials,40,not_modeled,,runtime_or_history,名称显示为运行、历史、审计、缓存或日志表,14,6,0
679477429,A_YieldLimits,40,modeled,semiconductor_spc_yield_ontology.json,modeled,存在与物理CDOName精确同名的本体类,66,41,3
679477347,A_YieldType,40,modeled,semiconductor_spc_yield_ontology.json,modeled,存在与物理CDOName精确同名的本体类,12,2,4
1418,ActionCategory,csi,modeled,semiconductor_action_approval_esign_ontology.json,modeled,存在与物理CDOName精确同名的本体类,14,2,2
1355,ActionDef,csi,modeled,semiconductor_action_approval_esign_ontology.json,modeled,存在与物理CDOName精确同名的本体类,13,3,4
1357,ActionDefActionRules,csi,not_modeled,,internal_or_unclassified,缺少顶级建模实体的稳定特征,5,2,0
271,ActionDefinition,csi,modeled,workflow_ontology.json,modeled,存在与物理CDOName精确同名的本体类,11,2,3
1356,ActionRule,csi,modeled,semiconductor_action_approval_esign_ontology.json,modeled,存在与物理CDOName精确同名的本体类,12,2,2
1349,ActionsMenu,csi,modeled,semiconductor_action_approval_esign_ontology.json,modeled,存在与物理CDOName精确同名的本体类,11,2,3
1350,ActionsMenuItem,csi,not_modeled,,child_or_association,名称显示为明细、映射、列表或参数子表,10,2,0
1470,ActivateChangePkgHistory,csi,not_modeled,,runtime_or_history,名称显示为运行、历史、审计、缓存或日志表,13,1,0
1227,ActiveUserSession,csi,not_modeled,,internal_or_unclassified,缺少顶级建模实体的稳定特征,6,0,0
1155,Activity,csi,modeled,semiconductor_action_approval_esign_ontology.json,modeled,存在与物理CDOName精确同名的本体类,46,10,8
1160,ActivityESigHistoryDetails,csi,not_modeled,,runtime_or_history,名称显示为运行、历史、审计、缓存或日志表,5,2,0
1290,ActivityEventFailures,csi,not_modeled,,internal_or_unclassified,缺少顶级建模实体的稳定特征,5,2,0
1306,ActivityNewProcessObjects,csi,not_modeled,,internal_or_unclassified,缺少顶级建模实体的稳定特征,5,1,0
1177,ActivityonExecuteRules,csi,not_modeled,,internal_or_unclassified,缺少顶级建模实体的稳定特征,5,2,0
1156,ActivityPlan,csi,modeled,semiconductor_action_approval_esign_ontology.json,modeled,存在与物理CDOName精确同名的本体类,42,9,8
1162,ActivityPlanESigHistoryDetails,csi,not_modeled,,runtime_or_history,名称显示为运行、历史、审计、缓存或日志表,5,2,0
1294,ActivityPlanEventLots,csi,not_modeled,,internal_or_unclassified,缺少顶级建模实体的稳定特征,5,2,0
1174,ActivityPlanonCompleteRules,csi,not_modeled,,internal_or_unclassified,缺少顶级建模实体的稳定特征,5,2,0
1173,ActivityPlanonStartRules,csi,not_modeled,,internal_or_unclassified,缺少顶级建模实体的稳定特征,5,2,0
1159,ActivityPlanPrerequisites,csi,not_modeled,,child_or_association,名称显示为明细、映射、列表或参数子表,5,2,0
1157,ActivityPrerequisites,csi,not_modeled,,child_or_association,名称显示为明细、映射、列表或参数子表,5,2,0
1151,ActivityTemplate,csi,not_modeled,,runtime_or_history,名称显示为运行、历史、审计、缓存或日志表,30,8,4
1168,ActivityTemplateonExecuteRules,csi,not_modeled,,runtime_or_history,名称显示为运行、历史、审计、缓存或日志表,5,2,0
1152,ActivityTemplateOrganizations,csi,not_modeled,,runtime_or_history,名称显示为运行、历史、审计、缓存或日志表,5,2,0
1411,AddSPCAnnotationHistory,csi,not_modeled,,runtime_or_history,名称显示为运行、历史、审计、缓存或日志表,14,3,0
272,AlarmDefinition,csi,modeled,semiconductor_action_approval_esign_ontology.json,modeled,存在与物理CDOName精确同名的本体类,20,5,2
273,AlarmDefinitionTextVariables,csi,not_modeled,,child_or_association,名称显示为明细、映射、列表或参数子表,5,2,0
1249,ApprovalDecision,csi,modeled,semiconductor_action_approval_esign_ontology.json,modeled,存在与物理CDOName精确同名的本体类,9,1,2
1234,ApprovalDecisionList,csi,modeled,semiconductor_action_approval_esign_ontology.json,modeled,存在与物理CDOName精确同名的本体类,11,2,4
1246,ApprovalRoutingInfo,csi,not_modeled,,non_top_level_record,虽有独立主键，但缺少名称、冻结/变更或被引用等顶级建模特征,9,1,1
1236,ApprovalSheet,csi,modeled,semiconductor_action_approval_esign_ontology.json,modeled,存在与物理CDOName精确同名的本体类,28,9,5
1231,ApprovalSheetEntry,csi,not_modeled,,child_or_association,名称显示为明细、映射、列表或参数子表,35,9,2
1241,ApprovalSheetHistory,csi,not_modeled,,runtime_or_history,名称显示为运行、历史、审计、缓存或日志表,17,3,0
1240,ApprovalSheetMap,csi,modeled,organization_ontology.json,modeled,存在与物理CDOName精确同名的本体类,10,2,0
1232,ApprovalSheetTemplate,csi,modeled,semiconductor_shared_support_ontology.json,modeled,存在与物理CDOName精确同名的本体类,16,3,4
1427,AQLLevel,csi,modeled,aql_levels_ontology.json,modeled,存在与物理CDOName精确同名的本体类,11,2,13
1471,AssignChangePkgContentHistory,csi,not_modeled,,runtime_or_history,名称显示为运行、历史、审计、缓存或日志表,8,1,2
1484,AssignChangePkgContentHistoryI,csi,not_modeled,,runtime_or_history,名称显示为运行、历史、审计、缓存或日志表,5,2,0
1483,AssignChangePkgContentHistoryT,csi,not_modeled,,runtime_or_history,名称显示为运行、历史、审计、缓存或日志表,5,2,0
1416,AssignChecklistHistory,csi,not_modeled,,runtime_or_history,名称显示为运行、历史、审计、缓存或日志表,9,2,1
1417,AssignChecklistToEventHistory,csi,not_modeled,,runtime_or_history,名称显示为运行、历史、审计、缓存或日志表,10,3,0
1019,AssignedMaintReq,csi,not_modeled,,runtime_or_history,名称显示为运行、历史、审计、缓存或日志表,12,4,2
1280,AssignmentHistory,csi,not_modeled,,runtime_or_history,名称显示为运行、历史、审计、缓存或日志表,12,4,0
1745,AssociateActionTxnMap,csi,not_modeled,,child_or_association,名称显示为明细、映射、列表或参数子表,11,1,0
481,AssociateHistory,csi,not_modeled,,runtime_or_history,名称显示为运行、历史、审计、缓存或日志表,9,2,1
482,AssociateHistoryChildCnts,csi,not_modeled,,runtime_or_history,名称显示为运行、历史、审计、缓存或日志表,5,2,0
1493,AttachDocumentHistory,csi,not_modeled,,runtime_or_history,名称显示为运行、历史、审计、缓存或日志表,27,3,0
1094,AttachedDocs,csi,modeled,semiconductor_action_approval_esign_ontology.json,modeled,存在与物理CDOName精确同名的本体类,14,1,3
1048,BillOfProcess,csi,modeled,billofprocess_ontology.json,modeled,存在与物理CDOName精确同名的本体类,15,4,9
1047,BillOfProcessBase,csi,modeled,cross_module_ontology.json,modeled,存在与物理CDOName精确同名的本体类,6,1,1
1049,BillOfProcessOverride,csi,modeled,billofprocess_ontology.json,modeled,存在与物理CDOName精确同名的本体类,18,8,3
1050,BillOfProcessOverrideTxnMap,csi,not_modeled,,child_or_association,名称显示为明细、映射、列表或参数子表,4,0,0
695,BillType,csi,modeled,semiconductor_shared_support_ontology.json,modeled,存在与物理CDOName精确同名的本体类,11,2,5
368,Bin,csi,not_modeled,,non_top_level_record,虽有独立主键，但缺少名称、冻结/变更或被引用等顶级建模特征,21,5,0
1115,BizRuleHandlerParameter,csi,modeled,businessrule_ontology.json,modeled,存在与物理CDOName精确同名的本体类,9,1,1
1120,BizRuleParameter,csi,modeled,businessrule_ontology.json,modeled,存在与物理CDOName精确同名的本体类,9,3,0
698,BOM,csi,modeled,bom_ontology.json,modeled,存在与物理CDOName精确同名的本体类,16,5,5
696,BOMBase,csi,modeled,semiconductor_revision_bases_ontology.json,modeled,存在与物理CDOName精确同名的本体类,6,1,1
864,BOMMaterialListItem,csi,modeled,erpbom_ontology.json,modeled,存在与物理CDOName精确同名的本体类,51,9,2
679477248,BOMMaterialListItemAlternateMa,40,not_modeled,,child_or_association,名称显示为明细、映射、列表或参数子表,5,2,0
560,BonusReason,csi,modeled,bonus_reasons_ontology.json,modeled,存在与物理CDOName精确同名的本体类,11,2,1
638,BonusReasonGroup,csi,modeled,bonus_reasons_ontology.json,modeled,存在与物理CDOName精确同名的本体类,12,2,4
1727,BPSpecBizRuleTxnMap,csi,modeled,spec_ontology.json,modeled,存在与物理CDOName精确同名的本体类,10,3,0
1461,BusinessProcessSpec,csi,modeled,business_process_ontology.json,modeled,存在与物理CDOName精确同名的本体类,21,4,5
1460,BusinessProcessSpecBase,csi,modeled,semiconductor_revision_bases_ontology.json,modeled,存在与物理CDOName精确同名的本体类,6,1,1
1463,BusinessProcessWorkflow,csi,modeled,business_process_ontology.json,modeled,存在与物理CDOName精确同名的本体类,15,4,6
1462,BusinessProcessWorkflowBase,csi,modeled,semiconductor_revision_bases_ontology.json,modeled,存在与物理CDOName精确同名的本体类,6,1,1
1118,BusinessRule,csi,modeled,businessrule_ontology.json,modeled,存在与物理CDOName精确同名的本体类,12,3,17
1119,BusinessRuleData,csi,modeled,businessrule_ontology.json,modeled,存在与物理CDOName精确同名的本体类,11,1,17
1121,BusinessRuleDataHandlers,csi,not_modeled,,internal_or_unclassified,缺少顶级建模实体的稳定特征,5,2,0
1180,BusinessRuleExecutionHistory,csi,not_modeled,,runtime_or_history,名称显示为运行、历史、审计、缓存或日志表,14,1,1
1116,BusinessRuleHandler,csi,modeled,businessrule_ontology.json,modeled,存在与物理CDOName精确同名的本体类,14,3,4
1117,BusinessRuleHandlerData,csi,modeled,businessrule_ontology.json,modeled,存在与物理CDOName精确同名的本体类,10,1,3
1181,BusinessRuleParameterValues,csi,not_modeled,,non_top_level_record,虽有独立主键，但缺少名称、冻结/变更或被引用等顶级建模特征,12,2,0
1371,ButtonLabel,csi,not_modeled,,internal_infrastructure,名称显示为UI、查询、门户或内部基础设施,8,1,2
561,BuyReason,csi,modeled,buy_reasons_ontology.json,modeled,存在与物理CDOName精确同名的本体类,11,2,2
789,BuyReasonGroup,csi,modeled,buy_reasons_ontology.json,modeled,存在与物理CDOName精确同名的本体类,12,2,6
880,CalendarShift,csi,modeled,mfgcalendar_ontology.json,modeled,存在与物理CDOName精确同名的本体类,15,2,1
1135,CAPA,csi,modeled,quality_ontology.json,modeled,存在与物理CDOName精确同名的本体类,39,18,4
1136,CAPAAdditionalOrganizations,csi,not_modeled,,internal_or_unclassified,缺少顶级建模实体的稳定特征,5,2,0
1188,CAPACurrentCrossRefs,csi,not_modeled,,internal_or_unclassified,缺少顶级建模实体的稳定特征,5,2,0
1340,CAPACustomData,csi,modeled,quality_ontology.json,modeled,存在与物理CDOName精确同名的本体类,5,0,1
1342,CAPACustomHistoryDetail,csi,not_modeled,,runtime_or_history,名称显示为运行、历史、审计、缓存或日志表,7,0,1
1198,CAPAHistoryDetail,csi,not_modeled,,runtime_or_history,名称显示为运行、历史、审计、缓存或日志表,24,9,1
1199,CAPAHistoryDetailAdditionalOrg,csi,not_modeled,,runtime_or_history,名称显示为运行、历史、审计、缓存或日志表,5,2,0
1132,CARSeverity,csi,modeled,quality_ontology.json,modeled,存在与物理CDOName精确同名的本体类,13,2,3
1239,CategoryMap,csi,modeled,organization_ontology.json,modeled,存在与物理CDOName精确同名的本体类,11,4,1
1314,CategoryNotificationMap,csi,not_modeled,,child_or_association,名称显示为明细、映射、列表或参数子表,12,2,1
1315,CategoryNotificationMapTypes,csi,not_modeled,,internal_or_unclassified,缺少顶级建模实体的稳定特征,5,1,0
1244,ChangeCategoryHistory,csi,not_modeled,,runtime_or_history,名称显示为运行、历史、审计、缓存或日志表,10,1,0
1450,ChangeMgtApplication,csi,modeled,change_management_ontology.json,modeled,存在与物理CDOName精确同名的本体类,11,1,4
1464,ChangeMgtSpecAllowableRoles,csi,not_modeled,,internal_or_unclassified,缺少顶级建模实体的稳定特征,5,2,0
1197,ChangeOwnerHistory,csi,not_modeled,,runtime_or_history,名称显示为运行、历史、审计、缓存或日志表,10,3,0
1454,ChangePackage,csi,modeled,change_management_ontology.json,modeled,存在与物理CDOName精确同名的本体类,41,9,7
1468,ChangePackageMoveHistory,csi,not_modeled,,runtime_or_history,名称显示为运行、历史、审计、缓存或日志表,11,5,0
1721,ChangePackagePreReqChangePkgs,csi,not_modeled,,internal_or_unclassified,缺少顶级建模实体的稳定特征,5,1,0
1455,ChangePackagePriority,csi,modeled,change_management_ontology.json,modeled,存在与物理CDOName精确同名的本体类,11,1,5
1453,ChangePackageReason,csi,modeled,change_management_ontology.json,modeled,存在与物理CDOName精确同名的本体类,10,1,5
1718,ChangePackageStatusHistory,csi,not_modeled,,runtime_or_history,名称显示为运行、历史、审计、缓存或日志表,8,1,0
1465,ChangePackageTarget,csi,not_modeled,,non_top_level_record,虽有独立主键，但缺少名称、冻结/变更或被引用等顶级建模特征,8,2,0
1178,ChangeProcessHistory,csi,not_modeled,,runtime_or_history,名称显示为运行、历史、审计、缓存或日志表,11,2,1
1179,ChangeProcessHistoryHistoryDet,csi,not_modeled,,runtime_or_history,名称显示为运行、历史、审计、缓存或日志表,5,1,0
369,ChangeStatus,csi,modeled,cross_module_ontology.json,modeled,存在与物理CDOName精确同名的本体类,17,1,416
837,ChangeStatusReason,csi,modeled,container_ontology.json,modeled,存在与物理CDOName精确同名的本体类,11,2,2
1322,Checklist,csi,modeled,checklist_ontology.json,modeled,存在与物理CDOName精确同名的本体类,8,0,11
1330,ChecklistActualResponse,csi,not_modeled,,internal_or_unclassified,缺少顶级建模实体的稳定特征,6,2,0
1321,ChecklistEntry,csi,modeled,checklist_ontology.json,modeled,存在与物理CDOName精确同名的本体类,21,5,3
1415,ChecklistEntryHistoryDetail,csi,not_modeled,,runtime_or_history,名称显示为运行、历史、审计、缓存或日志表,17,3,0
1320,ChecklistTemplate,csi,modeled,checklist_ontology.json,modeled,存在与物理CDOName精确同名的本体类,16,4,6
1319,ChecklistTemplateBase,csi,modeled,checklist_ontology.json,modeled,存在与物理CDOName精确同名的本体类,6,1,1
513,ChgAttrHistory,csi,not_modeled,,runtime_or_history,名称显示为运行、历史、审计、缓存或日志表,9,1,3
715,ChgAttrHistoryDetails,csi,not_modeled,,runtime_or_history,名称显示为运行、历史、审计、缓存或日志表,28,1,15
738,ChgAttrHistoryDetailsNewBooLst,csi,not_modeled,,runtime_or_history,名称显示为运行、历史、审计、缓存或日志表,5,1,0
742,ChgAttrHistoryDetailsNewDurLst,csi,not_modeled,,runtime_or_history,名称显示为运行、历史、审计、缓存或日志表,5,1,0
737,ChgAttrHistoryDetailsNewFixLst,csi,not_modeled,,runtime_or_history,名称显示为运行、历史、审计、缓存或日志表,5,1,0
739,ChgAttrHistoryDetailsNewFltLst,csi,not_modeled,,runtime_or_history,名称显示为运行、历史、审计、缓存或日志表,5,1,0
740,ChgAttrHistoryDetailsNewIntLst,csi,not_modeled,,runtime_or_history,名称显示为运行、历史、审计、缓存或日志表,5,1,0
741,ChgAttrHistoryDetailsNewStrLst,csi,not_modeled,,runtime_or_history,名称显示为运行、历史、审计、缓存或日志表,5,1,0
743,ChgAttrHistoryDetailsNewTmsLst,csi,not_modeled,,runtime_or_history,名称显示为运行、历史、审计、缓存或日志表,5,1,0
733,ChgAttrHistoryDetailsOldBooLst,csi,not_modeled,,runtime_or_history,名称显示为运行、历史、审计、缓存或日志表,5,1,0
731,ChgAttrHistoryDetailsOldDurLst,csi,not_modeled,,runtime_or_history,名称显示为运行、历史、审计、缓存或日志表,5,1,0
734,ChgAttrHistoryDetailsOldFixLst,csi,not_modeled,,runtime_or_history,名称显示为运行、历史、审计、缓存或日志表,5,1,0
735,ChgAttrHistoryDetailsOldFltLst,csi,not_modeled,,runtime_or_history,名称显示为运行、历史、审计、缓存或日志表,5,1,0
736,ChgAttrHistoryDetailsOldIntLst,csi,not_modeled,,runtime_or_history,名称显示为运行、历史、审计、缓存或日志表,5,1,0
730,ChgAttrHistoryDetailsOldStrLst,csi,not_modeled,,runtime_or_history,名称显示为运行、历史、审计、缓存或日志表,5,1,0
732,ChgAttrHistoryDetailsOldTmsLst,csi,not_modeled,,runtime_or_history,名称显示为运行、历史、审计、缓存或日志表,5,1,0
823,ChgAttrHistoryHistoryDetails,csi,not_modeled,,runtime_or_history,名称显示为运行、历史、审计、缓存或日志表,5,2,0
723,ChgAttrHistoryNewObjects,csi,not_modeled,,runtime_or_history,名称显示为运行、历史、审计、缓存或日志表,10,1,1
722,ChgAttrHistoryOldObjects,csi,not_modeled,,runtime_or_history,名称显示为运行、历史、审计、缓存或日志表,10,1,1
902,ChgContainerAttrHistory,csi,not_modeled,,runtime_or_history,名称显示为运行、历史、审计、缓存或日志表,10,1,1
724,ChgObjectListHistoryDetails,csi,not_modeled,,runtime_or_history,名称显示为运行、历史、审计、缓存或日志表,12,1,4
726,ChgObjLstHistoryDetailsNewObjs,csi,not_modeled,,runtime_or_history,名称显示为运行、历史、审计、缓存或日志表,5,2,0
725,ChgObjLstHistoryDetailsOldObjs,csi,not_modeled,,runtime_or_history,名称显示为运行、历史、审计、缓存或日志表,5,2,0
673185819,CIOAttribute,10,not_modeled,,non_top_level_record,虽有独立主键，但缺少名称、冻结/变更或被引用等顶级建模特征,12,2,0
673185830,CIOBinding,10,modeled,semiconductor_cio_core_ontology.json,modeled,存在与物理CDOName精确同名的本体类,13,2,4
673185829,CIOBuffer,10,modeled,semiconductor_cio_core_ontology.json,modeled,存在与物理CDOName精确同名的本体类,18,2,2
673185804,CIOCamstarConnection,10,modeled,semiconductor_cio_core_ontology.json,modeled,存在与物理CDOName精确同名的本体类,19,3,3
673185856,CIOCDOServiceUsage,10,not_modeled,,internal_or_unclassified,缺少顶级建模实体的稳定特征,2,0,0
673185802,CIOChannelAdapter,10,modeled,semiconductor_cio_core_ontology.json,modeled,存在与物理CDOName精确同名的本体类,159,18,26
673185812,CIOChannelAdapterAvailableMess,10,not_modeled,,internal_or_unclassified,缺少顶级建模实体的稳定特征,5,2,0
673185801,CIOChannelSource,10,modeled,semiconductor_cio_core_ontology.json,modeled,存在与物理CDOName精确同名的本体类,32,6,3
673185850,CIOChannelSourceRouterHostName,10,not_modeled,,internal_or_unclassified,缺少顶级建模实体的稳定特征,5,1,0
673185838,CIOCheckInboundMsgParams,10,not_modeled,,child_or_association,名称显示为明细、映射、列表或参数子表,10,1,0
673185837,CIOConnectAdapterParams,10,not_modeled,,child_or_association,名称显示为明细、映射、列表或参数子表,10,1,0
673185871,CIOConverterFieldItem,10,not_modeled,,child_or_association,名称显示为明细、映射、列表或参数子表,15,2,1
673185863,CIODataElements,10,not_modeled,,non_top_level_record,虽有独立主键，但缺少名称、冻结/变更或被引用等顶级建模特征,11,1,0
673185867,CIODataHandler,10,modeled,semiconductor_cio_core_ontology.json,modeled,存在与物理CDOName精确同名的本体类,13,2,1
673185823,CIODataHubPoints,10,not_modeled,,non_top_level_record,虽有独立主键，但缺少名称、冻结/变更或被引用等顶级建模特征,8,1,0
673185822,CIODataHubSubscriptions,10,not_modeled,,child_or_association,名称显示为明细、映射、列表或参数子表,14,1,1
673185874,CIODataPointInstance,10,modeled,semiconductor_cio_core_ontology.json,modeled,存在与物理CDOName精确同名的本体类,12,3,1
673185872,CIODataPointType,10,modeled,semiconductor_cio_core_ontology.json,modeled,存在与物理CDOName精确同名的本体类,11,2,2
673185818,CIODefQueryParameter,10,not_modeled,,non_top_level_record,虽有独立主键，但缺少名称、冻结/变更或被引用等顶级建模特征,8,1,0
673185827,CIODetailField,10,not_modeled,,child_or_association,名称显示为明细、映射、列表或参数子表,9,1,0
673185813,CIODetailSection,10,modeled,semiconductor_cio_bases_ontology.json,modeled,存在与物理CDOName精确同名的本体类,10,1,2
673185839,CIODisconnectAdapterParams,10,not_modeled,,child_or_association,名称显示为明细、映射、列表或参数子表,10,1,0
673185807,CIODispatchRule,10,modeled,semiconductor_cio_orchestration_ontology.json,modeled,存在与物理CDOName精确同名的本体类,21,2,2
673185875,CIODPElementItem,10,not_modeled,,child_or_association,名称显示为明细、映射、列表或参数子表,10,1,0
673185873,CIODPTElementItem,10,not_modeled,,child_or_association,名称显示为明细、映射、列表或参数子表,10,1,0
673185809,CIOFilter,10,modeled,semiconductor_cio_core_ontology.json,modeled,存在与物理CDOName精确同名的本体类,14,2,5
673185849,CIOFilterObjects,10,not_modeled,,internal_or_unclassified,缺少顶级建模实体的稳定特征,7,1,0
673185792,CIOFunction,10,modeled,semiconductor_cio_core_ontology.json,modeled,存在与物理CDOName精确同名的本体类,11,2,4
673185793,CIOFunctionArgs,10,not_modeled,,non_top_level_record,虽有独立主键，但缺少名称、冻结/变更或被引用等顶级建模特征,9,1,0
673185815,CIOFunctionItem,10,not_modeled,,child_or_association,名称显示为明细、映射、列表或参数子表,10,3,0
673185826,CIOHeaderField,10,not_modeled,,non_top_level_record,虽有独立主键，但缺少名称、冻结/变更或被引用等顶级建模特征,10,1,0
673185814,CIOHeaderSection,10,not_modeled,,child_or_association,名称显示为明细、映射、列表或参数子表,10,1,1
673185876,CIOHTTPHeader,10,not_modeled,,non_top_level_record,虽有独立主键，但缺少名称、冻结/变更或被引用等顶级建模特征,12,1,0
673185832,CIOInboundAdapterFilters,10,not_modeled,,non_top_level_record,虽有独立主键，但缺少名称、冻结/变更或被引用等顶级建模特征,8,2,0
673185834,CIOInboundChannelFilters,10,not_modeled,,non_top_level_record,虽有独立主键，但缺少名称、冻结/变更或被引用等顶级建模特征,8,2,0
673185840,CIOInboundMsgRcvdParams,10,not_modeled,,child_or_association,名称显示为明细、映射、列表或参数子表,10,1,0
673185794,CIOIncludedMaps,10,not_modeled,,non_top_level_record,虽有独立主键，但缺少名称、冻结/变更或被引用等顶级建模特征,9,2,0
673185816,CIOJournalPersist,10,modeled,semiconductor_cio_bases_ontology.json,modeled,存在与物理CDOName精确同名的本体类,13,0,2
673185860,CIOLastUpdate,10,not_modeled,,internal_or_unclassified,缺少顶级建模实体的稳定特征,5,0,0
673185852,CIOListProcessor,10,modeled,semiconductor_cio_orchestration_ontology.json,modeled,存在与物理CDOName精确同名的本体类,20,4,4
673185851,CIOListProcessorBase,10,modeled,semiconductor_cio_bases_ontology.json,modeled,存在与物理CDOName精确同名的本体类,6,1,1
673185853,CIOListProcessorDetails,10,not_modeled,,child_or_association,名称显示为明细、映射、列表或参数子表,11,1,0
673185854,CIOListProcessors,10,not_modeled,,non_top_level_record,虽有独立主键，但缺少名称、冻结/变更或被引用等顶级建模特征,11,3,0
673185857,CIOMachineEndpoints,10,not_modeled,,internal_or_unclassified,缺少顶级建模实体的稳定特征,10,0,0
673185795,CIOMapDetails,10,not_modeled,,child_or_association,名称显示为明细、映射、列表或参数子表,19,1,0
673185796,CIOMapFunctions,10,not_modeled,,non_top_level_record,虽有独立主键，但缺少名称、冻结/变更或被引用等顶级建模特征,11,2,0
673185828,CIOMapSource,10,modeled,semiconductor_cio_bases_ontology.json,modeled,存在与物理CDOName精确同名的本体类,8,0,1
673185859,CIOMasterGroups,10,not_modeled,,child_or_association,名称显示为明细、映射、列表或参数子表,4,0,0
673185858,CIOMessage,10,not_modeled,,non_top_level_record,虽有独立主键，但缺少名称、冻结/变更或被引用等顶级建模特征,19,0,0
673185803,CIOMessageChannel,10,modeled,semiconductor_cio_core_ontology.json,modeled,存在与物理CDOName精确同名的本体类,18,6,7
673185808,CIOMessageChannelCIOMessageTyp,10,not_modeled,,internal_or_unclassified,缺少顶级建模实体的稳定特征,5,2,0
673185797,CIOMessageMap,10,modeled,semiconductor_cio_core_ontology.json,modeled,存在与物理CDOName精确同名的本体类,19,6,6
673185798,CIOMessageMapBase,10,modeled,semiconductor_cio_bases_ontology.json,modeled,存在与物理CDOName精确同名的本体类,6,1,1
673185806,CIOMessageType,10,modeled,semiconductor_cio_core_ontology.json,modeled,存在与物理CDOName精确同名的本体类,32,6,7
673185833,CIOOutboundAdapterFilters,10,not_modeled,,non_top_level_record,虽有独立主键，但缺少名称、冻结/变更或被引用等顶级建模特征,8,2,0
673185835,CIOOutboundChannelFilters,10,not_modeled,,non_top_level_record,虽有独立主键，但缺少名称、冻结/变更或被引用等顶级建模特征,8,2,0
673185821,CIOOutboundDefinition,10,modeled,semiconductor_user_job_spc_configuration_ontology.json,modeled,存在与物理CDOName精确同名的本体类,27,9,2
673185878,CIOOutboundDefinitionCIOOutbou,10,not_modeled,,internal_or_unclassified,缺少顶级建模实体的稳定特征,4,0,0
673185877,CIOOutboundHeaderKeyValue,10,not_modeled,,non_top_level_record,虽有独立主键，但缺少名称、冻结/变更或被引用等顶级建模特征,8,1,0
673185820,CIOOutboundMsgDef,10,modeled,semiconductor_cio_orchestration_ontology.json,modeled,存在与物理CDOName精确同名的本体类,12,2,1
673185817,CIOPhoneNumber,10,not_modeled,,non_top_level_record,虽有独立主键，但缺少名称、冻结/变更或被引用等顶级建模特征,8,1,0
673185848,CIOPlugInParameters,10,not_modeled,,child_or_association,名称显示为明细、映射、列表或参数子表,9,1,0
673185864,cioQPPQuery,10,not_modeled,,non_top_level_record,虽有独立主键，但缺少名称、冻结/变更或被引用等顶级建模特征,9,2,0
673185865,cioQueryPortalPage,10,modeled,semiconductor_cio_orchestration_ontology.json,modeled,存在与物理CDOName精确同名的本体类,11,2,1
673185861,CIORouterStatus,10,not_modeled,,runtime_or_history,名称显示为运行、历史、审计、缓存或日志表,5,0,0
673185841,CIOSendOutboundMsgParams,10,not_modeled,,child_or_association,名称显示为明细、映射、列表或参数子表,10,1,0
673185842,CIOSendResponseMsgParams,10,not_modeled,,child_or_association,名称显示为明细、映射、列表或参数子表,10,1,0
673185805,CIOSettings,10,modeled,semiconductor_cio_core_ontology.json,modeled,存在与物理CDOName精确同名的本体类,40,5,1
673185831,CIOSettingsServiceBindings,10,not_modeled,,internal_or_unclassified,缺少顶级建模实体的稳定特征,5,2,0
673185869,CIOShopfloorDataPointItem,10,not_modeled,,child_or_association,名称显示为明细、映射、列表或参数子表,9,1,0
673185811,CIOSMSEntry,10,not_modeled,,child_or_association,名称显示为明细、映射、列表或参数子表,11,2,1
673185836,CIOStoredProcParam,10,not_modeled,,non_top_level_record,虽有独立主键，但缺少名称、冻结/变更或被引用等顶级建模特征,10,1,0
673185868,CIOSubscriptionItem,10,not_modeled,,child_or_association,名称显示为明细、映射、列表或参数子表,18,1,2
673185870,CIOSubscriptResCnvtrItem,10,not_modeled,,child_or_association,名称显示为明细、映射、列表或参数子表,13,2,2
673185810,CIOSystemDispatchRule,10,modeled,semiconductor_cio_orchestration_ontology.json,modeled,存在与物理CDOName精确同名的本体类,15,3,3
673185799,CIOTemplate,10,modeled,semiconductor_cio_core_ontology.json,modeled,存在与物理CDOName精确同名的本体类,18,4,7
673185800,CIOTemplateBase,10,modeled,semiconductor_revision_bases_ontology.json,modeled,存在与物理CDOName精确同名的本体类,6,1,1
673185866,CIOTestObjDetails,10,not_modeled,,child_or_association,名称显示为明细、映射、列表或参数子表,10,2,0
673185855,CIOTestObject,10,modeled,semiconductor_cio_orchestration_ontology.json,modeled,存在与物理CDOName精确同名的本体类,15,2,2
673185843,CIOWakeUpAdapterParams,10,not_modeled,,child_or_association,名称显示为明细、映射、列表或参数子表,10,1,0
673185825,CIOWorkflow,10,modeled,semiconductor_cio_orchestration_ontology.json,modeled,存在与物理CDOName精确同名的本体类,30,6,3
673185824,CIOWorkflowBase,10,modeled,semiconductor_cio_bases_ontology.json,modeled,存在与物理CDOName精确同名的本体类,6,1,1
1344,Classification,csi,modeled,quality_ontology.json,modeled,存在与物理CDOName精确同名的本体类,12,2,13
1187,CloseQualityObjectHistory,csi,not_modeled,,runtime_or_history,名称显示为运行、历史、审计、缓存或日志表,10,2,0
1693,CollaboratorData,csi,not_modeled,,child_or_association,名称显示为明细、映射、列表或参数子表,9,2,2
1692,CollaboratorEntry,csi,modeled,change_management_ontology.json,modeled,存在与物理CDOName精确同名的本体类,22,7,0
1691,CollaboratorTemplate,csi,modeled,change_management_ontology.json,modeled,存在与物理CDOName精确同名的本体类,11,1,3
1422,CollectDataHistory,csi,not_modeled,,runtime_or_history,名称显示为运行、历史、审计、缓存或日志表,9,3,1
1423,CollectDataHistoryHistoryDetai,csi,not_modeled,,runtime_or_history,名称显示为运行、历史、审计、缓存或日志表,5,1,0
1332,CollectDataPointsHistory,csi,not_modeled,,runtime_or_history,名称显示为运行、历史、审计、缓存或日志表,8,2,1
379,CollectionGate,csi,modeled,workflow_ontology.json,modeled,存在与物理CDOName精确同名的本体类,15,2,0
1444,CollectSamplingDataHistory,csi,not_modeled,,runtime_or_history,名称显示为运行、历史、审计、缓存或日志表,30,15,1
1445,CollectSamplingHistoryDetails,csi,not_modeled,,runtime_or_history,名称显示为运行、历史、审计、缓存或日志表,12,2,1
1446,CollectSamplingTestDtlHistory,csi,not_modeled,,runtime_or_history,名称显示为运行、历史、审计、缓存或日志表,16,3,0
623,CombineHistDetChildContainers,csi,not_modeled,,runtime_or_history,名称显示为运行、历史、审计、缓存或日志表,5,2,0
620,CombineHistory,csi,not_modeled,,runtime_or_history,名称显示为运行、历史、审计、缓存或日志表,23,4,2
622,CombineHistoryDetail,csi,not_modeled,,runtime_or_history,名称显示为运行、历史、审计、缓存或日志表,29,2,1
1421,CommentType,csi,modeled,quality_ontology.json,modeled,存在与物理CDOName精确同名的本体类,11,2,3
760,CompDefectReasonGroup,csi,modeled,component_defect_ontology.json,modeled,存在与物理CDOName精确同名的本体类,12,2,4
1206,CompleteActivityHistory,csi,not_modeled,,runtime_or_history,名称显示为运行、历史、审计、缓存或日志表,12,3,2
1207,CompleteActivityHistoryDetails,csi,not_modeled,,runtime_or_history,名称显示为运行、历史、审计、缓存或日志表,5,1,0
1022,CompleteMaintenanceHistory,csi,not_modeled,,runtime_or_history,名称显示为运行、历史、审计、缓存或日志表,14,1,2
1023,CompleteMaintenanceHistoryHist,csi,not_modeled,,runtime_or_history,名称显示为运行、历史、审计、缓存或日志表,5,2,0
1024,CompleteMaintHistoryDetails,csi,not_modeled,,runtime_or_history,名称显示为运行、历史、审计、缓存或日志表,42,8,2
1297,CompleteProcessObjectHistory,csi,not_modeled,,runtime_or_history,名称显示为运行、历史、审计、缓存或日志表,11,2,0
1338,CompleteRiskAssessmentHistory,csi,not_modeled,,runtime_or_history,名称显示为运行、历史、审计、缓存或日志表,12,1,0
1223,CompletionHistory,csi,not_modeled,,runtime_or_history,名称显示为运行、历史、审计、缓存或日志表,10,2,0
746,ComponentDefectHistoryDetail,csi,not_modeled,,runtime_or_history,名称显示为运行、历史、审计、缓存或日志表,18,5,0
744,ComponentDefectReason,csi,modeled,semiconductor_legacy_name_replacements_ontology.json,modeled,存在与物理CDOName精确同名的本体类,11,2,2
829,ComponentDistributeHistory,csi,not_modeled,,runtime_or_history,名称显示为运行、历史、审计、缓存或日志表,10,1,1
707,ComponentIssueHistory,csi,not_modeled,,runtime_or_history,名称显示为运行、历史、审计、缓存或日志表,14,5,1
784,ComponentRemoveHistory,csi,not_modeled,,runtime_or_history,名称显示为运行、历史、审计、缓存或日志表,8,1,1
1728,ComponentReplaceHistory,csi,not_modeled,,runtime_or_history,名称显示为运行、历史、审计、缓存或日志表,6,1,1
1730,ComponentReplaceHistoryDetail,csi,not_modeled,,runtime_or_history,名称显示为运行、历史、审计、缓存或日志表,13,6,0
1729,ComponentReplaceHistoryHistory,csi,not_modeled,,runtime_or_history,名称显示为运行、历史、审计、缓存或日志表,4,0,0
1056,Computation,csi,modeled,computation_ontology.json,modeled,存在与物理CDOName精确同名的本体类,22,2,4
1061,ComputationHistory,csi,not_modeled,,runtime_or_history,名称显示为运行、历史、审计、缓存或日志表,20,2,2
1060,ComputationParamHistory,csi,not_modeled,,runtime_or_history,名称显示为运行、历史、审计、缓存或日志表,9,1,0
1063,ComputationParamMap,csi,not_modeled,,child_or_association,名称显示为明细、映射、列表或参数子表,8,3,0
1057,ComputationParamSpec,csi,modeled,computation_ontology.json,modeled,存在与物理CDOName精确同名的本体类,9,1,1
450,Container,csi,modeled,container_ontology.json,modeled,存在与物理CDOName精确同名的本体类,191,63,123
1285,ContainerAttrHistoryDetail,csi,not_modeled,,runtime_or_history,名称显示为运行、历史、审计、缓存或日志表,13,1,0
1286,ContainerAttrMaintHistory,csi,not_modeled,,runtime_or_history,名称显示为运行、历史、审计、缓存或日志表,7,1,1
1787,ContainerAutoHoldReq,csi,modeled,container_ontology.json,modeled,存在与物理CDOName精确同名的本体类,14,2,3
1788,ContainerAutoHoldReqContainerL,csi,not_modeled,,internal_or_unclassified,缺少顶级建模实体的稳定特征,5,1,0
1785,ContainerAutoHoldReqLotList,csi,not_modeled,,internal_or_unclassified,缺少顶级建模实体的稳定特征,5,1,0
1279,ContainerCompletedSubTask,csi,not_modeled,,non_top_level_record,虽有独立主键，但缺少名称、冻结/变更或被引用等顶级建模特征,11,2,0
1284,ContainerCompletedSubTaskRI,csi,not_modeled,,child_or_association,名称显示为明细、映射、列表或参数子表,4,0,0
999,ContainerCompletedTask,csi,not_modeled,,non_top_level_record,虽有独立主键，但缺少名称、冻结/变更或被引用等顶级建模特征,13,1,1
1000,ContainerCompletedTaskRI,csi,not_modeled,,child_or_association,名称显示为明细、映射、列表或参数子表,4,0,0
1443,ContainerContainerSampleData,csi,not_modeled,,internal_or_unclassified,缺少顶级建模实体的稳定特征,4,0,0
466,ContainerCurrentCrossRefs,csi,not_modeled,,internal_or_unclassified,缺少顶级建模实体的稳定特征,5,2,0
745,ContainerDefectHistoryDetail,csi,not_modeled,,runtime_or_history,名称显示为运行、历史、审计、缓存或日志表,12,3,0
562,ContainerDefectReason,csi,modeled,container_ontology.json,modeled,存在与物理CDOName精确同名的本体类,11,2,3
883,ContainerDetail,csi,not_modeled,,child_or_association,名称显示为明细、映射、列表或参数子表,27,7,1
884,ContainerDetailRI,csi,not_modeled,,child_or_association,名称显示为明细、映射、列表或参数子表,4,0,0
582,ContainerGroup,csi,modeled,container_ontology.json,modeled,存在与物理CDOName精确同名的本体类,12,2,4
583,ContainerGroupEntries,csi,not_modeled,,child_or_association,名称显示为明细、映射、列表或参数子表,5,1,0
584,ContainerGroupGroups,csi,not_modeled,,child_or_association,名称显示为明细、映射、列表或参数子表,5,1,0
586,ContainerGrpDftForObjTypes,csi,not_modeled,,internal_or_unclassified,缺少顶级建模实体的稳定特征,5,1,0
1796,ContainerIssueConditions,csi,not_modeled,,internal_or_unclassified,缺少顶级建模实体的稳定特征,5,2,0
437,ContainerLevel,csi,modeled,operation_ontology.json,modeled,存在与物理CDOName精确同名的本体类,17,6,16
438,ContainerLevelChildLevels,csi,not_modeled,,internal_or_unclassified,缺少顶级建模实体的稳定特征,5,2,0
439,ContainerLevelParentLevels,csi,not_modeled,,internal_or_unclassified,缺少顶级建模实体的稳定特征,5,2,0
906,ContainerMaintHistDetail,csi,not_modeled,,runtime_or_history,名称显示为运行、历史、审计、缓存或日志表,37,19,1
1799,ContainerMaintHistDetailContMa,csi,not_modeled,,runtime_or_history,名称显示为运行、历史、审计、缓存或日志表,4,0,0
904,ContainerMaintHistory,csi,not_modeled,,runtime_or_history,名称显示为运行、历史、审计、缓存或日志表,10,1,1
866,ContainerMaterialListItem,csi,not_modeled,,child_or_association,名称显示为明细、映射、列表或参数子表,51,9,2
679477252,ContainerMaterialListItemAlter,40,not_modeled,,child_or_association,名称显示为明细、映射、列表或参数子表,5,2,0
1746,ContainerRenameHistDetail,csi,not_modeled,,runtime_or_history,名称显示为运行、历史、审计、缓存或日志表,9,1,0
1747,ContainerRenameHistory,csi,not_modeled,,runtime_or_history,名称显示为运行、历史、审计、缓存或日志表,10,1,1
611,ContainerRI,csi,not_modeled,,child_or_association,名称显示为明细、映射、列表或参数子表,4,0,0
1441,ContainerSampleData,csi,not_modeled,,non_top_level_record,虽有独立主键，但缺少名称、冻结/变更或被引用等顶级建模特征,20,8,0
681574483,ContainerscsPreactorScheduleDa,40,not_modeled,,internal_or_unclassified,缺少顶级建模实体的稳定特征,5,2,0
838,ContainerStatusChangeHistory,csi,not_modeled,,runtime_or_history,名称显示为运行、历史、审计、缓存或日志表,18,2,0
1784,ContAutoHoldReqTxnMap,csi,not_modeled,,child_or_association,名称显示为明细、映射、列表或参数子表,13,2,0
643,ContDefectReasonGroup,csi,modeled,container_ontology.json,modeled,存在与物理CDOName精确同名的本体类,12,2,4
1706,ContentCollaborationReminder,csi,not_modeled,,non_top_level_record,虽有独立主键，但缺少名称、冻结/变更或被引用等顶级建模特征,11,2,0
1798,ContMaintIssueCondHistDetail,csi,not_modeled,,runtime_or_history,名称显示为运行、历史、审计、缓存或日志表,12,3,0
1492,CPActivation,csi,not_modeled,,non_top_level_record,虽有独立主键，但缺少名称、冻结/变更或被引用等顶级建模特征,11,1,0
1490,CPDeployment,csi,not_modeled,,non_top_level_record,虽有独立主键，但缺少名称、冻结/变更或被引用等顶级建模特征,15,2,1
1466,CPModelingInstance,csi,not_modeled,,non_top_level_record,虽有独立主键，但缺少名称、冻结/变更或被引用等顶级建模特征,15,1,0
1482,CPModelingInstanceHistDtl,csi,not_modeled,,runtime_or_history,名称显示为运行、历史、审计、缓存或日志表,16,0,3
1481,CPTargetSystemHistDtl,csi,not_modeled,,runtime_or_history,名称显示为运行、历史、审计、缓存或日志表,8,1,3
1138,CreateCAPAHistory,csi,not_modeled,,runtime_or_history,名称显示为运行、历史、审计、缓存或日志表,13,4,2
1143,CreateCAPAHistoryHistoryDetail,csi,not_modeled,,runtime_or_history,名称显示为运行、历史、审计、缓存或日志表,4,0,0
1074,CreateEventHistory,csi,not_modeled,,runtime_or_history,名称显示为运行、历史、审计、缓存或日志表,11,4,1
1679,CreateSamplingLotHistory,csi,not_modeled,,runtime_or_history,名称显示为运行、历史、审计、缓存或日志表,16,4,1
1680,CreateSamplingLotHistoryHistor,csi,not_modeled,,runtime_or_history,名称显示为运行、历史、审计、缓存或日志表,5,1,0
371,CurrentStatus,csi,modeled,semiconductor_shared_support_ontology.json,modeled,存在与物理CDOName精确同名的本体类,26,8,9
1041,CurrentStatusClearanceWorkStns,csi,not_modeled,,runtime_or_history,名称显示为运行、历史、审计、缓存或日志表,5,2,0
614,CurrentStatusRI,csi,not_modeled,,runtime_or_history,名称显示为运行、历史、审计、缓存或日志表,4,0,0
372,CurrentStatusWorkflowStack,csi,not_modeled,,runtime_or_history,名称显示为运行、历史、审计、缓存或日志表,5,2,0
629,Customer,csi,modeled,customer_ontology.json,modeled,存在与物理CDOName精确同名的本体类,22,3,8
1123,CustomerContact,csi,modeled,customer_ontology.json,modeled,存在与物理CDOName精确同名的本体类,12,1,0
1085,CustomerData,csi,not_modeled,,child_or_association,名称显示为明细、映射、列表或参数子表,20,1,2
1076,CustomerHistoryDetail,csi,not_modeled,,runtime_or_history,名称显示为运行、历史、审计、缓存或日志表,22,1,2
380,CycleTimeGate,csi,modeled,workflow_ontology.json,modeled,存在与物理CDOName精确同名的本体类,15,2,0
352,DataCollectionDef,csi,modeled,datacollection_ontology.json,modeled,存在与物理CDOName精确同名的本体类,24,7,18
432,DataCollectionDefBase,csi,modeled,semiconductor_revision_bases_ontology.json,modeled,存在与物理CDOName精确同名的本体类,6,1,1
989,DataPoint,csi,modeled,datacollection_ontology.json,modeled,存在与物理CDOName精确同名的本体类,37,3,5
1325,DataPointCollection,csi,modeled,semiconductor_shared_support_ontology.json,modeled,存在与物理CDOName精确同名的本体类,9,1,6
1324,DataPointCollectionGroup,csi,modeled,datacollection_ontology.json,modeled,存在与物理CDOName精确同名的本体类,15,4,2
990,DataPointHistory,csi,not_modeled,,runtime_or_history,名称显示为运行、历史、审计、缓存或日志表,8,1,1
991,DataPointHistoryDetail,csi,not_modeled,,runtime_or_history,名称显示为运行、历史、审计、缓存或日志表,34,4,2
1040,DataPointQueryParam,csi,not_modeled,,non_top_level_record,虽有独立主键，但缺少名称、冻结/变更或被引用等顶级建模特征,8,1,0
852,DataTransport,csi,modeled,data_transport_ontology.json,modeled,存在与物理CDOName精确同名的本体类,30,2,8
870,DBIDConfiguration,csi,not_modeled,,internal_or_unclassified,缺少顶级建模实体的稳定特征,4,0,0
869,DBIdentifier,csi,not_modeled,,internal_or_unclassified,缺少顶级建模实体的稳定特征,3,0,0
871,DBIdentifierHistory,csi,not_modeled,,runtime_or_history,名称显示为运行、历史、审计、缓存或日志表,4,0,0
1261,DecisionTreeHistoryDetail,csi,not_modeled,,runtime_or_history,名称显示为运行、历史、审计、缓存或日志表,10,1,0
747,DefectHistory,csi,not_modeled,,runtime_or_history,名称显示为运行、历史、审计、缓存或日志表,14,4,3
824,DefectHistoryHistoryDetails,csi,not_modeled,,runtime_or_history,名称显示为运行、历史、审计、缓存或日志表,5,1,0
1711,DelegateTaskHistory,csi,modeled,delegation_ontology.json,modeled,存在与物理CDOName精确同名的本体类,12,4,0
1708,DelegationReasonCode,csi,modeled,delegation_ontology.json,modeled,存在与物理CDOName精确同名的本体类,10,1,2
1715,DelegationTask,csi,modeled,delegation_ontology.json,modeled,存在与物理CDOName精确同名的本体类,15,5,4
1716,DelegationTaskEntries,csi,not_modeled,,child_or_association,名称显示为明细、映射、列表或参数子表,5,1,0
875,DeleteContainer,csi,not_modeled,,internal_or_unclassified,缺少顶级建模实体的稳定特征,1,0,0
876,DeleteHistory,csi,not_modeled,,runtime_or_history,名称显示为运行、历史、审计、缓存或日志表,5,0,0
877,DeleteHistoryLimit,csi,not_modeled,,runtime_or_history,名称显示为运行、历史、审计、缓存或日志表,5,0,0
1472,DeployChangePkgHistory,csi,not_modeled,,runtime_or_history,名称显示为运行、历史、审计、缓存或日志表,8,1,0
1489,DeployToTargets,csi,not_modeled,,internal_or_unclassified,缺少顶级建模实体的稳定特征,7,2,0
1298,DesignateProcessObjectHistory,csi,not_modeled,,runtime_or_history,名称显示为运行、历史、审计、缓存或日志表,15,6,0
886,Dictionary,40,modeled,dictionary_ontology.json,modeled,存在与物理CDOName精确同名的本体类,11,2,4
888,DictionaryLabel,40,not_modeled,,internal_infrastructure,名称显示为UI、查询、门户或内部基础设施,7,1,0
377,DisallowedTxns,csi,not_modeled,,child_or_association,名称显示为明细、映射、列表或参数子表,8,1,0
477,DisassociateHistory,csi,not_modeled,,runtime_or_history,名称显示为运行、历史、审计、缓存或日志表,10,2,1
478,DisassociateHistoryChildCnts,csi,not_modeled,,runtime_or_history,名称显示为运行、历史、审计、缓存或日志表,5,2,0
930,DispatchDetail,csi,modeled,dispatch_ontology.json,modeled,存在与物理CDOName精确同名的本体类,9,1,0
929,DispatchRule,csi,modeled,dispatch_ontology.json,modeled,存在与物理CDOName精确同名的本体类,13,2,5
1226,Disposition,csi,modeled,disposition_ontology.json,modeled,存在与物理CDOName精确同名的本体类,11,2,6
1225,DispositionData,csi,not_modeled,,non_top_level_record,虽有独立主键，但缺少名称、冻结/变更或被引用等顶级建模特征,10,2,1
1291,DispositionDataEventFailures,csi,not_modeled,,internal_or_unclassified,缺少顶级建模实体的稳定特征,5,2,0
1230,DispositionHistoryDetail,csi,not_modeled,,runtime_or_history,名称显示为运行、历史、审计、缓存或日志表,14,1,0
1095,DocAttachments,csi,modeled,quality_ontology.json,modeled,存在与物理CDOName精确同名的本体类,6,0,13
1122,DocAttachmentsDocuments,csi,not_modeled,,internal_or_unclassified,缺少顶级建模实体的稳定特征,5,2,0
1098,DocAttachmentsHistory,csi,not_modeled,,runtime_or_history,名称显示为运行、历史、审计、缓存或日志表,12,1,1
1097,DocAttachmentsHistoryDetails,csi,not_modeled,,runtime_or_history,名称显示为运行、历史、审计、缓存或日志表,16,1,0
1110,DocAttachmentsHistoryHistoryDe,csi,not_modeled,,runtime_or_history,名称显示为运行、历史、审计、缓存或日志表,4,0,0
1100,DocContents,csi,not_modeled,,internal_or_unclassified,缺少顶级建模实体的稳定特征,2,0,0
353,Document,csi,modeled,document_ontology.json,modeled,存在与物理CDOName精确同名的本体类,28,6,30
301,DocumentBase,csi,modeled,cross_module_ontology.json,modeled,存在与物理CDOName精确同名的本体类,6,1,1
378,DocumentEntry,csi,modeled,document_ontology.json,modeled,存在与物理CDOName精确同名的本体类,10,2,0
274,DocumentSet,csi,modeled,document_ontology.json,modeled,存在与物理CDOName精确同名的本体类,11,2,34
276,DocumentViewer,csi,modeled,document_ontology.json,modeled,存在与物理CDOName精确同名的本体类,13,2,4
1334,DPCollectionGroupHistory,csi,not_modeled,,runtime_or_history,名称显示为运行、历史、审计、缓存或日志表,12,2,1
1336,DPCollectionPointHistory,csi,not_modeled,,runtime_or_history,名称显示为运行、历史、审计、缓存或日志表,17,3,1
1343,DPCollectionPointSample,csi,not_modeled,,non_top_level_record,虽有独立主键，但缺少名称、冻结/变更或被引用等顶级建模特征,8,1,0
1335,DPCollectionSampleHistory,csi,not_modeled,,runtime_or_history,名称显示为运行、历史、审计、缓存或日志表,14,1,0
1735,DynamicNumberingRule,csi,modeled,numbering_ontology.json,modeled,存在与物理CDOName精确同名的本体类,29,4,3
1755,DynamicNumberingRuleExcludeLet,csi,not_modeled,,internal_or_unclassified,缺少顶级建模实体的稳定特征,5,2,0
983,ElectronicProcedure,csi,modeled,electronic_procedure_ontology.json,modeled,存在与物理CDOName精确同名的本体类,17,4,7
982,ElectronicProcedureBase,csi,modeled,cross_module_ontology.json,modeled,存在与物理CDOName精确同名的本体类,6,1,1
1109,EMailDistExternalRecipents,csi,not_modeled,,internal_or_unclassified,缺少顶级建模实体的稳定特征,5,1,0
1107,EMailDistribution,csi,modeled,switching_rules_ontology.json,modeled,存在与物理CDOName精确同名的本体类,11,2,7
1108,EMailDistributionEmployee,csi,not_modeled,,internal_or_unclassified,缺少顶级建模实体的稳定特征,5,2,0
1248,EMailDistributionRoleRecipient,csi,not_modeled,,internal_or_unclassified,缺少顶级建模实体的稳定特征,5,2,0
1106,EMailMessage,csi,modeled,switching_rules_ontology.json,modeled,存在与物理CDOName精确同名的本体类,16,2,8
1243,EMailQueue,csi,not_modeled,,internal_or_unclassified,缺少顶级建模实体的稳定特征,14,0,0
277,Employee,csi,modeled,employee_ontology.json,modeled,存在与物理CDOName精确同名的本体类,44,19,130
1702,EmployeeEscalationRecipients,csi,not_modeled,,internal_or_unclassified,缺少顶级建模实体的稳定特征,5,2,0
1734,EmployeeLoginInfo,csi,modeled,employee_ontology.json,modeled,存在与物理CDOName精确同名的本体类,9,2,1
1217,EmployeeRole,csi,modeled,employee_ontology.json,modeled,存在与物理CDOName精确同名的本体类,9,3,0
1303,EndCollaborationHistory,csi,not_modeled,,runtime_or_history,名称显示为运行、历史、审计、缓存或日志表,14,6,0
1701,EndTimerTaskDtl,csi,not_modeled,,child_or_association,名称显示为明细、映射、列表或参数子表,8,2,0
1698,EndTimerTxnMap,csi,not_modeled,,child_or_association,名称显示为明细、映射、列表或参数子表,12,4,0
278,Enterprise,csi,modeled,enterprise_ontology.json,modeled,存在与物理CDOName精确同名的本体类,14,4,2
987,EProcedureDetail,csi,modeled,electronic_procedure_ontology.json,modeled,存在与物理CDOName精确同名的本体类,9,2,0
681574506,EquipmentReservationHistoryHis,40,not_modeled,,runtime_or_history,名称显示为运行、历史、审计、缓存或日志表,5,1,0
873,ERPBOM,csi,modeled,erpbom_ontology.json,modeled,存在与物理CDOName精确同名的本体类,19,6,8
874,ERPBOMBase,csi,modeled,semiconductor_revision_bases_ontology.json,modeled,存在与物理CDOName精确同名的本体类,6,1,1
861,ERPRoute,csi,modeled,erp_route_ontology.json,modeled,存在与物理CDOName精确同名的本体类,18,5,7
862,ERPRouteBase,csi,modeled,cross_module_ontology.json,modeled,存在与物理CDOName精确同名的本体类,6,1,1
619,ErrorMsg,csi,modeled,semiconductor_security_kpi_configuration_ontology.json,modeled,存在与物理CDOName精确同名的本体类,14,2,1
919,ESigCosignReason,csi,modeled,semiconductor_action_approval_esign_ontology.json,modeled,存在与物理CDOName精确同名的本体类,11,2,3
923,ESigHistoryDetail,csi,not_modeled,,runtime_or_history,名称显示为运行、历史、审计、缓存或日志表,13,4,0
924,ESigHistorySummary,csi,not_modeled,,runtime_or_history,名称显示为运行、历史、审计、缓存或日志表,13,5,2
913,ESigMeaning,csi,modeled,semiconductor_action_approval_esign_ontology.json,modeled,存在与物理CDOName精确同名的本体类,11,2,4
920,ESigReqDetail,csi,not_modeled,,child_or_association,名称显示为明细、映射、列表或参数子表,12,4,1
964,ESigReqTxnMap,csi,modeled,spec_ontology.json,modeled,存在与物理CDOName精确同名的本体类,11,2,0
921,ESigRequirement,csi,modeled,cross_module_ontology.json,modeled,存在与物理CDOName精确同名的本体类,11,2,19
915,ESigRoleGroup,csi,modeled,semiconductor_security_kpi_configuration_ontology.json,modeled,存在与物理CDOName精确同名的本体类,12,2,6
916,ESigRoleGroupEntries,csi,not_modeled,,child_or_association,名称显示为明细、映射、列表或参数子表,5,2,0
917,ESigRoleGroupGroups,csi,not_modeled,,child_or_association,名称显示为明细、映射、列表或参数子表,5,2,0
918,ESigRoleGrpDefForObjTypes,csi,not_modeled,,internal_or_unclassified,缺少顶级建模实体的稳定特征,5,1,0
1081,Event,csi,modeled,quality_ontology.json,modeled,存在与物理CDOName精确同名的本体类,40,18,6
1133,EventCheckBoxFieldData,csi,not_modeled,,child_or_association,名称显示为明细、映射、列表或参数子表,28,2,10
1134,EventCheckBoxFieldHistDetail,csi,not_modeled,,runtime_or_history,名称显示为运行、历史、审计、缓存或日志表,30,2,10
1289,EventClassificationSpecMap,csi,modeled,organization_ontology.json,modeled,存在与物理CDOName精确同名的本体类,13,7,0
1088,EventComponent,csi,not_modeled,,non_top_level_record,虽有独立主键，但缺少名称、冻结/变更或被引用等顶级建模特征,8,1,0
1075,EventComponentHistoryDetail,csi,not_modeled,,runtime_or_history,名称显示为运行、历史、审计、缓存或日志表,10,1,0
1083,EventCurrentCrossRefs,csi,not_modeled,,internal_or_unclassified,缺少顶级建模实体的稳定特征,5,2,0
1339,EventCustomData,csi,not_modeled,,internal_or_unclassified,缺少顶级建模实体的稳定特征,5,0,1
1341,EventCustomHistoryDetail,csi,not_modeled,,runtime_or_history,名称显示为运行、历史、审计、缓存或日志表,6,0,1
1101,EventData,csi,modeled,quality_ontology.json,modeled,存在与物理CDOName精确同名的本体类,51,19,8
1078,EventDataHistoryDetail,csi,not_modeled,,runtime_or_history,名称显示为运行、历史、审计、缓存或日志表,53,20,9
1346,EventDataHistoryDetailSuspectD,csi,not_modeled,,runtime_or_history,名称显示为运行、历史、审计、缓存或日志表,5,2,0
1725,EventDisallowedTxns,csi,not_modeled,,child_or_association,名称显示为明细、映射、列表或参数子表,5,1,0
1408,EventDisposition,csi,modeled,disposition_ontology.json,modeled,存在与物理CDOName精确同名的本体类,8,2,2
1410,EventDispositionHistoryDetail,csi,modeled,disposition_ontology.json,modeled,存在与物理CDOName精确同名的本体类,13,4,1
1086,EventFailure,csi,modeled,failure_ontology.json,modeled,存在与物理CDOName精确同名的本体类,12,5,4
1393,EventFailureAction,csi,modeled,failure_ontology.json,modeled,存在与物理CDOName精确同名的本体类,11,4,0
1406,EventFailureActionHistoryDtl,csi,not_modeled,,runtime_or_history,名称显示为运行、历史、审计、缓存或日志表,15,7,0
1392,EventFailureCause,csi,not_modeled,,non_top_level_record,虽有独立主键，但缺少名称、冻结/变更或被引用等顶级建模特征,8,2,1
1405,EventFailureCauseHistoryDetail,csi,not_modeled,,runtime_or_history,名称显示为运行、历史、审计、缓存或日志表,12,4,1
1077,EventFailureHistoryDetail,csi,not_modeled,,runtime_or_history,名称显示为运行、历史、审计、缓存或日志表,14,6,1
1104,EventHistoryDetail,csi,not_modeled,,runtime_or_history,名称显示为运行、历史、审计、缓存或日志表,19,8,2
1403,EventLog,csi,not_modeled,,runtime_or_history,名称显示为运行、历史、审计、缓存或日志表,10,3,0
1404,EventLogHistoryDetail,csi,not_modeled,,runtime_or_history,名称显示为运行、历史、审计、缓存或日志表,13,4,1
1087,EventLot,csi,not_modeled,,child_or_association,名称显示为明细、映射、列表或参数子表,23,4,8
1409,EventLotEventDispositions,csi,not_modeled,,internal_or_unclassified,缺少顶级建模实体的稳定特征,5,2,0
1089,EventLotFailures,csi,not_modeled,,internal_or_unclassified,缺少顶级建模实体的稳定特征,5,2,0
1080,EventLotHistDetailFailureModes,csi,not_modeled,,runtime_or_history,名称显示为运行、历史、审计、缓存或日志表,5,2,0
1079,EventLotHistoryDetail,csi,not_modeled,,runtime_or_history,名称显示为运行、历史、审计、缓存或日志表,26,5,4
1753,ExcludeLettersMap,csi,not_modeled,,child_or_association,名称显示为明细、映射、列表或参数子表,6,0,2
1326,ExecuteChecklistHistory,csi,not_modeled,,runtime_or_history,名称显示为运行、历史、审计、缓存或日志表,10,2,1
1329,ExecuteChecklistHistoryDtl,csi,not_modeled,,runtime_or_history,名称显示为运行、历史、审计、缓存或日志表,12,4,1
1328,ExecuteChklstResponseHistDtl,csi,not_modeled,,runtime_or_history,名称显示为运行、历史、审计、缓存或日志表,9,1,0
1780,ExecuteMfgOrderTaskHistory,csi,not_modeled,,runtime_or_history,名称显示为运行、历史、审计、缓存或日志表,23,7,0
1818,ExecuteSamplingLotHistory,csi,not_modeled,,runtime_or_history,名称显示为运行、历史、审计、缓存或日志表,12,3,0
992,ExecuteTaskHistory,csi,not_modeled,,runtime_or_history,名称显示为运行、历史、审计、缓存或日志表,28,9,1
994,ExecuteTaskHistPrereqTasks,csi,not_modeled,,runtime_or_history,名称显示为运行、历史、审计、缓存或日志表,5,1,0
1038,ExportImportDetail,csi,not_modeled,,child_or_association,名称显示为明细、映射、列表或参数子表,12,0,0
1034,ExportImportHeader,csi,not_modeled,,non_top_level_record,虽有独立主键，但缺少名称、冻结/变更或被引用等顶级建模特征,26,0,0
1039,ExportImportLog,csi,not_modeled,,runtime_or_history,名称显示为运行、历史、审计、缓存或日志表,8,0,0
1035,ExportImportQueue,csi,not_modeled,,internal_or_unclassified,缺少顶级建模实体的稳定特征,5,0,0
1480,ExportImportTarget,csi,not_modeled,,internal_or_unclassified,缺少顶级建模实体的稳定特征,5,0,0
1761,ExternalPermission,csi,modeled,semiconductor_security_kpi_configuration_ontology.json,modeled,存在与物理CDOName精确同名的本体类,14,1,0
283,Factory,csi,modeled,factory_ontology.json,modeled,存在与物理CDOName精确同名的本体类,80,29,16
1398,FailureActionType,csi,modeled,failure_ontology.json,modeled,存在与物理CDOName精确同名的本体类,11,2,4
1399,FailureActionTypeGroup,csi,modeled,failure_ontology.json,modeled,存在与物理CDOName精确同名的本体类,12,2,5
1402,FailureActionTypeGroupDefaultF,csi,not_modeled,,internal_or_unclassified,缺少顶级建模实体的稳定特征,5,1,0
1400,FailureActionTypeGroupEntries,csi,not_modeled,,child_or_association,名称显示为明细、映射、列表或参数子表,5,2,0
1401,FailureActionTypeGroupGroups,csi,not_modeled,,child_or_association,名称显示为明细、映射、列表或参数子表,5,2,0
1250,FailureCauseData,csi,not_modeled,,non_top_level_record,虽有独立主键，但缺少名称、冻结/变更或被引用等顶级建模特征,9,2,1
1251,FailureData,csi,not_modeled,,non_top_level_record,虽有独立主键，但缺少名称、冻结/变更或被引用等顶级建模特征,12,5,1
1064,FailureMode,csi,modeled,failure_ontology.json,modeled,存在与物理CDOName精确同名的本体类,13,4,13
1067,FailureModeGroup,csi,modeled,failure_ontology.json,modeled,存在与物理CDOName精确同名的本体类,12,2,7
1068,FailureModeGroupEntries,csi,not_modeled,,child_or_association,名称显示为明细、映射、列表或参数子表,5,2,0
1069,FailureModeGroupGroups,csi,not_modeled,,child_or_association,名称显示为明细、映射、列表或参数子表,5,2,0
1070,FailureModeGrpDefaultForObjTyp,csi,not_modeled,,child_or_association,名称显示为明细、映射、列表或参数子表,5,1,0
1252,FailurePlanData,csi,not_modeled,,non_top_level_record,虽有独立主键，但缺少名称、冻结/变更或被引用等顶级建模特征,8,2,0
1065,FailureSeverity,csi,modeled,failure_ontology.json,modeled,存在与物理CDOName精确同名的本体类,11,2,5
1720,FilterTag,csi,modeled,semiconductor_security_kpi_configuration_ontology.json,modeled,存在与物理CDOName精确同名的本体类,10,1,0
384,GateStatus,csi,not_modeled,,runtime_or_history,名称显示为运行、历史、审计、缓存或日志表,7,1,2
385,GateStatusCompletedSteps,csi,not_modeled,,internal_or_unclassified,缺少顶级建模实体的稳定特征,5,2,0
386,GateStatusStepsRemaining,csi,not_modeled,,internal_or_unclassified,缺少顶级建模实体的稳定特征,5,2,0
519,HistInq,csi,not_modeled,,runtime_or_history,名称显示为运行、历史、审计、缓存或日志表,14,2,1
492,HistoryCrossRef,csi,not_modeled,,runtime_or_history,名称显示为运行、历史、审计、缓存或日志表,12,4,4
825,HistoryCrossRefRI,csi,not_modeled,,runtime_or_history,名称显示为运行、历史、审计、缓存或日志表,4,0,0
483,HistoryMainline,csi,modeled,history_ontology.json,modeled,存在与物理CDOName精确同名的本体类,111,21,144
1281,HistoryMainlineAdditionalESigs,csi,not_modeled,,runtime_or_history,名称显示为运行、历史、审计、缓存或日志表,5,2,0
484,HistoryMainlineAuthorizations,csi,not_modeled,,runtime_or_history,名称显示为运行、历史、审计、缓存或日志表,5,2,0
926,HistoryMainlineESigSummaries,csi,not_modeled,,runtime_or_history,名称显示为运行、历史、审计、缓存或日志表,5,2,0
485,HistoryMainlineHistoryDetails,csi,not_modeled,,runtime_or_history,名称显示为运行、历史、审计、缓存或日志表,6,1,0
1013,HistoryMainlineLabelSummaries,csi,not_modeled,,runtime_or_history,名称显示为运行、历史、审计、缓存或日志表,5,2,0
1731,HistoryMainlineMassUpdates,csi,not_modeled,,runtime_or_history,名称显示为运行、历史、审计、缓存或日志表,5,1,0
516,HistoryMessage,csi,not_modeled,,runtime_or_history,名称显示为运行、历史、审计、缓存或日志表,12,2,1
897,HistoryView,csi,not_modeled,,runtime_or_history,名称显示为运行、历史、审计、缓存或日志表,12,3,3
900,HistoryViewHistViewDtls,csi,not_modeled,,runtime_or_history,名称显示为运行、历史、审计、缓存或日志表,5,2,0
896,HistViewDtl,csi,not_modeled,,runtime_or_history,名称显示为运行、历史、审计、缓存或日志表,7,0,3
899,HistViewDtlUIFields,csi,not_modeled,,runtime_or_history,名称显示为运行、历史、审计、缓存或日志表,5,1,0
1807,HoldManagementTxnHistDtl,csi,not_modeled,,runtime_or_history,名称显示为运行、历史、审计、缓存或日志表,12,5,0
1806,HoldManagementTxnHistory,csi,not_modeled,,runtime_or_history,名称显示为运行、历史、审计、缓存或日志表,11,3,1
343,HoldReason,csi,modeled,quality_ontology.json,modeled,存在与物理CDOName精确同名的本体类,12,3,50
806,HoldReleaseHistory,csi,not_modeled,,runtime_or_history,名称显示为运行、历史、审计、缓存或日志表,23,4,1
805,HoldReleaseHistoryDetail,csi,not_modeled,,runtime_or_history,名称显示为运行、历史、审计、缓存或日志表,13,3,0
1805,HoldStatus,csi,modeled,semiconductor_shared_support_ontology.json,modeled,存在与物理CDOName精确同名的本体类,11,1,2
1804,HoldStatusRI,csi,not_modeled,,child_or_association,名称显示为明细、映射、列表或参数子表,4,0,0
1374,HorizontalShiftOptions,csi,not_modeled,,non_top_level_record,虽有独立主键，但缺少名称、冻结/变更或被引用等顶级建模特征,8,1,1
1767,HVComponentIssueHistory,csi,not_modeled,,runtime_or_history,名称显示为运行、历史、审计、缓存或日志表,12,5,0
1772,HVComponentRemoveHistory,csi,not_modeled,,runtime_or_history,名称显示为运行、历史、审计、缓存或日志表,11,3,0
1768,HVIssueHistoryDetail,csi,not_modeled,,runtime_or_history,名称显示为运行、历史、审计、缓存或日志表,11,2,2
1773,HVRemoveHistoryDetail,csi,not_modeled,,runtime_or_history,名称显示为运行、历史、审计、缓存或日志表,24,7,2
1771,HVRemoveHistorySetupDetail,csi,not_modeled,,runtime_or_history,名称显示为运行、历史、审计、缓存或日志表,14,5,0
1766,HVResourceSetupHistory,csi,not_modeled,,runtime_or_history,名称显示为运行、历史、审计、缓存或日志表,13,3,6
1765,HVSetupHistoryDetail,csi,not_modeled,,runtime_or_history,名称显示为运行、历史、审计、缓存或日志表,14,2,2
679477678,I_IntegrationError,40,not_modeled,,runtime_or_history,名称显示为运行、历史、审计、缓存或日志表,14,2,0
679477677,I_IntegrationKey,40,not_modeled,,non_top_level_record,虽有独立主键，但缺少名称、冻结/变更或被引用等顶级建模特征,10,0,0
679477674,I_IntegrationMap,40,modeled,semiconductor_shipping_integration_ontology.json,modeled,存在与物理CDOName精确同名的本体类,16,2,1
679477673,I_IntegrationMapDetails,40,not_modeled,,child_or_association,名称显示为明细、映射、列表或参数子表,9,2,0
679477675,I_IntegrationPoint,40,modeled,semiconductor_shipping_integration_ontology.json,modeled,存在与物理CDOName精确同名的本体类,11,2,2
679477676,I_IntegrationPointDetails,40,not_modeled,,child_or_association,名称显示为明细、映射、列表或参数子表,10,1,0
891,IDControl,csi,not_modeled,,internal_or_unclassified,缺少顶级建模实体的稳定特征,3,0,0
1037,ImportContents,csi,not_modeled,,non_top_level_record,虽有独立主键，但缺少名称、冻结/变更或被引用等顶级建模特征,12,0,0
1036,ImportHeaderData,csi,not_modeled,,internal_or_unclassified,缺少顶级建模实体的稳定特征,4,0,0
1425,InspectionLevel,csi,modeled,sampling_ontology.json,modeled,存在与物理CDOName精确同名的本体类,11,2,16
770,InstanceIDCount,csi,not_modeled,,internal_or_unclassified,缺少顶级建模实体的稳定特征,3,0,0
702545980,isImage,csi,modeled,cross_module_ontology.json,modeled,存在与物理CDOName精确同名的本体类,28,6,11
702545979,isImageBase,csi,modeled,semiconductor_revision_bases_ontology.json,modeled,存在与物理CDOName精确同名的本体类,6,1,1
711,IssueActualsHistory,csi,not_modeled,,runtime_or_history,名称显示为运行、历史、审计、缓存或日志表,31,13,4
1794,IssueCondition,csi,modeled,issue_ontology.json,modeled,存在与物理CDOName精确同名的本体类,10,1,4
710,IssueDifferenceReason,csi,modeled,issue_ontology.json,modeled,存在与物理CDOName精确同名的本体类,11,2,4
709,IssueHistoryDetail,csi,not_modeled,,runtime_or_history,名称显示为运行、历史、审计、缓存或日志表,27,7,2
705,IssueReason,csi,modeled,issue_ontology.json,modeled,存在与物理CDOName精确同名的本体类,12,2,2
1757,KPIEntry,csi,not_modeled,,non_top_level_record,虽有独立主键，但缺少名称、冻结/变更或被引用等顶级建模特征,23,10,0
1758,KPIMatrix,csi,modeled,semiconductor_security_kpi_configuration_ontology.json,modeled,存在与物理CDOName精确同名的本体类,10,1,1
1756,KPITimeframe,csi,modeled,semiconductor_security_kpi_configuration_ontology.json,modeled,存在与物理CDOName精确同名的本体类,10,1,1
1759,KPIType,csi,modeled,semiconductor_security_kpi_configuration_ontology.json,modeled,存在与物理CDOName精确同名的本体类,10,1,1
1007,LabelHistoryDetail,csi,not_modeled,,runtime_or_history,名称显示为运行、历史、审计、缓存或日志表,9,1,0
1008,LabelHistorySummary,csi,not_modeled,,runtime_or_history,名称显示为运行、历史、审计、缓存或日志表,10,3,2
1005,LabelTag,csi,not_modeled,,non_top_level_record,虽有独立主键，但缺少名称、冻结/变更或被引用等顶级建模特征,13,1,0
1006,LabelTxnMap,csi,modeled,organization_ontology.json,modeled,存在与物理CDOName精确同名的本体类,12,3,0
1770,LicenseInfo,csi,not_modeled,,internal_or_unclassified,缺少顶级建模实体的稳定特征,5,0,0
776,LocalControl,csi,not_modeled,,internal_or_unclassified,缺少顶级建模实体的稳定特征,2,0,0
564,LocalReworkReason,csi,modeled,local_rework_ontology.json,modeled,存在与物理CDOName精确同名的本体类,11,2,1
654,LocalReworkReasonGroup,csi,modeled,local_rework_ontology.json,modeled,存在与物理CDOName精确同名的本体类,12,2,4
387,Location,csi,modeled,semiconductor_shared_support_ontology.json,modeled,存在与物理CDOName精确同名的本体类,11,2,11
565,LossReason,csi,modeled,loss_reason_ontology.json,modeled,存在与物理CDOName精确同名的本体类,12,2,18
659,LossReasonGroup,csi,modeled,loss_reason_ontology.json,modeled,存在与物理CDOName精确同名的本体类,12,2,6
1682,LotSampleData,csi,not_modeled,,non_top_level_record,虽有独立主键，但缺少名称、冻结/变更或被引用等顶级建模特征,26,12,0
1426,LotSizeDetails,csi,modeled,sampling_ontology.json,modeled,存在与物理CDOName精确同名的本体类,9,1,0
1017,MaintenanceClass,csi,modeled,maintenance_ontology.json,modeled,存在与物理CDOName精确同名的本体类,12,3,3
1014,MaintenanceReason,csi,modeled,maintenance_ontology.json,modeled,存在与物理CDOName精确同名的本体类,11,2,2
1016,MaintenanceReq,csi,modeled,maintenance_ontology.json,modeled,存在与物理CDOName精确同名的本体类,71,13,12
1015,MaintenanceReqBase,csi,modeled,semiconductor_revision_bases_ontology.json,modeled,存在与物理CDOName精确同名的本体类,6,1,1
681574421,MaintenanceReqss_OverridesPM,40,not_modeled,,child_or_association,名称显示为明细、映射、列表或参数子表,5,2,0
681574408,MaintenanceReqss_UsageReqSetup,40,not_modeled,,internal_or_unclassified,缺少顶级建模实体的稳定特征,5,2,0
1018,MaintenanceStatus,csi,not_modeled,,runtime_or_history,名称显示为运行、历史、审计、缓存或日志表,45,5,1
1029,MaintenanceStatusRI,csi,not_modeled,,child_or_association,名称显示为明细、映射、列表或参数子表,4,0,0
1026,MaintReqDueEmailTarget,csi,not_modeled,,internal_or_unclassified,缺少顶级建模实体的稳定特征,5,2,0
1027,MaintReqPastDueEmailTarget,csi,not_modeled,,internal_or_unclassified,缺少顶级建模实体的稳定特征,5,2,0
1028,MaintReqPendingEmailTarget,csi,not_modeled,,internal_or_unclassified,缺少顶级建模实体的稳定特征,5,2,0
1689,MasterDataCatalog,csi,modeled,master_data_catalog_ontology.json,modeled,存在与物理CDOName精确同名的本体类,10,1,1
1690,MasterDataCatalogDtl,csi,modeled,master_data_catalog_ontology.json,modeled,存在与物理CDOName精确同名的本体类,13,1,0
1275,MasterRecipe,csi,modeled,master_recipe_ontology.json,modeled,存在与物理CDOName精确同名的本体类,26,8,7
1274,MasterRecipeBase,csi,modeled,semiconductor_revision_bases_ontology.json,modeled,存在与物理CDOName精确同名的本体类,6,1,1
1276,MasterRecipeDetail,csi,modeled,master_recipe_ontology.json,modeled,存在与物理CDOName精确同名的本体类,12,3,0
810,MenuDefinition,csi,modeled,semiconductor_shared_support_ontology.json,modeled,存在与物理CDOName精确同名的本体类,14,3,6
813,MenuItem,csi,not_modeled,,child_or_association,名称显示为明细、映射、列表或参数子表,31,3,0
673185844,MessageNameParameter,10,modeled,semiconductor_cio_bases_ontology.json,modeled,存在与物理CDOName精确同名的本体类,10,1,1
673185845,MessageTypeParameter,10,modeled,semiconductor_cio_bases_ontology.json,modeled,存在与物理CDOName精确同名的本体类,10,1,1
881,MfgCalendar,csi,modeled,mfgcalendar_ontology.json,modeled,存在与物理CDOName精确同名的本体类,12,2,3
1681,MfgLot,csi,modeled,container_ontology.json,modeled,存在与物理CDOName精确同名的本体类,14,3,6
1751,MfgOperationHistory,csi,not_modeled,,runtime_or_history,名称显示为运行、历史、审计、缓存或日志表,14,5,1
1752,MfgOperationHistoryHistoryDeta,csi,not_modeled,,runtime_or_history,名称显示为运行、历史、审计、缓存或日志表,5,1,0
286,MfgOrder,csi,modeled,mfgorder_ontology.json,modeled,存在与物理CDOName精确同名的本体类,77,21,23
1783,MfgOrderExecutedTask,csi,not_modeled,,non_top_level_record,虽有独立主键，但缺少名称、冻结/变更或被引用等顶级建模特征,13,3,0
1782,MfgOrderExecutedTaskList,csi,not_modeled,,non_top_level_record,虽有独立主键，但缺少名称、冻结/变更或被引用等顶级建模特征,8,2,0
865,MfgOrderMaterialListItem,csi,modeled,mfgorder_ontology.json,modeled,存在与物理CDOName精确同名的本体类,51,9,2
679477249,MfgOrderMaterialListItemAltern,40,not_modeled,,child_or_association,名称显示为明细、映射、列表或参数子表,5,2,0
1774,MfgOrderProcedure,csi,modeled,mfg_order_procedure_ontology.json,modeled,存在与物理CDOName精确同名的本体类,18,4,5
1775,MfgOrderProcedureBase,csi,modeled,semiconductor_revision_bases_ontology.json,modeled,存在与物理CDOName精确同名的本体类,6,1,1
1778,MfgOrderProcedureDetail,csi,modeled,mfg_order_procedure_ontology.json,modeled,存在与物理CDOName精确同名的本体类,9,2,0
1777,MfgOrderTaskList,csi,modeled,mfg_order_task_list_ontology.json,modeled,存在与物理CDOName精确同名的本体类,21,7,6
1776,MfgOrderTaskListBase,csi,modeled,semiconductor_revision_bases_ontology.json,modeled,存在与物理CDOName精确同名的本体类,6,1,1
1781,MfgOrderTaskStatus,csi,modeled,mfg_order_task_status_ontology.json,modeled,存在与物理CDOName精确同名的本体类,12,1,2
1030,ModelingAuditTrail,40,not_modeled,,runtime_or_history,名称显示为运行、历史、审计、缓存或日志表,12,1,0
1031,ModelingAuditTrailHeader,40,not_modeled,,runtime_or_history,名称显示为运行、历史、审计、缓存或日志表,26,2,3
1732,ModelingAuditTrailHeaderMassUp,csi,not_modeled,,runtime_or_history,名称显示为运行、历史、审计、缓存或日志表,5,1,0
1046,ModelingESigHistoryDetail,csi,not_modeled,,runtime_or_history,名称显示为运行、历史、审计、缓存或日志表,19,9,4
1045,ModelingESigReq,csi,modeled,semiconductor_action_approval_esign_ontology.json,modeled,存在与物理CDOName精确同名的本体类,19,6,1
1685,ModelingInstanceLock,csi,not_modeled,,non_top_level_record,虽有独立主键，但缺少名称、冻结/变更或被引用等顶级建模特征,195,190,0
1424,ModelingObjsToExclude,csi,not_modeled,,internal_or_unclassified,缺少顶级建模实体的稳定特征,7,1,0
1299,ModifyProcessObjectHistory,csi,not_modeled,,runtime_or_history,名称显示为运行、历史、审计、缓存或日志表,10,2,0
491,MoveHistory,csi,not_modeled,,runtime_or_history,名称显示为运行、历史、审计、缓存或日志表,53,19,0
499,MoveInHistory,csi,not_modeled,,runtime_or_history,名称显示为运行、历史、审计、缓存或日志表,22,7,0
840,MSMQManagers,csi,not_modeled,,internal_or_unclassified,缺少顶级建模实体的稳定特征,3,0,0
587,NamedObjectGroup,csi,modeled,semiconductor_security_kpi_configuration_ontology.json,modeled,存在与物理CDOName精确同名的本体类,12,2,6
588,NamedObjectGroupEntries,csi,not_modeled,,child_or_association,名称显示为明细、映射、列表或参数子表,13,9,0
589,NamedObjectGroupGroups,csi,not_modeled,,child_or_association,名称显示为明细、映射、列表或参数子表,13,10,0
591,NamedObjGrpDftForObjTypes,csi,not_modeled,,internal_or_unclassified,缺少顶级建模实体的稳定特征,6,2,0
938,NCRCauseCode,csi,modeled,ncr_ontology.json,modeled,存在与物理CDOName精确同名的本体类,12,3,9
939,NCRCauseCodeGroup,csi,modeled,ncr_ontology.json,modeled,存在与物理CDOName精确同名的本体类,12,2,6
976,NCRCauseCodeGroupEntries,csi,not_modeled,,child_or_association,名称显示为明细、映射、列表或参数子表,5,2,0
977,NCRCauseCodeGroupGroups,csi,not_modeled,,child_or_association,名称显示为明细、映射、列表或参数子表,5,2,0
942,NCRCauseCodeGrpDefForObjTypes,csi,not_modeled,,internal_or_unclassified,缺少顶级建模实体的稳定特征,5,1,0
951,NCRComments,csi,not_modeled,,child_or_association,名称显示为明细、映射、列表或参数子表,7,0,6
953,NCRCommentsHistory,csi,not_modeled,,runtime_or_history,名称显示为运行、历史、审计、缓存或日志表,8,0,6
952,NCRCommentsRI,csi,not_modeled,,child_or_association,名称显示为明细、映射、列表或参数子表,4,0,0
957,NCRCreateHistory,csi,not_modeled,,runtime_or_history,名称显示为运行、历史、审计、缓存或日志表,13,6,2
959,NCRCreateHistoryFailureCodes,csi,not_modeled,,runtime_or_history,名称显示为运行、历史、审计、缓存或日志表,5,2,0
1001,NCRCurrentCrossRefs,csi,not_modeled,,internal_or_unclassified,缺少顶级建模实体的稳定特征,5,2,0
1348,NCRDefectData,csi,modeled,quality_ontology.json,modeled,存在与物理CDOName精确同名的本体类,10,4,0
956,NCRDefectHistoryDetails,csi,not_modeled,,runtime_or_history,名称显示为运行、历史、审计、缓存或日志表,15,6,0
1310,NCREscalateHistory,csi,not_modeled,,runtime_or_history,名称显示为运行、历史、审计、缓存或日志表,22,11,2
1311,NCREscalateHistoryHistoryDetai,csi,not_modeled,,runtime_or_history,名称显示为运行、历史、审计、缓存或日志表,5,1,0
1312,NCREscalateHistoryNCRFailureCo,csi,not_modeled,,runtime_or_history,名称显示为运行、历史、审计、缓存或日志表,5,2,0
947,NCRFailCodeGrpDefForObjTypes,csi,not_modeled,,internal_or_unclassified,缺少顶级建模实体的稳定特征,5,1,0
943,NCRFailureCode,csi,modeled,ncr_ontology.json,modeled,存在与物理CDOName精确同名的本体类,11,2,6
944,NCRFailureCodeGroup,csi,modeled,ncr_ontology.json,modeled,存在与物理CDOName精确同名的本体类,12,2,5
978,NCRFailureCodeGroupEntries,csi,not_modeled,,child_or_association,名称显示为明细、映射、列表或参数子表,5,2,0
979,NCRFailureCodeGroupGroups,csi,not_modeled,,child_or_association,名称显示为明细、映射、列表或参数子表,5,2,0
932,NCRFailureType,csi,modeled,failure_ontology.json,modeled,存在与物理CDOName精确同名的本体类,11,2,8
937,NCRResCodeGrpDefForObjTypes,csi,not_modeled,,internal_or_unclassified,缺少顶级建模实体的稳定特征,5,1,0
933,NCRResolutionCode,csi,modeled,ncr_ontology.json,modeled,存在与物理CDOName精确同名的本体类,11,2,5
934,NCRResolutionCodeGroup,csi,modeled,ncr_ontology.json,modeled,存在与物理CDOName精确同名的本体类,12,2,6
980,NCRResolutionCodeGroupEntries,csi,not_modeled,,child_or_association,名称显示为明细、映射、列表或参数子表,5,2,0
981,NCRResolutionCodeGroupGroups,csi,not_modeled,,child_or_association,名称显示为明细、映射、列表或参数子表,5,2,0
955,NCRUpdateHistDetFailureCodes,csi,not_modeled,,runtime_or_history,名称显示为运行、历史、审计、缓存或日志表,5,2,0
961,NCRUpdateHistory,csi,not_modeled,,runtime_or_history,名称显示为运行、历史、审计、缓存或日志表,7,1,2
954,NCRUpdateHistoryDetail,csi,not_modeled,,runtime_or_history,名称显示为运行、历史、审计、缓存或日志表,17,9,1
948,NonconformanceReport,csi,modeled,quality_ontology.json,modeled,存在与物理CDOName精确同名的本体类,27,13,7
950,NonconformanceReportNCRFailure,csi,not_modeled,,internal_or_unclassified,缺少顶级建模实体的稳定特征,5,2,0
949,NonconformanceReportRI,csi,not_modeled,,child_or_association,名称显示为明细、映射、列表或参数子表,4,0,0
1265,NotificationEvent,csi,modeled,organization_ontology.json,modeled,存在与物理CDOName精确同名的本体类,12,3,0
1242,NotificationServers,csi,not_modeled,,internal_or_unclassified,缺少顶级建模实体的稳定特征,5,0,0
288,NotificationTarget,csi,modeled,notification_target_ontology.json,modeled,存在与物理CDOName精确同名的本体类,15,2,9
1316,NotifVar,csi,modeled,semiconductor_security_kpi_configuration_ontology.json,modeled,存在与物理CDOName精确同名的本体类,14,2,1
1193,NumberingRule,csi,modeled,numbering_ontology.json,modeled,存在与物理CDOName精确同名的本体类,26,2,20
1754,NumberingRuleExcludeLettersMap,csi,not_modeled,,child_or_association,名称显示为明细、映射、列表或参数子表,5,2,0
1195,NumberingRuleMap,csi,modeled,organization_ontology.json,modeled,存在与物理CDOName精确同名的本体类,8,2,0
1128,Occupation,csi,modeled,occupation_ontology.json,modeled,存在与物理CDOName精确同名的本体类,11,2,5
1300,OpenProcessObjectHistory,csi,not_modeled,,runtime_or_history,名称显示为运行、历史、审计、缓存或日志表,11,2,0
1419,OpenQualityObjectHistory,csi,not_modeled,,runtime_or_history,名称显示为运行、历史、审计、缓存或日志表,8,1,1
1420,OpenQualityObjectHistoryHistor,csi,not_modeled,,runtime_or_history,名称显示为运行、历史、审计、缓存或日志表,5,1,0
289,Operation,csi,modeled,operation_ontology.json,modeled,存在与物理CDOName精确同名的本体类,47,25,16
388,OperationSchedulingDetail,csi,not_modeled,,child_or_association,名称显示为明细、映射、列表或参数子表,16,1,1
908,OrderStatus,csi,modeled,mfgorder_ontology.json,modeled,存在与物理CDOName精确同名的本体类,12,2,3
907,OrderType,csi,modeled,mfgorder_ontology.json,modeled,存在与物理CDOName精确同名的本体类,12,2,3
1795,OrderTypeIssueConditions,csi,not_modeled,,internal_or_unclassified,缺少顶级建模实体的稳定特征,5,2,0
1105,Organization,csi,modeled,organization_ontology.json,modeled,存在与物理CDOName精确同名的本体类,20,8,36
1726,OrganizationAffectedContainers,csi,not_modeled,,internal_or_unclassified,缺少顶级建模实体的稳定特征,5,1,0
1722,OrganizationGEDisallowedTxns,csi,not_modeled,,child_or_association,名称显示为明细、映射、列表或参数子表,5,1,0
1723,OrganizationPEDisallowedTxns,csi,not_modeled,,child_or_association,名称显示为明细、映射、列表或参数子表,5,1,0
1245,OrganizationQualityESigTxns,csi,not_modeled,,internal_or_unclassified,缺少顶级建模实体的稳定特征,5,1,0
826,OutboundXMLDoc,csi,not_modeled,,internal_or_unclassified,缺少顶级建模实体的稳定特征,4,0,0
895,OutboundXMLDocProcessing,csi,not_modeled,,internal_or_unclassified,缺少顶级建模实体的稳定特征,5,0,0
848,OutboundXMLDocStatus,csi,not_modeled,,runtime_or_history,名称显示为运行、历史、审计、缓存或日志表,7,0,0
849,OutboundXMLDocStatusCode,csi,not_modeled,,runtime_or_history,名称显示为运行、历史、审计、缓存或日志表,5,0,0
344,Owner,csi,modeled,owner_ontology.json,modeled,存在与物理CDOName精确同名的本体类,12,3,32
1707,PackageApprovalReminder,csi,not_modeled,,non_top_level_record,虽有独立主键，但缺少名称、冻结/变更或被引用等顶级建模特征,11,2,0
1704,PackageCreationTemplate,csi,modeled,package_creation_template_ontology.json,modeled,存在与物理CDOName精确同名的本体类,22,10,3
1705,PackageTemplateTargetSystems,csi,not_modeled,,runtime_or_history,名称显示为运行、历史、审计、缓存或日志表,5,2,0
1717,PackageType,csi,modeled,package_type_ontology.json,modeled,存在与物理CDOName精确同名的本体类,10,1,4
393,Path,csi,modeled,workflow_ontology.json,modeled,存在与物理CDOName精确同名的本体类,16,6,5
394,PathSelector,csi,modeled,workflow_ontology.json,modeled,存在与物理CDOName精确同名的本体类,15,2,1
1813,PauseReason,csi,modeled,pause_reason_ontology.json,modeled,存在与物理CDOName精确同名的本体类,10,1,2
1814,PauseReasonGroup,csi,modeled,pause_reason_group_ontology.json,modeled,存在与物理CDOName精确同名的本体类,12,2,4
1817,PauseReasonGroupDefaultForObje,csi,not_modeled,,child_or_association,名称显示为明细、映射、列表或参数子表,5,1,0
1815,PauseReasonGroupEntries,csi,not_modeled,,child_or_association,名称显示为明细、映射、列表或参数子表,5,2,0
1816,PauseReasonGroupGroups,csi,not_modeled,,child_or_association,名称显示为明细、映射、列表或参数子表,5,2,0
1812,PauseTaskHistory,csi,not_modeled,,runtime_or_history,名称显示为运行、历史、审计、缓存或日志表,16,6,1
1811,PauseTaskHistoryHistoryDetails,csi,not_modeled,,runtime_or_history,名称显示为运行、历史、审计、缓存或日志表,5,1,0
1372,PermissionDefinition,csi,modeled,semiconductor_user_job_spc_configuration_ontology.json,modeled,存在与物理CDOName精确同名的本体类,9,1,1
1196,PersistenceStore,csi,not_modeled,,internal_or_unclassified,缺少顶级建模实体的稳定特征,6,0,0
1154,Phase,csi,modeled,semiconductor_action_approval_esign_ontology.json,modeled,存在与物理CDOName精确同名的本体类,42,9,7
1161,PhaseESigHistoryDetails,csi,not_modeled,,runtime_or_history,名称显示为运行、历史、审计、缓存或日志表,5,2,0
1293,PhaseEventLots,csi,not_modeled,,internal_or_unclassified,缺少顶级建模实体的稳定特征,5,2,0
1176,PhaseonCompleteRules,csi,not_modeled,,internal_or_unclassified,缺少顶级建模实体的稳定特征,5,2,0
1175,PhaseonStartRules,csi,not_modeled,,internal_or_unclassified,缺少顶级建模实体的稳定特征,5,2,0
1158,PhasePrerequisites,csi,not_modeled,,child_or_association,名称显示为明细、映射、列表或参数子表,5,2,0
1147,PhaseTemplate,csi,modeled,phase_template_ontology.json,modeled,存在与物理CDOName精确同名的本体类,25,6,5
1165,PhaseTemplateonCompleteRules,csi,not_modeled,,runtime_or_history,名称显示为运行、历史、审计、缓存或日志表,5,2,0
1164,PhaseTemplateonStartRules,csi,not_modeled,,runtime_or_history,名称显示为运行、历史、审计、缓存或日志表,5,2,0
1148,PhaseTemplateOrganizations,csi,not_modeled,,runtime_or_history,名称显示为运行、历史、审计、缓存或日志表,5,2,0
1149,PlanTemplate,csi,modeled,plan_template_ontology.json,modeled,存在与物理CDOName精确同名的本体类,25,6,5
1167,PlanTemplateonCompleteRules,csi,not_modeled,,runtime_or_history,名称显示为运行、历史、审计、缓存或日志表,5,2,0
1166,PlanTemplateonStartRules,csi,not_modeled,,runtime_or_history,名称显示为运行、历史、审计、缓存或日志表,5,2,0
1150,PlanTemplateOrganizations,csi,not_modeled,,runtime_or_history,名称显示为运行、历史、审计、缓存或日志表,5,2,0
1237,PortalMenuDefinition,csi,modeled,semiconductor_shared_support_ontology.json,modeled,存在与物理CDOName精确同名的本体类,13,3,9
1238,PortalMenuItem,csi,not_modeled,,child_or_association,名称显示为明细、映射、列表或参数子表,19,5,0
1313,PortalMessageCategory,csi,not_modeled,,internal_infrastructure,名称显示为UI、查询、门户或内部基础设施,13,2,2
1358,PortalTab,csi,not_modeled,,internal_infrastructure,名称显示为UI、查询、门户或内部基础设施,12,2,6
1004,PrinterLabelDefinition,csi,modeled,printer_label_definition_ontology.json,modeled,存在与物理CDOName精确同名的本体类,18,4,7
1003,PrinterLabelDefinitionBase,csi,modeled,cross_module_ontology.json,modeled,存在与物理CDOName精确同名的本体类,6,1,1
1009,PrintLabelHistory,csi,not_modeled,,runtime_or_history,名称显示为运行、历史、审计、缓存或日志表,10,3,0
1002,PrintQueue,csi,modeled,print_queue_ontology.json,modeled,存在与物理CDOName精确同名的本体类,15,2,8
346,PriorityCode,csi,modeled,priority_code_ontology.json,modeled,存在与物理CDOName精确同名的本体类,13,3,7
1066,PriorityLevel,csi,modeled,priority_level_ontology.json,modeled,存在与物理CDOName精确同名的本体类,11,2,7
868,ProcessedTxnGUID,csi,not_modeled,,internal_or_unclassified,缺少顶级建模实体的稳定特征,5,0,0
381,ProcessingGate,csi,modeled,workflow_ontology.json,modeled,存在与物理CDOName精确同名的本体类,15,2,2
382,ProcessingGateOptionalSteps,csi,not_modeled,,internal_or_unclassified,缺少顶级建模实体的稳定特征,5,2,0
383,ProcessingGateRequiredSteps,csi,not_modeled,,internal_or_unclassified,缺少顶级建模实体的稳定特征,5,2,0
1153,ProcessModel,csi,modeled,quality_ontology.json,modeled,存在与物理CDOName精确同名的本体类,37,8,5
1163,ProcessModelESigHistoryDetails,csi,not_modeled,,runtime_or_history,名称显示为运行、历史、审计、缓存或日志表,5,2,0
1172,ProcessModelonCompleteRules,csi,not_modeled,,internal_or_unclassified,缺少顶级建模实体的稳定特征,5,2,0
1171,ProcessModelonStartRules,csi,not_modeled,,internal_or_unclassified,缺少顶级建模实体的稳定特征,5,2,0
1145,ProcessModelTemplate,csi,modeled,process_model_template_ontology.json,modeled,存在与物理CDOName精确同名的本体类,24,6,9
1144,ProcessModelTemplateBase,csi,modeled,semiconductor_revision_bases_ontology.json,modeled,存在与物理CDOName精确同名的本体类,6,1,1
1170,ProcessModelTemplateonComplete,csi,not_modeled,,runtime_or_history,名称显示为运行、历史、审计、缓存或日志表,5,2,0
1169,ProcessModelTemplateonStartRul,csi,not_modeled,,runtime_or_history,名称显示为运行、历史、审计、缓存或日志表,5,2,0
1146,ProcessModelTemplateOrgs,csi,not_modeled,,runtime_or_history,名称显示为运行、历史、审计、缓存或日志表,5,2,0
1696,ProcessTimer,csi,modeled,process_timer_ontology.json,modeled,存在与物理CDOName精确同名的本体类,26,6,7
1695,ProcessTimerBase,csi,modeled,semiconductor_revision_bases_ontology.json,modeled,存在与物理CDOName精确同名的本体类,6,1,1
1697,ProcessTimerDtl,csi,not_modeled,,child_or_association,名称显示为明细、映射、列表或参数子表,33,14,2
1713,ProcessTimerHistory,csi,not_modeled,,runtime_or_history,名称显示为运行、历史、审计、缓存或日志表,7,1,1
1710,ProcessTimerHistoryDetail,csi,not_modeled,,runtime_or_history,名称显示为运行、历史、审计、缓存或日志表,13,0,0
1714,ProcessTimerHistoryHistoryDeta,csi,not_modeled,,runtime_or_history,名称显示为运行、历史、审计、缓存或日志表,5,1,0
1694,ProcessTimerType,csi,modeled,process_timer_type_ontology.json,modeled,存在与物理CDOName精确同名的本体类,11,2,1
502,Product,csi,modeled,product_ontology.json,modeled,存在与物理CDOName精确同名的本体类,143,34,139
310,ProductBase,csi,modeled,cross_module_ontology.json,modeled,存在与物理CDOName精确同名的本体类,7,1,1
681574512,ProductBinList,40,not_modeled,,internal_or_unclassified,缺少顶级建模实体的稳定特征,4,0,0
681574516,ProductBOMList,40,not_modeled,,internal_or_unclassified,缺少顶级建模实体的稳定特征,4,0,0
291,ProductFamily,csi,modeled,product_family_ontology.json,modeled,存在与物理CDOName精确同名的本体类,27,12,3
374,ProductionStatus,csi,not_modeled,,runtime_or_history,名称显示为运行、历史、审计、缓存或日志表,52,14,2
376,ProductionStatusAllowedProduct,csi,not_modeled,,child_or_association,名称显示为明细、映射、列表或参数子表,6,2,0
855,ProductionStatusRI,csi,not_modeled,,child_or_association,名称显示为明细、映射、列表或参数子表,4,0,0
683,ProductMaterialListItem,csi,modeled,bom_ontology.json,modeled,存在与物理CDOName精确同名的本体类,45,9,3
679477250,ProductMaterialListItemAlterna,40,not_modeled,,child_or_association,名称显示为明细、映射、列表或参数子表,5,2,0
395,ProductOption,csi,not_modeled,,non_top_level_record,虽有独立主键，但缺少名称、冻结/变更或被引用等顶级建模特征,18,3,0
1808,ProductOtherProductRevisions,csi,not_modeled,,internal_or_unclassified,缺少顶级建模实体的稳定特征,3,0,0
681574514,ProductProcessSpecList,40,not_modeled,,internal_or_unclassified,缺少顶级建模实体的稳定特征,4,0,0
681574513,ProductSortingGrades,40,not_modeled,,internal_or_unclassified,缺少顶级建模实体的稳定特征,4,0,0
681574515,Productss_InstructionVariable,40,not_modeled,,child_or_association,名称显示为明细、映射、列表或参数子表,5,2,0
703,ProductSubstitutes,csi,not_modeled,,child_or_association,名称显示为明细、映射、列表或参数子表,6,2,0
347,ProductType,csi,modeled,product_type_ontology.json,modeled,存在与物理CDOName精确同名的本体类,12,3,3
702,ProductVendorItems,csi,not_modeled,,internal_or_unclassified,缺少顶级建模实体的稳定特征,5,2,0
681574511,ProductVendors,40,not_modeled,,internal_or_unclassified,缺少顶级建模实体的稳定特征,4,0,0
800,QtyAdjustGroup,csi,modeled,semiconductor_legacy_name_replacements_ontology.json,modeled,存在与物理CDOName精确同名的本体类,12,2,5
566,QtyAdjustReason,csi,modeled,qty_adjust_reason_ontology.json,modeled,存在与物理CDOName精确同名的本体类,11,2,1
541,QtyHistory,csi,not_modeled,,runtime_or_history,名称显示为运行、历史、审计、缓存或日志表,19,7,1
543,QtyHistoryDetails,csi,not_modeled,,runtime_or_history,名称显示为运行、历史、审计、缓存或日志表,32,7,0
1214,QualityCrossReference,csi,not_modeled,,internal_or_unclassified,缺少顶级建模实体的稳定特征,5,0,0
1200,QualityCrossRefHistory,csi,not_modeled,,runtime_or_history,名称显示为运行、历史、审计、缓存或日志表,18,5,0
1347,QualityProcessingMap,csi,modeled,organization_ontology.json,modeled,存在与物理CDOName精确同名的本体类,10,3,1
1296,QualityReportConfig,csi,modeled,organization_ontology.json,modeled,存在与物理CDOName精确同名的本体类,11,4,0
1182,QualityResolutionCode,csi,modeled,quality_resolution_code_ontology.json,modeled,存在与物理CDOName精确同名的本体类,11,2,6
1373,QueryStringParameter,csi,not_modeled,,internal_infrastructure,名称显示为UI、查询、门户或内部基础设施,8,1,1
1269,RecipeItem,csi,not_modeled,,child_or_association,名称显示为明细、映射、列表或参数子表,26,6,3
1270,RecipeItemPrerequisiteTasks,csi,not_modeled,,runtime_or_history,名称显示为运行、历史、审计、缓存或日志表,5,1,0
1268,RecipeList,csi,modeled,recipe_list_ontology.json,modeled,存在与物理CDOName精确同名的本体类,29,13,7
1267,RecipeListBase,csi,modeled,cross_module_ontology.json,modeled,存在与物理CDOName精确同名的本体类,6,1,1
1273,RecipeMaterialListItem,csi,not_modeled,,child_or_association,名称显示为明细、映射、列表或参数子表,47,8,3
679477251,RecipeMaterialListItemAlternat,40,not_modeled,,child_or_association,名称显示为明细、映射、列表或参数子表,5,2,0
1262,RecordDecisionTreeHistory,csi,not_modeled,,runtime_or_history,名称显示为运行、历史、审计、缓存或日志表,10,3,3
1414,RecordSPCViolationHistory,csi,not_modeled,,runtime_or_history,名称显示为运行、历史、审计、缓存或日志表,6,1,1
1255,RegulatoryAgency,csi,modeled,regulatory_agency_ontology.json,modeled,存在与物理CDOName精确同名的本体类,12,3,5
1258,RegulatoryReport,csi,not_modeled,,non_top_level_record,虽有独立主键，但缺少名称、冻结/变更或被引用等顶级建模特征,20,6,0
1264,RegulatoryReportHistoryDetail,csi,not_modeled,,runtime_or_history,名称显示为运行、历史、审计、缓存或日志表,23,7,0
1256,RegulatoryReportMap,csi,not_modeled,,child_or_association,名称显示为明细、映射、列表或参数子表,9,3,0
1254,RegulatoryReportType,csi,modeled,regulatory_report_type_ontology.json,modeled,存在与物理CDOName精确同名的本体类,11,2,4
928,ReleaseReason,csi,modeled,release_reason_ontology.json,modeled,存在与物理CDOName精确同名的本体类,11,2,7
779,RemovalReason,csi,modeled,removal_reason_ontology.json,modeled,存在与物理CDOName精确同名的本体类,12,2,1
786,RemoveDifferenceReason,csi,modeled,remove_difference_reason_ontology.json,modeled,存在与物理CDOName精确同名的本体类,11,2,3
785,RemoveHistoryDetail,csi,not_modeled,,runtime_or_history,名称显示为运行、历史、审计、缓存或日志表,28,8,1
1309,ReorderProcessObjectHistDetail,csi,not_modeled,,runtime_or_history,名称显示为运行、历史、审计、缓存或日志表,8,1,0
1307,ReorderProcessObjectHistory,csi,not_modeled,,runtime_or_history,名称显示为运行、历史、审计、缓存或日志表,10,2,1
1733,ReplaceReason,csi,modeled,replace_reason_ontology.json,modeled,存在与物理CDOName精确同名的本体类,11,1,2
1253,ReportMappingConfig,csi,not_modeled,,child_or_association,名称显示为明细、映射、列表或参数子表,13,2,2
1011,ReprintLabelHistory,csi,not_modeled,,runtime_or_history,名称显示为运行、历史、审计、缓存或日志表,10,3,0
1762,ReprintReason,csi,modeled,semiconductor_security_kpi_configuration_ontology.json,modeled,存在与物理CDOName精确同名的本体类,10,1,1
1305,ReprocessActivityHistory,csi,not_modeled,,runtime_or_history,名称显示为运行、历史、审计、缓存或日志表,10,2,0
673185846,RequestIdParameter,10,modeled,semiconductor_cio_bases_ontology.json,modeled,存在与物理CDOName精确同名的本体类,10,1,1
293,ResourceDef,csi,modeled,semiconductor_shared_support_ontology.json,modeled,存在与物理CDOName精确同名的本体类,116,43,138
1800,ResourceDefAttributes,csi,not_modeled,,internal_or_unclassified,缺少顶级建模实体的稳定特征,3,0,0
854,ResourceDefRI,csi,not_modeled,,child_or_association,名称显示为明细、映射、列表或参数子表,4,0,0
1266,ResourceFamily,csi,modeled,resource_family_ontology.json,modeled,存在与物理CDOName精确同名的本体类,28,8,27
592,ResourceGroup,csi,modeled,resource_group_ontology.json,modeled,存在与物理CDOName精确同名的本体类,16,2,27
596,ResourceGroupDftForObjTypes,csi,not_modeled,,internal_or_unclassified,缺少顶级建模实体的稳定特征,5,1,0
593,ResourceGroupEntries,csi,not_modeled,,child_or_association,名称显示为明细、映射、列表或参数子表,5,2,0
594,ResourceGroupGroups,csi,not_modeled,,child_or_association,名称显示为明细、映射、列表或参数子表,5,2,0
679477421,ResourceLayout,csi,modeled,resource_layout_ontology.json,modeled,存在与物理CDOName精确同名的本体类,14,2,3
679477423,ResourceLayoutDetails,csi,not_modeled,,child_or_association,名称显示为明细、映射、列表或参数子表,15,6,0
296,ResourceLogs,csi,modeled,resource_ontology.json,modeled,存在与物理CDOName精确同名的本体类,5,1,0
297,ResourcePMStatus,csi,not_modeled,,runtime_or_history,名称显示为运行、历史、审计、缓存或日志表,5,1,0
567,ResourceStatusCode,csi,modeled,resource_status_code_ontology.json,modeled,存在与物理CDOName精确同名的本体类,20,3,24
1380,ResourceStatusCodeGroup,csi,modeled,semiconductor_shared_support_ontology.json,modeled,存在与物理CDOName精确同名的本体类,12,2,7
1383,ResourceStatusCodeGroupDef,csi,modeled,semiconductor_user_job_spc_configuration_ontology.json,modeled,存在与物理CDOName精确同名的本体类,5,1,0
568,ResourceStatusCodeStatusReason,csi,not_modeled,,child_or_association,名称显示为明细、映射、列表或参数子表,5,2,0
1385,ResourceStatusDiagram,csi,not_modeled,,non_top_level_record,虽有独立主键，但缺少名称、冻结/变更或被引用等顶级建模特征,9,3,0
508,ResourceStatusHistory,csi,not_modeled,,runtime_or_history,名称显示为运行、历史、审计、缓存或日志表,51,19,1
1384,ResourceStatusModel,csi,modeled,resource_status_model_ontology.json,modeled,存在与物理CDOName精确同名的本体类,12,3,7
569,ResourceStatusReason,csi,modeled,resource_status_reason_ontology.json,modeled,存在与物理CDOName精确同名的本体类,12,2,13
771,ResourceThruputHistory,csi,not_modeled,,runtime_or_history,名称显示为运行、历史、审计、缓存或日志表,17,7,1
773,ResourceThruputHistoryDetails,csi,not_modeled,,runtime_or_history,名称显示为运行、历史、审计、缓存或日志表,5,1,0
1386,ResourceType,csi,modeled,resource_type_ontology.json,modeled,存在与物理CDOName精确同名的本体类,13,4,3
1317,ResponseItem,csi,not_modeled,,child_or_association,名称显示为明细、映射、列表或参数子表,8,1,1
1318,ResponseSet,csi,modeled,response_set_ontology.json,modeled,存在与物理CDOName精确同名的本体类,11,2,5
1381,ResStatusCodeGroupEntries,csi,not_modeled,,child_or_association,名称显示为明细、映射、列表或参数子表,5,2,0
1382,ResStatusCodeGroupGroups,csi,not_modeled,,child_or_association,名称显示为明细、映射、列表或参数子表,5,2,0
1387,ResStatusReasonGroup,csi,modeled,res_status_reason_group_ontology.json,modeled,存在与物理CDOName精确同名的本体类,12,2,6
1390,ResStatusReasonGroupDefFor,csi,not_modeled,,internal_or_unclassified,缺少顶级建模实体的稳定特征,5,1,0
1388,ResStatusReasonGroupEntries,csi,not_modeled,,child_or_association,名称显示为明细、映射、列表或参数子表,5,2,0
1389,ResStatusReasonGroupGroups,csi,not_modeled,,child_or_association,名称显示为明细、映射、列表或参数子表,5,2,0
885,RestoreContainer,csi,not_modeled,,internal_or_unclassified,缺少顶级建模实体的稳定特征,5,0,0
1124,ReturnedEquipmentAction,csi,modeled,returned_equipment_action_ontology.json,modeled,存在与物理CDOName精确同名的本体类,11,2,3
1042,RevisionedObjectGroup,csi,modeled,semiconductor_security_kpi_configuration_ontology.json,modeled,存在与物理CDOName精确同名的本体类,12,2,4
1043,RevisionedObjectGroupEntries,csi,not_modeled,,child_or_association,名称显示为明细、映射、列表或参数子表,5,1,0
1044,RevisionedObjectGroupGroups,csi,not_modeled,,child_or_association,名称显示为明细、映射、列表或参数子表,5,2,0
540,ReworkReason,csi,modeled,rework_reason_ontology.json,modeled,存在与物理CDOName精确同名的本体类,12,3,8
667,ReworkReasonGroup,csi,modeled,rework_reason_group_ontology.json,modeled,存在与物理CDOName精确同名的本体类,12,2,4
398,ReworkStatus,csi,modeled,rework_ontology.json,modeled,存在与物理CDOName精确同名的本体类,9,4,1
712,ReworkStatusReEntryWorkflowStk,csi,not_modeled,,internal_or_unclassified,缺少顶级建模实体的稳定特征,5,2,0
853,ReworkStatusRI,csi,not_modeled,,child_or_association,名称显示为明细、映射、列表或参数子表,4,0,0
1391,ReworkStepDetail,csi,not_modeled,,child_or_association,名称显示为明细、映射、列表或参数子表,8,2,0
1337,RiskAssessment,csi,modeled,quality_ontology.json,modeled,存在与物理CDOName精确同名的本体类,11,0,2
914,RoleDef,csi,modeled,role_ontology.json,modeled,存在与物理CDOName精确同名的本体类,12,2,43
1219,RolePermission,csi,modeled,role_permissions_ontology.json,modeled,存在与物理CDOName精确同名的本体类,10,1,1
1221,RolePermissionModes,csi,not_modeled,,internal_or_unclassified,缺少顶级建模实体的稳定特征,5,1,0
701,RollupReason,csi,modeled,rollup_reason_ontology.json,modeled,存在与物理CDOName精确同名的本体类,11,2,3
804,RollupReasonGroup,csi,modeled,rollup_reason_group_ontology.json,modeled,存在与物理CDOName精确同名的本体类,12,2,4
863,RouteStep,csi,modeled,erp_route_ontology.json,modeled,存在与物理CDOName精确同名的本体类,12,1,7
1204,RoutingHistory,csi,not_modeled,,runtime_or_history,名称显示为运行、历史、审计、缓存或日志表,11,3,0
1802,RPTControlLimits,csi,not_modeled,,non_top_level_record,虽有独立主键，但缺少名称、冻结/变更或被引用等顶级建模特征,12,4,0
1803,RPTControlLimitsToUpdate,csi,not_modeled,,non_top_level_record,虽有独立主键，但缺少名称、冻结/变更或被引用等顶级建模特征,10,4,0
322,SalesOrder,csi,modeled,salesorder_ontology.json,modeled,存在与物理CDOName精确同名的本体类,18,6,4
1429,SampleDataPoint,csi,modeled,sampling_ontology.json,modeled,存在与物理CDOName精确同名的本体类,21,5,4
1428,SampleDataPointBase,csi,modeled,cross_module_ontology.json,modeled,存在与物理CDOName精确同名的本体类,6,1,1
1442,SampleSizeDetails,csi,modeled,aql_levels_ontology.json,modeled,存在与物理CDOName精确同名的本体类,10,1,0
1431,SampleTest,csi,modeled,sampling_ontology.json,modeled,存在与物理CDOName精确同名的本体类,26,10,9
1430,SampleTestBase,csi,modeled,cross_module_ontology.json,modeled,存在与物理CDOName精确同名的本体类,6,1,1
1432,SampleTestSampleDataPoints,csi,not_modeled,,internal_or_unclassified,缺少顶级建模实体的稳定特征,6,2,0
1439,SamplingCurrentStatus,csi,not_modeled,,runtime_or_history,名称显示为运行、历史、审计、缓存或日志表,21,14,0
1440,SamplingCurrentStatusRI,csi,not_modeled,,runtime_or_history,名称显示为运行、历史、审计、缓存或日志表,4,0,0
1434,SamplingPlan,csi,modeled,sampling_ontology.json,modeled,存在与物理CDOName精确同名的本体类,29,11,12
1433,SamplingPlanBase,csi,modeled,cross_module_ontology.json,modeled,存在与物理CDOName精确同名的本体类,6,1,1
1435,SamplingPlanDetails,csi,modeled,sampling_ontology.json,modeled,存在与物理CDOName精确同名的本体类,26,12,1
1131,ScheduledBizRuleExecHistory,csi,not_modeled,,runtime_or_history,名称显示为运行、历史、审计、缓存或日志表,16,0,0
1127,ScheduledBusinessRule,csi,modeled,scheduled_business_rule_ontology.json,modeled,存在与物理CDOName精确同名的本体类,36,3,1
1764,SchedulingRoute,csi,modeled,scheduling_route_ontology.json,modeled,存在与物理CDOName精确同名的本体类,17,5,2
1763,SchedulingRouteBase,csi,modeled,semiconductor_revision_bases_ontology.json,modeled,存在与物理CDOName精确同名的本体类,6,1,1
570,ScrapReason,csi,modeled,scrap_reason_ontology.json,modeled,存在与物理CDOName精确同名的本体类,11,2,2
681574500,scsAliasId,40,not_modeled,,internal_or_unclassified,缺少顶级建模实体的稳定特征,7,1,0
681574495,scsBinCode,40,modeled,semiconductor_bin_overlay_ontology.json,modeled,存在与物理CDOName精确同名的本体类,10,1,0
681574491,scsBinCodeMap,40,not_modeled,,child_or_association,名称显示为明细、映射、列表或参数子表,9,1,2
681574494,scsBinDefinition,40,modeled,semiconductor_bin_overlay_ontology.json,modeled,存在与物理CDOName精确同名的本体类,11,1,0
681574509,scsCarrierFamilyMatrix,40,modeled,semiconductor_carrier_material_tool_ontology.json,modeled,存在与物理CDOName精确同名的本体类,27,15,0
681574520,scsCarrierPositionalMap,40,not_modeled,,child_or_association,名称显示为明细、映射、列表或参数子表,11,2,0
681574499,scsChildLayout,40,not_modeled,,internal_or_unclassified,缺少顶级建模实体的稳定特征,7,1,0
681574497,scsDeviceId,40,not_modeled,,non_top_level_record,虽有独立主键，但缺少名称、冻结/变更或被引用等顶级建模特征,9,1,0
681574492,scsDeviceIdMap,40,not_modeled,,child_or_association,名称显示为明细、映射、列表或参数子表,6,1,1
681574522,scsEqpStorageLocation,40,not_modeled,,non_top_level_record,虽有独立主键，但缺少名称、冻结/变更或被引用等顶级建模特征,8,2,0
681574504,scsFailureHoldSetup,40,modeled,semiconductor_quality_iqc_ontology.json,modeled,存在与物理CDOName精确同名的本体类,16,5,3
681574521,scsInlineParams,40,modeled,semiconductor_spc_quality_details_ontology.json,modeled,存在与物理CDOName精确同名的本体类,10,1,0
681574701,scsLotCarrierPosition,40,not_modeled,,child_or_association,名称显示为明细、映射、列表或参数子表,12,3,2
681574702,scsLotCarrierPositionHistory,40,not_modeled,,runtime_or_history,名称显示为运行、历史、审计、缓存或日志表,14,4,0
681574486,scsMapData,40,modeled,semiconductor_shipping_integration_ontology.json,modeled,存在与物理CDOName精确同名的本体类,12,2,3
681574498,scsMapDataLayout,40,not_modeled,,non_top_level_record,虽有独立主键，但缺少名称、冻结/变更或被引用等顶级建模特征,26,1,1
681574487,scsMapDataSubstrate,40,not_modeled,,non_top_level_record,虽有独立主键，但缺少名称、冻结/变更或被引用等顶级建模特征,16,1,1
681574488,scsMapDataSubstrateMap,40,not_modeled,,child_or_association,名称显示为明细、映射、列表或参数子表,13,1,1
681574489,scsOverlay,40,modeled,semiconductor_bin_overlay_ontology.json,modeled,存在与物理CDOName精确同名的本体类,8,1,4
681574485,scsPreactorScheduleData,40,not_modeled,,runtime_or_history,名称显示为运行、历史、审计、缓存或日志表,21,6,2
681574505,scsQuantixMatrix,40,modeled,semiconductor_shipping_integration_ontology.json,modeled,存在与物理CDOName精确同名的本体类,33,16,0
681574503,scsQuantixRecipe,40,modeled,semiconductor_shipping_integration_ontology.json,modeled,存在与物理CDOName精确同名的本体类,20,11,6
681574490,scsReferenceDevice,40,not_modeled,,non_top_level_record,虽有独立主键，但缺少名称、冻结/变更或被引用等顶级建模特征,12,1,0
681574484,scsSchedulingMatrix,40,modeled,semiconductor_scheduling_flow_ontology.json,modeled,存在与物理CDOName精确同名的本体类,25,11,1
681574481,scsSchedulingMatrixDetail,40,modeled,semiconductor_process_wip_details_ontology.json,modeled,存在与物理CDOName精确同名的本体类,16,1,1
681574480,scsSpecSchedulingDetail,40,not_modeled,,child_or_association,名称显示为明细、映射、列表或参数子表,16,1,1
679477466,scsStatusModel,40,modeled,semiconductor_shipping_integration_ontology.json,modeled,存在与物理CDOName精确同名的本体类,11,2,4
679477467,scsStatusModelDetail,40,not_modeled,,child_or_association,名称显示为明细、映射、列表或参数子表,13,4,1
679477468,scsStatusModelDetailToReason,40,not_modeled,,child_or_association,名称显示为明细、映射、列表或参数子表,9,3,0
681574496,scsTransfer,40,not_modeled,,non_top_level_record,虽有独立主键，但缺少名称、冻结/变更或被引用等顶级建模特征,10,1,0
681574493,scsTransferMap,40,not_modeled,,child_or_association,名称显示为明细、映射、列表或参数子表,9,1,1
681574703,scsWaferDataSampling,40,modeled,semiconductor_wafer_experiment_ontology.json,modeled,存在与物理CDOName精确同名的本体类,15,2,1
1032,SecurityAuditTrail,csi,not_modeled,,runtime_or_history,名称显示为运行、历史、审计、缓存或日志表,9,1,0
1033,SecurityAuditTrailHeader,csi,not_modeled,,runtime_or_history,名称显示为运行、历史、审计、缓存或日志表,21,2,1
1228,SecurityCacheRefreshRequest,csi,not_modeled,,runtime_or_history,名称显示为运行、历史、审计、缓存或日志表,5,0,0
787,SecurityDescriptor,csi,not_modeled,,internal_or_unclassified,缺少顶级建模实体的稳定特征,3,0,0
1229,SecurityServers,csi,not_modeled,,internal_or_unclassified,缺少顶级建模实体的稳定特征,4,0,0
571,SellReason,csi,modeled,sell_reason_ontology.json,modeled,存在与物理CDOName精确同名的本体类,11,2,1
803,SellReasonGroup,csi,modeled,sell_reason_group_ontology.json,modeled,存在与物理CDOName精确同名的本体类,12,2,5
835,SerializeHistory,csi,not_modeled,,runtime_or_history,名称显示为运行、历史、审计、缓存或日志表,14,3,1
834,SerializeHistoryDetails,csi,not_modeled,,runtime_or_history,名称显示为运行、历史、审计、缓存或日志表,11,3,0
526,SessionValues,csi,not_modeled,,non_top_level_record,虽有独立主键，但缺少名称、冻结/变更或被引用等顶级建模特征,21,7,1
358,Setup,csi,modeled,setup_ontology.json,modeled,存在与物理CDOName精确同名的本体类,19,6,11
313,SetupBase,csi,modeled,semiconductor_revision_bases_ontology.json,modeled,存在与物理CDOName精确同名的本体类,6,1,1
879,Shift,csi,modeled,shift_ontology.json,modeled,存在与物理CDOName精确同名的本体类,11,2,5
912,ShipmentDestGrpDefForObjTypes,csi,not_modeled,,internal_or_unclassified,缺少顶级建模实体的稳定特征,5,1,0
830,ShipmentDestination,csi,modeled,shipment_destination_ontology.json,modeled,存在与物理CDOName精确同名的本体类,17,6,3
909,ShipmentDestinationGrp,csi,modeled,shipment_destination_group_ontology.json,modeled,存在与物理CDOName精确同名的本体类,12,2,6
910,ShipmentDestinationGrpEntries,csi,not_modeled,,child_or_association,名称显示为明细、映射、列表或参数子表,5,2,0
911,ShipmentDestinationGrpGroups,csi,not_modeled,,child_or_association,名称显示为明细、映射、列表或参数子表,5,2,0
539,ShippingReason,csi,modeled,shipping_reason_ontology.json,modeled,存在与物理CDOName精确同名的本体类,12,3,1
678,ShippingReasonGroup,csi,modeled,shipping_reason_group_ontology.json,modeled,存在与物理CDOName精确同名的本体类,12,2,3
1760,ShopFloorSettings,csi,modeled,cross_module_ontology.json,modeled,存在与物理CDOName精确同名的本体类,22,8,2
1801,SignalRConfiguration,csi,modeled,cross_module_ontology.json,modeled,存在与物理CDOName精确同名的本体类,13,1,1
1287,SignApprovalHistory,csi,not_modeled,,runtime_or_history,名称显示为运行、历史、审计、缓存或日志表,28,7,1
831,Site,csi,modeled,factory_ontology.json,modeled,存在与物理CDOName精确同名的本体类,16,5,3
1738,SmartScanPattern,csi,not_modeled,,non_top_level_record,虽有独立主键，但缺少名称、冻结/变更或被引用等顶级建模特征,15,1,0
1737,SmartScanRule,csi,modeled,cross_module_ontology.json,modeled,存在与物理CDOName精确同名的本体类,12,1,3
1769,SPCChartCustomInfo,csi,not_modeled,,non_top_level_record,虽有独立主键，但缺少名称、冻结/变更或被引用等顶级建模特征,13,1,0
1353,SPCChartDef,csi,modeled,spc_ontology.json,modeled,存在与物理CDOName精确同名的本体类,46,10,5
1413,SPCChartHistoryDetail,csi,not_modeled,,runtime_or_history,名称显示为运行、历史、审计、缓存或日志表,10,2,1
1739,SPCChartParams,csi,not_modeled,,child_or_association,名称显示为明细、映射、列表或参数子表,10,1,0
1740,SPCChartQueryParams,csi,not_modeled,,child_or_association,名称显示为明细、映射、列表或参数子表,12,1,0
1748,SPCRuleViolations,csi,not_modeled,,runtime_or_history,名称显示为运行、历史、审计、缓存或日志表,8,2,1
1750,SPCViolation,csi,modeled,spc_ontology.json,modeled,存在与物理CDOName精确同名的本体类,10,1,2
1412,SPCViolationHistoryDetail,csi,not_modeled,,runtime_or_history,名称显示为运行、历史、审计、缓存或日志表,26,6,0
1749,SPCViolationParams,csi,not_modeled,,child_or_association,名称显示为明细、映射、列表或参数子表,10,2,0
361,Spec,csi,modeled,spec_ontology.json,modeled,存在与物理CDOName精确同名的本体类,111,27,129
316,SpecBase,csi,modeled,cross_module_ontology.json,modeled,存在与物理CDOName精确同名的本体类,6,1,1
1786,SpecContainerAutoHoldReqTxnMap,csi,not_modeled,,child_or_association,名称显示为明细、映射、列表或参数子表,4,0,0
389,SpecSchedulingDetail,csi,modeled,spec_ontology.json,modeled,存在与物理CDOName精确同名的本体类,16,0,1
400,SpecStatus,csi,not_modeled,,runtime_or_history,名称显示为运行、历史、审计、缓存或日志表,8,2,2
401,SpecStatusCompletedTxns,csi,not_modeled,,internal_or_unclassified,缺少顶级建模实体的稳定特征,5,1,0
363,SpecTxnMap,csi,not_modeled,,child_or_association,名称显示为明细、映射、列表或参数子表,5,2,0
616,SplitHistory,csi,not_modeled,,runtime_or_history,名称显示为运行、历史、审计、缓存或日志表,28,4,2
618,SplitHistoryDetails,csi,not_modeled,,runtime_or_history,名称显示为运行、历史、审计、缓存或日志表,46,3,0
681574404,ss_AllowedFromStatuses,40,not_modeled,,child_or_association,名称显示为明细、映射、列表或参数子表,7,2,0
681574431,ss_BlanketExperiments,40,modeled,semiconductor_wafer_experiment_ontology.json,modeled,存在与物理CDOName精确同名的本体类,26,12,0
681574441,ss_CompleteSurveillanceHisto_1,40,not_modeled,,runtime_or_history,名称显示为运行、历史、审计、缓存或日志表,5,2,0
681574440,ss_CompleteSurveillanceHistory,40,not_modeled,,runtime_or_history,名称显示为运行、历史、审计、缓存或日志表,9,1,2
681574442,ss_CompleteSurvHistoryDetails,40,not_modeled,,runtime_or_history,名称显示为运行、历史、审计、缓存或日志表,22,3,1
681574447,ss_ContainerDimension,40,modeled,semiconductor_carrier_material_tool_ontology.json,modeled,存在与物理CDOName精确同名的本体类,14,2,1
681574449,ss_ContainerFeederHistory,40,not_modeled,,runtime_or_history,名称显示为运行、历史、审计、缓存或日志表,12,5,1
681574450,ss_ContainerFeederHistoryHisto,40,not_modeled,,runtime_or_history,名称显示为运行、历史、审计、缓存或日志表,5,1,0
681574429,ss_CustomSPCGridFilter,40,modeled,semiconductor_spc_quality_details_ontology.json,modeled,存在与物理CDOName精确同名的本体类,11,2,1
681574406,ss_EqpConstraintDetails,40,modeled,semiconductor_process_wip_details_ontology.json,modeled,存在与物理CDOName精确同名的本体类,14,2,0
681574405,ss_EqpConstraintMatrix,40,modeled,semiconductor_process_equipment_ontology.json,modeled,存在与物理CDOName精确同名的本体类,13,4,1
681574457,ss_EquipmentFeedersMaterials,40,not_modeled,,non_top_level_record,虽有独立主键，但缺少名称、冻结/变更或被引用等顶级建模特征,23,6,0
681574414,ss_FailureFutureHoldSetup,40,modeled,semiconductor_wip_control_ontology.json,modeled,存在与物理CDOName精确同名的本体类,11,2,29
681574416,ss_FailureFutureHoldSetupss_Fu,40,not_modeled,,internal_or_unclassified,缺少顶级建模实体的稳定特征,5,2,0
681574413,ss_FailureInfo,40,not_modeled,,non_top_level_record,虽有独立主键，但缺少名称、冻结/变更或被引用等顶级建模特征,8,2,0
681574412,ss_FailureNCRSetup,40,modeled,semiconductor_wip_control_ontology.json,modeled,存在与物理CDOName精确同名的本体类,14,4,27
681574454,ss_FeederPlan,40,modeled,semiconductor_carrier_material_tool_ontology.json,modeled,存在与物理CDOName精确同名的本体类,15,4,3
681574453,ss_FeederPlanBase,40,modeled,semiconductor_cio_bases_ontology.json,modeled,存在与物理CDOName精确同名的本体类,6,1,1
681574455,ss_FeederPlanDetails,40,modeled,semiconductor_process_wip_details_ontology.json,modeled,存在与物理CDOName精确同名的本体类,11,6,0
681574451,ss_FeederSlot,40,modeled,semiconductor_carrier_material_tool_ontology.json,modeled,存在与物理CDOName精确同名的本体类,11,2,5
681574415,ss_FutureHoldSetupDetails,40,modeled,semiconductor_process_wip_details_ontology.json,modeled,存在与物理CDOName精确同名的本体类,15,5,1
681574424,ss_InstructionVariable,40,not_modeled,,child_or_association,名称显示为明细、映射、列表或参数子表,11,1,3
681574461,ss_LabelPlan,40,modeled,semiconductor_print_pack_ship_ontology.json,modeled,存在与物理CDOName精确同名的本体类,15,3,4
681574462,ss_LabelPlanDetails,40,modeled,semiconductor_print_interface_details_ontology.json,modeled,存在与物理CDOName精确同名的本体类,15,2,0
681574460,ss_LabelSetup,40,modeled,semiconductor_print_pack_ship_ontology.json,modeled,存在与物理CDOName精确同名的本体类,16,5,2
681574470,ss_LabelSourceInput,40,modeled,semiconductor_print_interface_details_ontology.json,modeled,存在与物理CDOName精确同名的本体类,9,0,0
681574459,ss_LabelType,40,modeled,semiconductor_print_pack_ship_ontology.json,modeled,存在与物理CDOName精确同名的本体类,11,2,2
681574448,ss_LotAssociatePosition,40,not_modeled,,non_top_level_record,虽有独立主键，但缺少名称、冻结/变更或被引用等顶级建模特征,10,2,1
681574407,ss_MaskSetDetailsTools,40,not_modeled,,child_or_association,名称显示为明细、映射、列表或参数子表,8,2,0
681574456,ss_MfgLine,40,modeled,semiconductor_scheduling_flow_ontology.json,modeled,存在与物理CDOName精确同名的本体类,11,2,9
681574401,ss_ParameterMatrix,40,modeled,semiconductor_carrier_material_tool_ontology.json,modeled,存在与物理CDOName精确同名的本体类,21,9,1
681574402,ss_ParameterMatrixList,40,modeled,semiconductor_spc_quality_details_ontology.json,modeled,存在与物理CDOName精确同名的本体类,8,2,0
681574400,ss_ParamNameDetails,40,modeled,semiconductor_spc_quality_details_ontology.json,modeled,存在与物理CDOName精确同名的本体类,8,1,0
681574475,ss_ProcessTimerMatrix,40,modeled,semiconductor_scheduling_flow_ontology.json,modeled,存在与物理CDOName精确同名的本体类,18,6,2
681574476,ss_RecipeGroup,40,modeled,semiconductor_process_equipment_ontology.json,modeled,存在与物理CDOName精确同名的本体类,12,2,5
681574479,ss_RecipeGroupDefaultForObject,40,not_modeled,,child_or_association,名称显示为明细、映射、列表或参数子表,5,1,0
681574477,ss_RecipeGroupEntries,40,not_modeled,,child_or_association,名称显示为明细、映射、列表或参数子表,5,2,0
681574478,ss_RecipeGroupGroups,40,not_modeled,,child_or_association,名称显示为明细、映射、列表或参数子表,5,2,0
681574452,ss_ResourceSlots,40,not_modeled,,internal_or_unclassified,缺少顶级建模实体的稳定特征,7,2,0
681574411,ss_SendAheadDetails,40,not_modeled,,child_or_association,名称显示为明细、映射、列表或参数子表,14,6,2
681574410,ss_SendAheadMatrix,40,modeled,semiconductor_scheduling_flow_ontology.json,modeled,存在与物理CDOName精确同名的本体类,26,11,0
681574428,ss_SlotWaferInstruction,40,modeled,semiconductor_print_interface_details_ontology.json,modeled,存在与物理CDOName精确同名的本体类,8,2,0
681574445,ss_SPCAnnotationCategory,40,modeled,semiconductor_spc_yield_ontology.json,modeled,存在与物理CDOName精确同名的本体类,11,2,1
681574432,ss_SPCCustomFilterTable,40,modeled,semiconductor_spc_yield_ontology.json,modeled,存在与物理CDOName精确同名的本体类,12,2,1
681574474,ss_SPCGPCChartData,40,modeled,semiconductor_spc_quality_details_ontology.json,modeled,存在与物理CDOName精确同名的本体类,16,1,1
681574473,ss_SPCTxnDataPointDetails,40,not_modeled,,runtime_or_history,名称显示为运行、历史、审计、缓存或日志表,9,1,0
681574435,ss_Surveillance,40,modeled,semiconductor_shipping_integration_ontology.json,modeled,存在与物理CDOName精确同名的本体类,40,6,6
681574434,ss_SurveillanceBase,40,modeled,semiconductor_cio_bases_ontology.json,modeled,存在与物理CDOName精确同名的本体类,6,1,1
681574436,ss_SurveillanceReason,40,modeled,semiconductor_shipping_integration_ontology.json,modeled,存在与物理CDOName精确同名的本体类,13,2,1
681574437,ss_Surveillancess_DueEmailTarg,40,not_modeled,,internal_or_unclassified,缺少顶级建模实体的稳定特征,5,2,0
681574438,ss_Surveillancess_PastDueEmail,40,not_modeled,,internal_or_unclassified,缺少顶级建模实体的稳定特征,5,2,0
681574439,ss_Surveillancess_PendingEmail,40,not_modeled,,internal_or_unclassified,缺少顶级建模实体的稳定特征,5,2,0
681574444,ss_SurveillanceStatus,40,not_modeled,,runtime_or_history,名称显示为运行、历史、审计、缓存或日志表,33,5,0
681574443,ss_SurveillanceStatusRI,40,not_modeled,,child_or_association,名称显示为明细、映射、列表或参数子表,4,0,0
681574403,ss_ToolAction,40,modeled,semiconductor_carrier_material_tool_ontology.json,modeled,存在与物理CDOName精确同名的本体类,19,4,3
681574458,ss_TrackLabel,40,modeled,semiconductor_shipping_integration_ontology.json,modeled,存在与物理CDOName精确同名的本体类,24,7,2
681574466,ss_TrackLabelDetails,40,modeled,semiconductor_print_interface_details_ontology.json,modeled,存在与物理CDOName精确同名的本体类,13,1,2
681574471,ss_TrackLabelDetailsPrintHist,40,not_modeled,,runtime_or_history,名称显示为运行、历史、审计、缓存或日志表,9,1,0
681574467,ss_TrackLabelDetailsSource,40,modeled,semiconductor_print_interface_details_ontology.json,modeled,存在与物理CDOName精确同名的本体类,8,1,0
681574464,ss_TrackLabelSource,40,modeled,semiconductor_print_interface_details_ontology.json,modeled,存在与物理CDOName精确同名的本体类,8,1,0
681574409,ss_UsageReqSetupDetails,40,modeled,semiconductor_spc_quality_details_ontology.json,modeled,存在与物理CDOName精确同名的本体类,10,1,1
681574427,ss_WIPDataSetupMatrix,40,modeled,semiconductor_wip_control_ontology.json,modeled,存在与物理CDOName精确同名的本体类,24,12,1
1473,StartChangePkgHistory,csi,not_modeled,,runtime_or_history,名称显示为运行、历史、审计、缓存或日志表,19,7,2
1486,StartChangePkgHistoryInstances,csi,not_modeled,,runtime_or_history,名称显示为运行、历史、审计、缓存或日志表,5,2,0
1485,StartChangePkgHistoryTargetSys,csi,not_modeled,,runtime_or_history,名称显示为运行、历史、审计、缓存或日志表,5,2,0
1283,StartContAttrHistoryDetail,csi,not_modeled,,runtime_or_history,名称显示为运行、历史、审计、缓存或日志表,11,1,0
496,StartHistoryDetail,csi,not_modeled,,runtime_or_history,名称显示为运行、历史、审计、缓存或日志表,93,30,7
1797,StartHistoryDetailIssueConditi,csi,not_modeled,,runtime_or_history,名称显示为运行、历史、审计、缓存或日志表,5,2,0
679477710,StartHistoryDetailLotCarriersV,40,not_modeled,,runtime_or_history,名称显示为运行、历史、审计、缓存或日志表,5,2,0
681574482,StartHistoryDetailscsPreactorS,40,not_modeled,,runtime_or_history,名称显示为运行、历史、审计、缓存或日志表,5,2,0
681574446,StartHistoryDetailss_LotAssoci,40,not_modeled,,runtime_or_history,名称显示为运行、历史、审计、缓存或日志表,5,2,0
681574433,StartHistoryDetailss_VirtualSl,40,not_modeled,,runtime_or_history,名称显示为运行、历史、审计、缓存或日志表,5,2,0
680,StartHistoryDtlWorkflowStack,csi,not_modeled,,runtime_or_history,名称显示为运行、历史、审计、缓存或日志表,5,2,0
341,StartReason,csi,modeled,start_reasons_ontology.json,modeled,存在与物理CDOName精确同名的本体类,12,3,7
1700,StartTimerTaskDtl,csi,not_modeled,,child_or_association,名称显示为明细、映射、列表或参数子表,8,2,1
1699,StartTimerTxnMap,csi,not_modeled,,child_or_association,名称显示为明细、映射、列表或参数子表,12,4,1
856,StepPassCount,csi,not_modeled,,non_top_level_record,虽有独立主键，但缺少名称、冻结/变更或被引用等顶级建模特征,8,2,0
857,StepPassCountRI,csi,not_modeled,,child_or_association,名称显示为明细、映射、列表或参数子表,4,0,0
822,StepSchedulingDetail,csi,modeled,cross_module_ontology.json,modeled,存在与物理CDOName精确同名的本体类,18,1,1
1345,SubClassification,csi,modeled,quality_ontology.json,modeled,存在与物理CDOName精确同名的本体类,12,2,13
706,SubstitutionReason,csi,modeled,substitution_reason_ontology.json,modeled,存在与物理CDOName精确同名的本体类,11,2,3
1359,SummaryTableDef,csi,modeled,semiconductor_security_kpi_configuration_ontology.json,modeled,存在与物理CDOName精确同名的本体类,31,2,1
1129,SuspectDeviceData,csi,not_modeled,,non_top_level_record,虽有独立主键，但缺少名称、冻结/变更或被引用等顶级建模特征,19,1,0
1130,SuspectDeviceHistoryDetail,csi,not_modeled,,runtime_or_history,名称显示为运行、历史、审计、缓存或日志表,21,1,1
1437,SwitchingRule,csi,modeled,switching_rules_ontology.json,modeled,存在与物理CDOName精确同名的本体类,17,6,5
1436,SwitchingRuleBase,csi,modeled,cross_module_ontology.json,modeled,存在与物理CDOName精确同名的本体类,6,1,1
1438,SwitchingRuleDetails,csi,modeled,switching_rules_ontology.json,modeled,存在与物理CDOName精确同名的本体类,15,4,0
559,SystemSecurityGroup,csi,modeled,semiconductor_security_kpi_configuration_ontology.json,modeled,存在与物理CDOName精确同名的本体类,12,1,1
673185847,TagDataParameter,10,modeled,semiconductor_cio_bases_ontology.json,modeled,存在与物理CDOName精确同名的本体类,10,1,1
1477,TargetDeployment,csi,not_modeled,,non_top_level_record,虽有独立主键，但缺少名称、冻结/变更或被引用等顶级建模特征,18,2,0
1491,TargetDeploymentHeader,csi,not_modeled,,child_or_association,名称显示为明细、映射、列表或参数子表,11,0,2
1447,TargetSystem,csi,modeled,semiconductor_shared_support_ontology.json,modeled,存在与物理CDOName精确同名的本体类,31,1,9
986,TaskItem,csi,modeled,electronic_procedure_ontology.json,modeled,存在与物理CDOName精确同名的本体类,27,8,13
988,TaskItemPrerequisiteTask,csi,not_modeled,,runtime_or_history,名称显示为运行、历史、审计、缓存或日志表,5,2,0
1810,TaskItemTaskMaterials,csi,not_modeled,,internal_or_unclassified,缺少顶级建模实体的稳定特征,4,0,0
985,TaskList,csi,modeled,electronic_procedure_ontology.json,modeled,存在与物理CDOName精确同名的本体类,22,8,5
984,TaskListBase,csi,modeled,cross_module_ontology.json,modeled,存在与物理CDOName精确同名的本体类,6,1,1
1809,TaskMaterials,csi,not_modeled,,non_top_level_record,虽有独立主键，但缺少名称、冻结/变更或被引用等顶级建模特征,11,2,0
878,Team,csi,modeled,team_ontology.json,modeled,存在与物理CDOName精确同名的本体类,11,2,2
1736,Terminal,csi,modeled,terminal_ontology.json,modeled,存在与物理CDOName精确同名的本体类,20,10,0
333,TextVariable,csi,modeled,semiconductor_security_kpi_configuration_ontology.json,modeled,存在与物理CDOName精确同名的本体类,14,2,2
515,ThruputHistory,csi,not_modeled,,runtime_or_history,名称显示为运行、历史、审计、缓存或日志表,23,9,1
679,ThruputHistoryDetail,csi,not_modeled,,runtime_or_history,名称显示为运行、历史、审计、缓存或日志表,17,5,0
1709,Timer,csi,not_modeled,,non_top_level_record,虽有独立主键，但缺少名称、冻结/变更或被引用等顶级建模特征,27,7,0
1053,TimerEvent,csi,not_modeled,,internal_or_unclassified,缺少顶级建模实体的稳定特征,1,0,0
1712,TimerRI,csi,not_modeled,,child_or_association,名称显示为明细、映射、列表或参数子表,4,0,0
1475,TrackableObjectCurrentStatus,csi,not_modeled,,runtime_or_history,名称显示为运行、历史、审计、缓存或日志表,8,3,2
1476,TrackObjCurrentStatusWFStack,csi,not_modeled,,runtime_or_history,名称显示为运行、历史、审计、缓存或日志表,5,2,0
1478,TrackTargetDeploymentHistory,csi,not_modeled,,runtime_or_history,名称显示为运行、历史、审计、缓存或日志表,14,1,1
1479,TrackTargetDeploymentHistoryHi,csi,not_modeled,,runtime_or_history,名称显示为运行、历史、审计、缓存或日志表,5,1,0
969,TrainingPlan,csi,modeled,training_plan_ontology.json,modeled,存在与物理CDOName精确同名的本体类,11,2,4
970,TrainingPlanDetail,csi,modeled,training_plan_ontology.json,modeled,存在与物理CDOName精确同名的本体类,10,3,0
975,TrainingRecord,csi,modeled,training_plan_ontology.json,modeled,存在与物理CDOName精确同名的本体类,13,5,1
968,TrainingRecordStatus,csi,modeled,training_plan_ontology.json,modeled,存在与物理CDOName精确同名的本体类,12,2,2
972,TrainingReqGroupEntries,csi,not_modeled,,child_or_association,名称显示为明细、映射、列表或参数子表,5,2,0
973,TrainingReqGroupGroups,csi,not_modeled,,child_or_association,名称显示为明细、映射、列表或参数子表,5,2,0
974,TrainingReqGrpDfltForObjTypes,csi,not_modeled,,internal_or_unclassified,缺少顶级建模实体的稳定特征,5,1,0
966,TrainingRequirement,csi,modeled,training_plan_ontology.json,modeled,存在与物理CDOName精确同名的本体类,24,5,6
965,TrainingRequirementBase,csi,modeled,cross_module_ontology.json,modeled,存在与物理CDOName精确同名的本体类,6,1,1
971,TrainingRequirementGroup,csi,modeled,training_plan_ontology.json,modeled,存在与物理CDOName精确同名的本体类,12,2,18
967,TrainingRequirementTrainers,csi,not_modeled,,internal_or_unclassified,缺少顶级建模实体的稳定特征,5,2,0
820,TransactionIdTable,csi,not_modeled,,internal_or_unclassified,缺少顶级建模实体的稳定特征,2,0,0
605,TransRevOIDs,csi,not_modeled,,internal_or_unclassified,缺少顶级建模实体的稳定特征,3,0,0
1222,TriageQualityObjectHistory,csi,not_modeled,,runtime_or_history,名称显示为运行、历史、审计、缓存或日志表,16,6,0
1183,TriageSpec,csi,modeled,triage_spec_ontology.json,modeled,存在与物理CDOName精确同名的本体类,11,2,4
1184,TriageSpecBusinessRules,csi,not_modeled,,internal_or_unclassified,缺少顶级建模实体的稳定特征,5,2,0
1185,TriageSpecDetail,csi,modeled,triage_spec_ontology.json,modeled,存在与物理CDOName精确同名的本体类,14,5,1
410,TxnDetails,csi,modeled,cross_module_ontology.json,modeled,存在与物理CDOName精确同名的本体类,12,3,2
411,TxnMap,csi,modeled,spec_ontology.json,modeled,存在与物理CDOName精确同名的本体类,13,2,1
1368,UIAction,csi,not_modeled,,internal_infrastructure,名称显示为UI、查询、门户或内部基础设施,50,10,7
1370,UIFloatPageLayout,csi,not_modeled,,internal_infrastructure,名称显示为UI、查询、门户或内部基础设施,8,3,2
1369,UIFloatPageLocation,csi,not_modeled,,internal_infrastructure,名称显示为UI、查询、门户或内部基础设施,8,1,1
1208,UIPageFlow,csi,not_modeled,,internal_infrastructure,名称显示为UI、查询、门户或内部基础设施,18,4,6
1211,UIPageFlowActivity,csi,not_modeled,,internal_infrastructure,名称显示为UI、查询、门户或内部基础设施,8,1,0
1210,UIPageFlowState,csi,not_modeled,,internal_infrastructure,名称显示为UI、查询、门户或内部基础设施,11,2,1
1361,UIPageParameter,csi,not_modeled,,internal_infrastructure,名称显示为UI、查询、门户或内部基础设施,8,0,0
1212,UIPersonalization,csi,not_modeled,,internal_infrastructure,名称显示为UI、查询、门户或内部基础设施,11,4,4
1215,UIPortalProfile,csi,not_modeled,,internal_infrastructure,名称显示为UI、查询、门户或内部基础设施,11,3,2
898,UIPreference,csi,modeled,cross_module_ontology.json,modeled,存在与物理CDOName精确同名的本体类,11,2,6
1224,UIPreferenceMap,csi,modeled,organization_ontology.json,modeled,存在与物理CDOName精确同名的本体类,8,2,0
901,UIPrefFieldDef,csi,not_modeled,,internal_infrastructure,名称显示为UI、查询、门户或内部基础设施,8,1,0
1379,UISourcePage,csi,not_modeled,,internal_infrastructure,名称显示为UI、查询、门户或内部基础设施,8,2,2
1363,UITarget,csi,not_modeled,,internal_infrastructure,名称显示为UI、查询、门户或内部基础设施,8,0,1
1366,UITargetCondition,csi,not_modeled,,internal_infrastructure,名称显示为UI、查询、门户或内部基础设施,10,1,0
1364,UITargetLink,csi,not_modeled,,internal_infrastructure,名称显示为UI、查询、门户或内部基础设施,11,3,0
1213,UIVirPageUserPersonalizations,csi,not_modeled,,internal_infrastructure,名称显示为UI、查询、门户或内部基础设施,5,2,0
1209,UIVirtualPage,csi,modeled,cross_module_ontology.json,modeled,存在与物理CDOName精确同名的本体类,18,4,16
349,UOM,csi,modeled,uoms_ontology.json,modeled,存在与物理CDOName精确同名的本体类,12,3,88
1140,UpdateCAPAHistory,csi,not_modeled,,runtime_or_history,名称显示为运行、历史、审计、缓存或日志表,11,4,2
1474,UpdateChangePkgHistory,csi,not_modeled,,runtime_or_history,名称显示为运行、历史、审计、缓存或日志表,18,6,2
1488,UpdateChangePkgHistoryInstance,csi,not_modeled,,runtime_or_history,名称显示为运行、历史、审计、缓存或日志表,5,2,0
1487,UpdateChangePkgHistoryTargetSy,csi,not_modeled,,runtime_or_history,名称显示为运行、历史、审计、缓存或日志表,5,2,0
1724,UpdateEventDetailsHistory,csi,not_modeled,,runtime_or_history,名称显示为运行、历史、审计、缓存或日志表,7,1,9
1191,UpdateEventHistory,csi,not_modeled,,runtime_or_history,名称显示为运行、历史、审计、缓存或日志表,8,1,2
1683,UpdateSamplingLotHistory,csi,not_modeled,,runtime_or_history,名称显示为运行、历史、审计、缓存或日志表,11,2,1
1684,UpdateSamplingLotHistoryHistor,csi,not_modeled,,runtime_or_history,名称显示为运行、历史、审计、缓存或日志表,5,1,0
1282,UserAttribute,csi,not_modeled,,non_top_level_record,虽有独立主键，但缺少名称、冻结/变更或被引用等顶级建模特征,15,5,0
635,UserCodeGroup,csi,modeled,semiconductor_security_kpi_configuration_ontology.json,modeled,存在与物理CDOName精确同名的本体类,12,2,4
751,UserCodeGroupEntries,csi,not_modeled,,child_or_association,名称显示为明细、映射、列表或参数子表,8,5,0
753,UserCodeGroupGroups,csi,not_modeled,,child_or_association,名称显示为明细、映射、列表或参数子表,8,5,0
796,UserCodeGrpDefaultForObjTypes,csi,not_modeled,,child_or_association,名称显示为明细、映射、列表或参数子表,8,4,0
1058,UserConstant,csi,modeled,semiconductor_user_job_spc_configuration_ontology.json,modeled,存在与物理CDOName精确同名的本体类,15,2,1
887,UserLabel,csi,modeled,semiconductor_user_job_spc_configuration_ontology.json,modeled,存在与物理CDOName精确同名的本体类,14,2,5
1351,UserProfile,csi,not_modeled,,non_top_level_record,虽有独立主键，但缺少名称、冻结/变更或被引用等顶级建模特征,8,2,1
889,UserQuery,csi,modeled,semiconductor_shared_support_ontology.json,modeled,存在与物理CDOName精确同名的本体类,19,2,18
1375,UserQueryGroup,csi,not_modeled,,internal_infrastructure,名称显示为UI、查询、门户或内部基础设施,12,2,5
1378,UserQueryGroupDefaultForObject,csi,not_modeled,,child_or_association,名称显示为明细、映射、列表或参数子表,5,1,0
1376,UserQueryGroupEntries,csi,not_modeled,,child_or_association,名称显示为明细、映射、列表或参数子表,5,2,0
1377,UserQueryGroupGroups,csi,not_modeled,,child_or_association,名称显示为明细、映射、列表或参数子表,5,2,0
890,UserQueryParameter,csi,not_modeled,,internal_infrastructure,名称显示为UI、查询、门户或内部基础设施,16,1,1
892,UserQueryUserQueryParameters,csi,not_modeled,,child_or_association,名称显示为明细、映射、列表或参数子表,5,2,0
687,Vendor,csi,modeled,supplier_ontology.json,modeled,存在与物理CDOName精确同名的本体类,11,2,13
686,VendorItem,csi,modeled,product_ontology.json,modeled,存在与物理CDOName精确同名的本体类,12,1,10
778,VersionInfo,csi,not_modeled,,internal_or_unclassified,缺少顶级建模实体的稳定特征,6,0,0
1302,VoidProcessObjectHistory,csi,not_modeled,,runtime_or_history,名称显示为运行、历史、审计、缓存或日志表,10,2,0
1331,WebPart,csi,not_modeled,,internal_infrastructure,名称显示为UI、查询、门户或内部基础设施,12,3,3
1459,WebPartWorkspacePersonalizatio,csi,not_modeled,,internal_infrastructure,名称显示为UI、查询、门户或内部基础设施,4,0,0
1686,WhereUsedConfig,csi,modeled,semiconductor_user_job_spc_configuration_ontology.json,modeled,存在与物理CDOName精确同名的本体类,10,1,2
1687,WhereUsedConfigDetail,csi,not_modeled,,child_or_association,名称显示为明细、映射、列表或参数子表,11,1,1
1688,WhereUsedConfigWhereUsedConfig,csi,not_modeled,,internal_or_unclassified,缺少顶级建模实体的稳定特征,5,2,0
413,WIPMsgConfig,csi,modeled,semiconductor_user_job_spc_configuration_ontology.json,modeled,存在与物理CDOName精确同名的本体类,7,1,3
415,WIPMsgConfigOperationsExcluded,csi,not_modeled,,internal_or_unclassified,缺少顶级建模实体的稳定特征,5,2,0
414,WIPMsgConfigWIPMsgCntrEntities,csi,not_modeled,,internal_or_unclassified,缺少顶级建模实体的稳定特征,5,1,0
418,WIPMsgDefMgr,csi,modeled,cross_module_ontology.json,modeled,存在与物理CDOName精确同名的本体类,11,2,61
420,WIPMsgDetails,csi,modeled,workflow_ontology.json,modeled,存在与物理CDOName精确同名的本体类,31,5,2
421,WIPMsgDetailsNotificationTrgts,csi,not_modeled,,child_or_association,名称显示为明细、映射、列表或参数子表,5,2,0
821,WIPMsgHistoryDetail,csi,not_modeled,,runtime_or_history,名称显示为运行、历史、审计、缓存或日志表,16,3,0
422,WIPMsgKey,csi,modeled,cross_module_ontology.json,modeled,存在与物理CDOName精确同名的本体类,6,1,2
423,WIPMsgLabelKey,csi,not_modeled,,internal_or_unclassified,缺少顶级建模实体的稳定特征,7,1,0
424,WIPMsgOperationKey,csi,not_modeled,,internal_or_unclassified,缺少顶级建模实体的稳定特征,7,2,0
350,WorkCenter,csi,modeled,workcenter_ontology.json,modeled,存在与物理CDOName精确同名的本体类,21,7,9
520,Workflow,csi,modeled,workflow_ontology.json,modeled,存在与物理CDOName精确同名的本体类,34,7,61
319,WorkflowBase,csi,modeled,cross_module_ontology.json,modeled,存在与物理CDOName精确同名的本体类,6,1,1
624,WorkflowStep,csi,modeled,workflow_ontology.json,modeled,存在与物理CDOName精确同名的本体类,26,6,141
628,WorkflowStepPathSelectors,csi,not_modeled,,internal_or_unclassified,缺少顶级建模实体的稳定特征,5,2,0
894,XMLConnectPropagatorConfig,csi,not_modeled,,internal_or_unclassified,缺少顶级建模实体的稳定特征,2,0,0
