ontologyFile,module,className,chineseName,propertyName,propertyType,physicalDescription,matchingSwaggerSchemas,reason
bom_ontology.json,bom,ProductMaterialListItem,BOM物料行,isSourceProduct,Boolean,物理字段 IsSourceProduct,,no_matching_swagger_schema
bom_ontology.json,bom,ProductMaterialListItem,BOM物料行,ssStep,Navigation,物理字段 ss_StepId → WorkflowStep,,no_matching_swagger_schema
bom_ontology.json,bom,ProductMaterialListItem,BOM物料行,ssWfStackKey,String,物理字段 ss_WfStackKey,,no_matching_swagger_schema
bom_ontology.json,bom,ProductMaterialListItem,BOM物料行,ssWorkflow,Navigation,物理字段 ss_WorkflowId → Workflow,,no_matching_swagger_schema
bom_ontology.json,bom,ProductMaterialListItem,BOM物料行,scsIsComponentIssue,Boolean,物理字段 scsIsComponentIssue,,no_matching_swagger_schema
bom_ontology.json,bom,ProductMaterialListItem,BOM物料行,effectiveThruDateGmt,DateTime,物理字段 EffectiveThruDateGMT,,no_matching_swagger_schema
bom_ontology.json,bom,ProductMaterialListItem,BOM物料行,effectiveFromDateGmt,DateTime,物理字段 EffectiveFromDateGMT,,no_matching_swagger_schema
bom_ontology.json,bom,ProductMaterialListItem,BOM物料行,materialTxnLogic,Integer,物理字段 MaterialTxnLogic,,no_matching_swagger_schema
bom_ontology.json,bom,ProductMaterialListItem,BOM物料行,description,String,物理字段 Description,,no_matching_swagger_schema
bom_ontology.json,bom,ProductMaterialListItem,BOM物料行,parentRevision,String,物理字段 ParentRevision,,no_matching_swagger_schema
bom_ontology.json,bom,ProductMaterialListItem,BOM物料行,objectTypeName,String,物理字段 ObjectTypeName,,no_matching_swagger_schema
bom_ontology.json,bom,ProductMaterialListItem,BOM物料行,producingOrder,String,物理字段 ProducingOrder,,no_matching_swagger_schema
bonus_reasons_ontology.json,bonus_reasons,BonusReason,奖励原因,setupAccess,Navigation,物理字段 SetupAccessId → A_SetupAccess,,no_matching_swagger_schema
bonus_reasons_ontology.json,bonus_reasons,BonusReason,奖励原因,changeHistory,Navigation,物理字段 ChangeHistoryId → ChangeStatus,,no_matching_swagger_schema
bonus_reasons_ontology.json,bonus_reasons,BonusReasonGroup,奖励原因组,setupAccess,Navigation,物理字段 SetupAccessId → A_SetupAccess,,no_matching_swagger_schema
bonus_reasons_ontology.json,bonus_reasons,BonusReasonGroup,奖励原因组,changeHistory,Navigation,物理字段 ChangeHistoryId → ChangeStatus,,no_matching_swagger_schema
bonus_reasons_ontology.json,bonus_reasons,BonusReasonGroup,奖励原因组,entryType,String,物理字段 EntryType,,no_matching_swagger_schema
business_process_ontology.json,business_process,BusinessProcessWorkflow,业务流程工作流,businessProcessWorkflowBase,Navigation,物理字段 BusinessProcessWorkflowBaseId → BusinessProcessWorkflowBase,BusinessProcessWorkflowEntity,property_not_exposed_or_name_differs
business_process_ontology.json,business_process,BusinessProcessSpec,业务流程规范,businessProcessSpecBase,Navigation,物理字段 BusinessProcessSpecBaseId → BusinessProcessSpecBase,BusinessProcessSpecEntity,property_not_exposed_or_name_differs
business_process_ontology.json,business_process,BusinessProcessSpec,业务流程规范,stepIcon,String,物理字段 StepIcon,BusinessProcessSpecEntity,property_not_exposed_or_name_differs
business_process_ontology.json,business_process,BusinessProcessSpec,业务流程规范,moveStdValidation,Navigation,物理字段 MoveStdValidationId → BusinessRule,BusinessProcessSpecEntity,property_not_exposed_or_name_differs
business_process_ontology.json,business_process,BusinessProcessSpec,业务流程规范,packageStatus,Integer,物理字段 PackageStatus,BusinessProcessSpecEntity,property_not_exposed_or_name_differs
business_process_ontology.json,business_process,BusinessProcessSpec,业务流程规范,assignApprovers,Boolean,物理字段 AssignApprovers,BusinessProcessSpecEntity,property_not_exposed_or_name_differs
business_process_ontology.json,business_process,BusinessProcessSpec,业务流程规范,lockInstances,Boolean,物理字段 LockInstances,BusinessProcessSpecEntity,property_not_exposed_or_name_differs
businessrule_ontology.json,businessrule,BizRuleParameter,业务规则参数,valueExpression,String,物理字段 ValueExpression,,no_matching_swagger_schema
businessrule_ontology.json,businessrule,BizRuleParameter,业务规则参数,isFrozen,Boolean,物理字段 IsFrozen,,no_matching_swagger_schema
change_management_ontology.json,change_management,ChangePackage,变更包,status,Integer,物理字段 Status,,no_matching_swagger_schema
change_management_ontology.json,change_management,ChangePackage,变更包,lastActivityDate,DateTime,物理字段 LastActivityDate,,no_matching_swagger_schema
change_management_ontology.json,change_management,ChangePackage,变更包,ownerRole,Navigation,物理字段 OwnerRoleId → RoleDef,,no_matching_swagger_schema
change_management_ontology.json,change_management,ChangePackage,变更包,ecoecn,String,物理字段 ECOECN,,no_matching_swagger_schema
change_management_ontology.json,change_management,ChangePackage,变更包,description,String,物理字段 Description,,no_matching_swagger_schema
change_management_ontology.json,change_management,ChangePackage,变更包,locklnstances,Boolean,物理字段 Locklnstances,,no_matching_swagger_schema
change_management_ontology.json,change_management,ChangePackage,变更包,notifyOwnerAllStateChanges,Boolean,物理字段 NotifyOwnerAllStateChanges,,no_matching_swagger_schema
change_management_ontology.json,change_management,ChangePackage,变更包,notifyOwnerRoleAllStateChgs,Boolean,物理字段 NotifyOwnerRoleAllStateChgs,,no_matching_swagger_schema
change_management_ontology.json,change_management,ChangePackage,变更包,lastActivityDateGmt,DateTime,物理字段 LastActivityDateGMT,,no_matching_swagger_schema
change_management_ontology.json,change_management,ChangePackage,变更包,lastUpdatedDate,DateTime,物理字段 LastUpdatedDate,,no_matching_swagger_schema
change_management_ontology.json,change_management,ChangePackage,变更包,lastUpdatedDateGmt,DateTime,物理字段 LastUpdatedDateGMT,,no_matching_swagger_schema
change_management_ontology.json,change_management,ChangePackage,变更包,ownerName,String,物理字段 OwnerName,,no_matching_swagger_schema
change_management_ontology.json,change_management,ChangePackage,变更包,ownerRoleName,String,物理字段 OwnerRoleName,,no_matching_swagger_schema
change_management_ontology.json,change_management,ChangePackage,变更包,priorityName,String,物理字段 PriorityName,,no_matching_swagger_schema
change_management_ontology.json,change_management,ChangePackage,变更包,reasonName,String,物理字段 ReasonName,,no_matching_swagger_schema
change_management_ontology.json,change_management,ChangePackage,变更包,sourceSystemName,String,物理字段 SourceSystemName,,no_matching_swagger_schema
change_management_ontology.json,change_management,ChangePackage,变更包,author,Navigation,物理字段 AuthorId → Employee,,no_matching_swagger_schema
change_management_ontology.json,change_management,ChangePackage,变更包,cpImportStatus,Integer,物理字段 CPImportStatus,,no_matching_swagger_schema
change_management_ontology.json,change_management,ChangePackage,变更包,cpExportStatus,Integer,物理字段 CPExportStatus,,no_matching_swagger_schema
change_management_ontology.json,change_management,ChangePackage,变更包,exportRequestDate,DateTime,物理字段 ExportRequestDate,,no_matching_swagger_schema
change_management_ontology.json,change_management,ChangePackage,变更包,exportRequestDateGmt,DateTime,物理字段 ExportRequestDateGMT,,no_matching_swagger_schema
change_management_ontology.json,change_management,ChangePackage,变更包,creationDate,DateTime,物理字段 CreationDate,,no_matching_swagger_schema
change_management_ontology.json,change_management,ChangePackage,变更包,creationDateGmt,DateTime,物理字段 CreationDateGMT,,no_matching_swagger_schema
change_management_ontology.json,change_management,ChangePackage,变更包,currentStatus,Navigation,物理字段 CurrentStatusId → TrackableObjectCurrentStatus,,no_matching_swagger_schema
change_management_ontology.json,change_management,ChangePackage,变更包,exportCount,Integer,物理字段 ExportCount,,no_matching_swagger_schema
change_management_ontology.json,change_management,ChangePackage,变更包,modelingImportFile,String,物理字段 ModelingImportFile,,no_matching_swagger_schema
change_management_ontology.json,change_management,ChangePackage,变更包,collaboratorData,Navigation,物理字段 CollaboratorDataId → CollaboratorData,,no_matching_swagger_schema
change_management_ontology.json,change_management,ChangePackage,变更包,packageCreationTemplate,Navigation,物理字段 PackageCreationTemplateId → PackageCreationTemplate,,no_matching_swagger_schema
change_management_ontology.json,change_management,ChangePackage,变更包,recommendedDeploymentDate,DateTime,物理字段 RecommendedDeploymentDate,,no_matching_swagger_schema
change_management_ontology.json,change_management,ChangePackage,变更包,authorName,String,物理字段 AuthorName,,no_matching_swagger_schema
change_management_ontology.json,change_management,ChangePackage,变更包,lockAllModelingInstances,Boolean,物理字段 LockAllModelingInstances,,no_matching_swagger_schema
change_management_ontology.json,change_management,ChangePackage,变更包,packageType,Navigation,物理字段 PackageTypeId → PackageType,,no_matching_swagger_schema
change_management_ontology.json,change_management,ChangePackage,变更包,packageTypeName,String,物理字段 PackageTypeName,,no_matching_swagger_schema
change_management_ontology.json,change_management,ChangePackage,变更包,exportFolderLocation,String,物理字段 ExportFolderLocation,,no_matching_swagger_schema
change_management_ontology.json,change_management,CollaboratorEntry,协作条目,parent,Navigation,物理字段 ParentId,,no_matching_swagger_schema
change_management_ontology.json,change_management,CollaboratorEntry,协作条目,completedBy,Navigation,物理字段 CompletedById → Employee,,no_matching_swagger_schema
change_management_ontology.json,change_management,CollaboratorEntry,协作条目,completeByGmt,DateTime,物理字段 CompleteByGMT,,no_matching_swagger_schema
change_management_ontology.json,change_management,CollaboratorEntry,协作条目,delegationTask,Navigation,物理字段 DelegationTaskId → DelegationTask,,no_matching_swagger_schema
change_management_ontology.json,change_management,CollaboratorEntry,协作条目,assignedCollaborator,Navigation,物理字段 AssignedCollaboratorId → Employee,,no_matching_swagger_schema
change_management_ontology.json,change_management,CollaboratorEntry,协作条目,completionDateGmt,DateTime,物理字段 CompletionDateGMT,,no_matching_swagger_schema
change_management_ontology.json,change_management,CollaboratorEntry,协作条目,collaborator,Navigation,物理字段 CollaboratorId → Employee,,no_matching_swagger_schema
change_management_ontology.json,change_management,CollaboratorEntry,协作条目,role,Navigation,物理字段 RoleId → RoleDef,,no_matching_swagger_schema
change_management_ontology.json,change_management,CollaboratorEntry,协作条目,durationUom,Float,物理字段 DurationUOM,,no_matching_swagger_schema
change_management_ontology.json,change_management,CollaboratorEntry,协作条目,collaboratorComments,String,物理字段 CollaboratorComments,,no_matching_swagger_schema
change_management_ontology.json,change_management,CollaboratorEntry,协作条目,assignedDateGmt,DateTime,物理字段 AssignedDateGMT,,no_matching_swagger_schema
checklist_ontology.json,checklist,ChecklistEntry,检查表项,userComments,String,物理字段 UserComments,,no_matching_swagger_schema
checklist_ontology.json,checklist,ChecklistEntry,检查表项,lastCompletedOn,DateTime,物理字段 LastCompletedOn,,no_matching_swagger_schema
checklist_ontology.json,checklist,ChecklistEntry,检查表项,lastCompletedOnGmt,DateTime,物理字段 LastCompletedOnGMT,,no_matching_swagger_schema
checklist_ontology.json,checklist,ChecklistEntry,检查表项,name,String,物理字段 ChecklistEntryName,,no_matching_swagger_schema
checklist_ontology.json,checklist,ChecklistEntry,检查表项,isFrozen,Boolean,物理字段 IsFrozen,,no_matching_swagger_schema
checklist_ontology.json,checklist,ChecklistEntry,检查表项,checklistText,String,物理字段 ChecklistText,,no_matching_swagger_schema
checklist_ontology.json,checklist,ChecklistEntry,检查表项,entryRequired,Boolean,物理字段 EntryRequired,,no_matching_swagger_schema
container_ontology.json,container,Container,容器,lastLotSortIqc,Navigation,物理字段 LastLotSortIQCId → A_LotSortIQC,Container,property_not_exposed_or_name_differs
container_ontology.json,container,Container,容器,futureCombineParentLot,Navigation,物理字段 FutureCombineParentLotId → Container,Container,property_not_exposed_or_name_differs
container_ontology.json,container,Container,容器,futureCombineSpec,Navigation,物理字段 FutureCombineSpecId → Spec,Container,property_not_exposed_or_name_differs
container_ontology.json,container,Container,容器,lastLotSortSqa,Navigation,物理字段 LastLotSortSQAId → A_LotSortSQA,Container,property_not_exposed_or_name_differs
container_ontology.json,container,Container,容器,lotDisposition,Navigation,物理字段 LotDispositionId → A_LotDisposition,Container,property_not_exposed_or_name_differs
container_ontology.json,container,Container,容器,stepLogicCriteria,Integer,物理字段 StepLogicCriteriaId,Container,property_not_exposed_or_name_differs
container_ontology.json,container,Container,容器,maxTimeWindowCount,Integer,物理字段 MaxTimeWindowCount,Container,property_not_exposed_or_name_differs
container_ontology.json,container,Container,容器,testIqcCount,Integer,物理字段 TestIQCCount,Container,property_not_exposed_or_name_differs
container_ontology.json,container,Container,容器,lastLotSorting,Navigation,物理字段 LastLotSortingId → A_LotSorting,Container,property_not_exposed_or_name_differs
container_ontology.json,container,Container,容器,varianceComments,String,物理字段 VarianceComments,Container,property_not_exposed_or_name_differs
container_ontology.json,container,Container,容器,loanCount,Integer,物理字段 LoanCount,Container,property_not_exposed_or_name_differs
container_ontology.json,container,Container,容器,loanSequence,Integer,物理字段 LoanSequence,Container,property_not_exposed_or_name_differs
container_ontology.json,container,Container,容器,objectType,String,物理字段 ObjectType,Container,property_not_exposed_or_name_differs
container_ontology.json,container,Container,容器,qtyScheduled,Float,物理字段 QtyScheduled,Container,property_not_exposed_or_name_differs
container_ontology.json,container,Container,容器,lastInventoryStep,Navigation,物理字段 LastInventoryStepId → WorkflowStep,Container,property_not_exposed_or_name_differs
container_ontology.json,container,Container,容器,scheduleData,Navigation,物理字段 ScheduleDataId → A_ScheduleData,Container,property_not_exposed_or_name_differs
container_ontology.json,container,Container,容器,txnTimestamp,DateTime,物理字段 TxnTimestamp,Container,property_not_exposed_or_name_differs
container_ontology.json,container,Container,容器,equipmentLoadingCount,Integer,物理字段 EquipmentLoadingCount,Container,property_not_exposed_or_name_differs
container_ontology.json,container,Container,容器,maxTimeWindowStopped,Boolean,物理字段 MaxTimeWindowStopped,Container,property_not_exposed_or_name_differs
container_ontology.json,container,Container,容器,processSpec,Navigation,物理字段 ProcessSpecId → A_ProcessSpec,Container,property_not_exposed_or_name_differs
container_ontology.json,container,Container,容器,alternateName1,String,物理字段 AlternateName1,Container,property_not_exposed_or_name_differs
container_ontology.json,container,Container,容器,batchNo,String,物理字段 BatchNo,Container,property_not_exposed_or_name_differs
container_ontology.json,container,Container,容器,splitCount,Integer,物理字段 SplitCount,Container,property_not_exposed_or_name_differs
container_ontology.json,container,Container,容器,receivingTimeStamp,DateTime,物理字段 ReceivingTimeStamp,Container,property_not_exposed_or_name_differs
container_ontology.json,container,Container,容器,insertionNumber,Integer,物理字段 InsertionNumber,Container,property_not_exposed_or_name_differs
container_ontology.json,container,Container,容器,equipmentCount,Integer,物理字段 EquipmentCount,Container,property_not_exposed_or_name_differs
container_ontology.json,container,Container,容器,moveInTimestamp,DateTime,物理字段 MoveInTimestamp,Container,property_not_exposed_or_name_differs
container_ontology.json,container,Container,容器,futureCombineCount,Integer,物理字段 FutureCombineCount,Container,property_not_exposed_or_name_differs
container_ontology.json,container,Container,容器,lotAttributes,Navigation,物理字段 LotAttributesId → A_LotAttributes,Container,property_not_exposed_or_name_differs
container_ontology.json,container,Container,容器,scheduleCount,Integer,物理字段 ScheduleCount,Container,property_not_exposed_or_name_differs
container_ontology.json,container,Container,容器,currentWipLot,Navigation,物理字段 CurrentWIPLotId → A_WIPLot,Container,property_not_exposed_or_name_differs
container_ontology.json,container,Container,容器,holdLocation,Navigation,物理字段 HoldLocationId → A_HoldLocation,Container,property_not_exposed_or_name_differs
container_ontology.json,container,Container,容器,holdLocationStartTimestamp,DateTime,物理字段 HoldLocationStartTimestamp,Container,property_not_exposed_or_name_differs
container_ontology.json,container,Container,容器,lastLotCarriersSetupHistory,Integer,物理字段 LastLotCarriersSetupHistoryId,Container,property_not_exposed_or_name_differs
container_ontology.json,container,Container,容器,varianceQty,Float,物理字段 VarianceQty,Container,property_not_exposed_or_name_differs
container_ontology.json,container,Container,容器,varianceReason,Navigation,物理字段 VarianceReasonId → A_VarianceReason,Container,property_not_exposed_or_name_differs
container_ontology.json,container,Container,容器,varianceApprovedBy,String,物理字段 VarianceApprovedBy,Container,property_not_exposed_or_name_differs
container_ontology.json,container,Container,容器,holdLocationTotalDuration,Float,物理字段 HoldLocationTotalDuration,Container,property_not_exposed_or_name_differs
container_ontology.json,container,Container,容器,scheduleResidueQty,Float,物理字段 ScheduleResidueQty,Container,property_not_exposed_or_name_differs
container_ontology.json,container,Container,容器,moveInUsername,String,物理字段 MoveInUsername,Container,property_not_exposed_or_name_differs
container_ontology.json,container,Container,容器,ss,Navigation,物理字段 SSId → A_ProcessSpec,Container,property_not_exposed_or_name_differs
container_ontology.json,container,Container,容器,ssExists,Boolean,物理字段 SSExists,Container,property_not_exposed_or_name_differs
container_ontology.json,container,Container,容器,lastStep,Navigation,物理字段 LastStepId → WorkflowStep,Container,property_not_exposed_or_name_differs
container_ontology.json,container,Container,容器,futureHoldCount,Integer,物理字段 FutureHoldCount,Container,property_not_exposed_or_name_differs
container_ontology.json,container,Container,容器,alternateName2,String,物理字段 AlternateName2,Container,property_not_exposed_or_name_differs
container_ontology.json,container,Container,容器,lastLotTestedTestParamsBin,Integer,物理字段 LastLotTestedTestParamsBinId,Container,property_not_exposed_or_name_differs
container_ontology.json,container,Container,容器,itemsCount,Integer,物理字段 ItemsCount,Container,property_not_exposed_or_name_differs
container_ontology.json,container,Container,容器,skipDispatchPlan,Boolean,物理字段 SkipDispatchPlan,Container,property_not_exposed_or_name_differs
container_ontology.json,container,Container,容器,documentSet,Navigation,物理字段 DocumentSetId → DocumentSet,Container,property_not_exposed_or_name_differs
container_ontology.json,container,Container,容器,ssMoveBackToSpec,Navigation,物理字段 SSMoveBackToSpecId → Spec,Container,property_not_exposed_or_name_differs
container_ontology.json,container,Container,容器,ssMoveBackFromSpec,Navigation,物理字段 SSMoveBackFromSpecId → Spec,Container,property_not_exposed_or_name_differs
container_ontology.json,container,Container,容器,ssMoveOutFromSpec,Navigation,物理字段 SSMoveOutFromSpecId → Spec,Container,property_not_exposed_or_name_differs
container_ontology.json,container,Container,容器,firstName,String,物理字段 FirstName,Container,property_not_exposed_or_name_differs
container_ontology.json,container,Container,容器,lastLotTestedTestParams,Integer,物理字段 LastLotTestedTestParamsId,Container,property_not_exposed_or_name_differs
container_ontology.json,container,Container,容器,lastScheduleDataId,String,物理字段 LastScheduleDataId,Container,property_not_exposed_or_name_differs
container_ontology.json,container,Container,容器,containerTxnSequence,Integer,物理字段 ContainerTxnSequence,Container,property_not_exposed_or_name_differs
container_ontology.json,container,Container,容器,holdLocationDuration,Float,物理字段 HoldLocationDuration,Container,property_not_exposed_or_name_differs
container_ontology.json,container,Container,容器,batchIdSequence,Integer,物理字段 BatchIdSequence,Container,property_not_exposed_or_name_differs
container_ontology.json,container,Container,容器,lastMoveOutUsername,String,物理字段 LastMoveOutUsername,Container,property_not_exposed_or_name_differs
container_ontology.json,container,Container,容器,lastMoveOutTimestamp,DateTime,物理字段 LastMoveOutTimestamp,Container,property_not_exposed_or_name_differs
container_ontology.json,container,Container,容器,ssMoveOutToSpec,Navigation,物理字段 SSMoveOutToSpecId → Spec,Container,property_not_exposed_or_name_differs
container_ontology.json,container,Container,容器,isEShip,Boolean,物理字段 IsEShip,Container,property_not_exposed_or_name_differs
container_ontology.json,container,Container,容器,scsCurrentContainerStepSequenc,Integer,物理字段 scsCurrentContainerStepSequenc,Container,property_not_exposed_or_name_differs
container_ontology.json,container,Container,容器,scsPreactorLastSequence,Integer,物理字段 scsPreactorLastSequence,Container,property_not_exposed_or_name_differs
container_ontology.json,container,Container,容器,scsPrevContainerStepSequence,Integer,物理字段 scsPrevContainerStepSequence,Container,property_not_exposed_or_name_differs
container_ontology.json,container,Container,容器,scsLotCarrierPosition,Navigation,物理字段 scsLotCarrierPositionId → scsLotCarrierPosition,Container,property_not_exposed_or_name_differs
container_ontology.json,container,Container,容器,scsIsMultiLevelStart,Boolean,物理字段 scsIsMultiLevelStart,Container,property_not_exposed_or_name_differs
container_ontology.json,container,Container,容器,qualityStatusReason,Navigation,物理字段 QualityStatusReasonId → ContainerDefectReason,Container,property_not_exposed_or_name_differs
container_ontology.json,container,Container,容器,scsIsCarrierContainer,Boolean,物理字段 scsIsCarrierContainer,Container,property_not_exposed_or_name_differs
container_ontology.json,container,Container,容器,scsCarrierContainerId,String,物理字段 scsCarrierContainerId,Container,property_not_exposed_or_name_differs
container_ontology.json,container,Container,容器,ssrptUnitDelta,Integer,物理字段 SSRPTUnitDelta,Container,property_not_exposed_or_name_differs
container_ontology.json,container,Container,容器,ssrptBulkDelta,Integer,物理字段 SSRPTBulkDelta,Container,property_not_exposed_or_name_differs
container_ontology.json,container,Container,容器,scsLastMoveOutTimestampGmt,DateTime,物理字段 scsLastMoveOutTimestampGMT,Container,property_not_exposed_or_name_differs
container_ontology.json,container,Container,容器,scsOnHoldDateGmt,DateTime,物理字段 scsOnHoldDateGMT,Container,property_not_exposed_or_name_differs
container_ontology.json,container,Container,容器,scsMoveInTimestampGmt,DateTime,物理字段 scsMoveInTimestampGMT,Container,property_not_exposed_or_name_differs
container_ontology.json,container,Container,容器,ssMoveBackToStep,Navigation,物理字段 SSMoveBackToStepId → WorkflowStep,Container,property_not_exposed_or_name_differs
container_ontology.json,container,Container,容器,ssMoveOutToStep,Navigation,物理字段 SSMoveOutToStepId → WorkflowStep,Container,property_not_exposed_or_name_differs
container_ontology.json,container,Container,容器,ssMoveOutFromStep,Navigation,物理字段 SSMoveOutFromStepId → WorkflowStep,Container,property_not_exposed_or_name_differs
container_ontology.json,container,Container,容器,isSsUseStep,Boolean,物理字段 IsSSUseStep,Container,property_not_exposed_or_name_differs
container_ontology.json,container,Container,容器,ssMoveBackFromStep,Navigation,物理字段 SSMoveBackFromStepId → WorkflowStep,Container,property_not_exposed_or_name_differs
container_ontology.json,container,Container,容器,reworkHoldTriggered,Boolean,物理字段 ReworkHoldTriggered,Container,property_not_exposed_or_name_differs
container_ontology.json,container,Container,容器,currentReworkCount,Integer,物理字段 CurrentReworkCount,Container,property_not_exposed_or_name_differs
container_ontology.json,container,Container,容器,ssFeeder,Navigation,物理字段 ss_FeederId → ResourceDef,Container,property_not_exposed_or_name_differs
container_ontology.json,container,Container,容器,ssMfgLine,Navigation,物理字段 ss_MfgLineId → ss_MfgLine,Container,property_not_exposed_or_name_differs
container_ontology.json,container,Container,容器,ssToBeHeldAtMoveOut,Boolean,物理字段 ss_ToBeHeldAtMoveOut,Container,property_not_exposed_or_name_differs
container_ontology.json,container,Container,容器,batchComments,String,物理字段 BatchComments,Container,property_not_exposed_or_name_differs
container_ontology.json,container,Container,容器,batchStatus,Integer,物理字段 BatchStatus,Container,property_not_exposed_or_name_differs
container_ontology.json,container,Container,容器,requestDateGmt,DateTime,物理字段 RequestDateGMT,Container,property_not_exposed_or_name_differs
container_ontology.json,container,Container,容器,originalUom,Navigation,物理字段 OriginalUOMId → UOM,Container,property_not_exposed_or_name_differs
container_ontology.json,container,Container,容器,originalStartDateGmt,DateTime,物理字段 OriginalStartDateGMT,Container,property_not_exposed_or_name_differs
container_ontology.json,container,Container,容器,lastActivityDateGmt,DateTime,物理字段 LastActivityDateGMT,Container,property_not_exposed_or_name_differs
container_ontology.json,container,Container,容器,originalUom2,Navigation,物理字段 OriginalUOM2Id → UOM,Container,property_not_exposed_or_name_differs
container_ontology.json,container,Container,容器,dueDateGmt,DateTime,物理字段 DueDateGMT,Container,property_not_exposed_or_name_differs
container_ontology.json,container,Container,容器,lastCompletionDateGmt,DateTime,物理字段 LastCompletionDateGMT,Container,property_not_exposed_or_name_differs
container_ontology.json,container,Container,容器,factoryStartDateGmt,DateTime,物理字段 FactoryStartDateGMT,Container,property_not_exposed_or_name_differs
container_ontology.json,container,Container,容器,factoryStartUom,Navigation,物理字段 FactoryStartUOMId → UOM,Container,property_not_exposed_or_name_differs
container_ontology.json,container,Container,容器,factoryStartUom2,Navigation,物理字段 FactoryStartUOM2Id → UOM,Container,property_not_exposed_or_name_differs
container_ontology.json,container,Container,容器,plannedQtyUom,Navigation,物理字段 PlannedQtyUOMId → UOM,Container,property_not_exposed_or_name_differs
container_ontology.json,container,Container,容器,plannedQtyUom2,Navigation,物理字段 PlannedQtyUOM2Id → UOM,Container,property_not_exposed_or_name_differs
container_ontology.json,container,Container,容器,containerStartGuid,String,物理字段 ContainerStartGUID,Container,property_not_exposed_or_name_differs
container_ontology.json,container,Container,容器,ssSendAheadDetails,Navigation,物理字段 ss_SendAheadDetailsId → ss_SendAheadDetails,Container,property_not_exposed_or_name_differs
container_ontology.json,container,Container,容器,expirationDateGmt,DateTime,物理字段 ExpirationDateGMT,Container,property_not_exposed_or_name_differs
container_ontology.json,container,Container,容器,plannedStartDateGmt,DateTime,物理字段 PlannedStartDateGMT,Container,property_not_exposed_or_name_differs
container_ontology.json,container,ContainerDefectReason,容器缺陷原因,defectReasonName,String,物理字段 DefectReasonName,ContainerDefectReasonEntity,property_not_exposed_or_name_differs
container_ontology.json,container,ContDefectReasonGroup,容器缺陷原因组,defectReasonGroupName,String,物理字段 DefectReasonGroupName,ContDefectReasonGroupEntity,property_not_exposed_or_name_differs
cross_module_ontology.json,,StepSchedulingDetail,工步排程明细,durationPerUnit,Float,物理字段 DurationPerUnit,,no_matching_swagger_schema
cross_module_ontology.json,,StepSchedulingDetail,工步排程明细,runRateOption,Integer,物理字段 RunRateOption,,no_matching_swagger_schema
cross_module_ontology.json,,StepSchedulingDetail,工步排程明细,forwardCycleTime,Float,物理字段 ForwardCycleTime,,no_matching_swagger_schema
cross_module_ontology.json,,StepSchedulingDetail,工步排程明细,forwardYield,Float,物理字段 ForwardYield,,no_matching_swagger_schema
cross_module_ontology.json,,StepSchedulingDetail,工步排程明细,step,Navigation,物理字段 StepId → WorkflowStep,,no_matching_swagger_schema
cross_module_ontology.json,,StepSchedulingDetail,工步排程明细,timePerBatch,Float,物理字段 TimePerBatch,,no_matching_swagger_schema
cross_module_ontology.json,,StepSchedulingDetail,工步排程明细,unscheduledTime,Float,物理字段 UnscheduledTime,,no_matching_swagger_schema
cross_module_ontology.json,,TxnDetails,交易属性明细,reworkReason,Navigation,物理字段 ReworkReasonId → ReworkReason,,no_matching_swagger_schema
cross_module_ontology.json,,TxnDetails,交易属性明细,toContainerOption,Integer,物理字段 ToContainerOption,,no_matching_swagger_schema
cross_module_ontology.json,,TxnDetails,交易属性明细,newOwner,Navigation,物理字段 NewOwnerId → Owner,,no_matching_swagger_schema
cross_module_ontology.json,,TxnDetails,交易属性明细,toContainerLevel,Navigation,物理字段 ToContainerLevelId → ContainerLevel,,no_matching_swagger_schema
cross_module_ontology.json,,TxnDetails,交易属性明细,toContainerName,String,物理字段 ToContainerName,,no_matching_swagger_schema
cross_module_ontology.json,,WorkflowBase,工作流基线,name,String,物理字段 WorkflowName,,no_matching_swagger_schema
cross_module_ontology.json,,WorkflowBase,工作流基线,iconId,Integer,物理字段 IconId,,no_matching_swagger_schema
cross_module_ontology.json,,ERPRouteBase,ERP工艺路线基线,name,String,物理字段 ERPRouteName,,no_matching_swagger_schema
cross_module_ontology.json,,ERPRouteBase,ERP工艺路线基线,iconId,Integer,物理字段 IconId,,no_matching_swagger_schema
cross_module_ontology.json,,ProductBase,产品基线,objectCategory,String,物理字段 ObjectCategory,,no_matching_swagger_schema
cross_module_ontology.json,,ProductBase,产品基线,name,String,物理字段 ProductName,,no_matching_swagger_schema
cross_module_ontology.json,,ProductBase,产品基线,iconId,Integer,物理字段 IconId,,no_matching_swagger_schema
cross_module_ontology.json,,BillOfProcessBase,BOP基线,name,String,物理字段 BillOfProcessName,,no_matching_swagger_schema
cross_module_ontology.json,,BillOfProcessBase,BOP基线,iconId,Integer,物理字段 IconId,,no_matching_swagger_schema
cross_module_ontology.json,,SpecBase,规格基线,name,String,物理字段 SpecName,,no_matching_swagger_schema
cross_module_ontology.json,,SpecBase,规格基线,iconId,Integer,物理字段 IconId,,no_matching_swagger_schema
cross_module_ontology.json,,SamplingPlanBase,质量抽样计划基线,name,String,物理字段 SamplingPlanName,,no_matching_swagger_schema
cross_module_ontology.json,,SamplingPlanBase,质量抽样计划基线,iconId,Integer,物理字段 IconId,,no_matching_swagger_schema
cross_module_ontology.json,,SmartScanRule,智能扫描规则,preamble,String,物理字段 Preamble,,no_matching_swagger_schema
cross_module_ontology.json,,SmartScanRule,智能扫描规则,terminator,String,物理字段 Terminator,,no_matching_swagger_schema
cross_module_ontology.json,,SmartScanRule,智能扫描规则,iconId,Integer,物理字段 IconId,,no_matching_swagger_schema
cross_module_ontology.json,,SmartScanRule,智能扫描规则,filterTags,String,物理字段 FilterTags,,no_matching_swagger_schema
cross_module_ontology.json,,SmartScanRule,智能扫描规则,notes,String,物理字段 Notes,,no_matching_swagger_schema
cross_module_ontology.json,,ShopFloorSettings,车间管理设置,aiServerHost,String,物理字段 AIServerHost,,no_matching_swagger_schema
cross_module_ontology.json,,ShopFloorSettings,车间管理设置,aiServerPort,Integer,物理字段 AIServerPort,,no_matching_swagger_schema
cross_module_ontology.json,,ShopFloorSettings,车间管理设置,aiServerToken,String,物理字段 AIServerToken,,no_matching_swagger_schema
cross_module_ontology.json,,ShopFloorSettings,车间管理设置,aiTrainingServerConfig,Navigation,物理字段 AITrainingServerConfigId → TargetSystem,,no_matching_swagger_schema
cross_module_ontology.json,,ShopFloorSettings,车间管理设置,aiInferenceServerConfig,Navigation,物理字段 AIInferenceServerConfigId → TargetSystem,,no_matching_swagger_schema
cross_module_ontology.json,,ShopFloorSettings,车间管理设置,filterTags,String,物理字段 FilterTags,,no_matching_swagger_schema
cross_module_ontology.json,,ShopFloorSettings,车间管理设置,notes,String,物理字段 Notes,,no_matching_swagger_schema
cross_module_ontology.json,,ShopFloorSettings,车间管理设置,iconId,Integer,物理字段 IconId,,no_matching_swagger_schema
cross_module_ontology.json,,ShopFloorSettings,车间管理设置,level,Navigation,物理字段 LevelId → ContainerLevel,,no_matching_swagger_schema
cross_module_ontology.json,,ShopFloorSettings,车间管理设置,mmapiConnection,String,物理字段 MMAPIConnection,,no_matching_swagger_schema
cross_module_ontology.json,,ShopFloorSettings,车间管理设置,startReason,Navigation,物理字段 StartReasonId → StartReason,,no_matching_swagger_schema
cross_module_ontology.json,,ShopFloorSettings,车间管理设置,owner,Navigation,物理字段 OwnerId → Owner,,no_matching_swagger_schema
cross_module_ontology.json,,ShopFloorSettings,车间管理设置,workflow,Navigation,物理字段 WorkflowId → Workflow,,no_matching_swagger_schema
cross_module_ontology.json,,ShopFloorSettings,车间管理设置,srcapiConnection,String,物理字段 SRCAPIConnection,,no_matching_swagger_schema
cross_module_ontology.json,,ShopFloorSettings,车间管理设置,productType,Navigation,物理字段 ProductTypeId → ProductType,,no_matching_swagger_schema
cross_module_ontology.json,,PrinterLabelDefinitionBase,打印机标签定义基类,iconId,Integer,物理字段 IconId,,no_matching_swagger_schema
cross_module_ontology.json,,PrinterLabelDefinitionBase,打印机标签定义基类,revOfRcd,Navigation,物理字段 RevOfRcdId → PrinterLabelDefinition,,no_matching_swagger_schema
cross_module_ontology.json,,DocumentBase,文档基类,iconId,Integer,物理字段 IconId,,no_matching_swagger_schema
cross_module_ontology.json,,ElectronicProcedureBase,电子程序基类,iconId,Integer,物理字段 IconId,,no_matching_swagger_schema
cross_module_ontology.json,,TaskListBase,任务列表基类,iconId,Integer,物理字段 IconId,,no_matching_swagger_schema
cross_module_ontology.json,,RecipeListBase,配方列表基类,iconId,Integer,物理字段 IconId,,no_matching_swagger_schema
cross_module_ontology.json,,SampleTestBase,抽样检验定义基线,iconId,Integer,物理字段 IconId,,no_matching_swagger_schema
cross_module_ontology.json,,SampleDataPointBase,抽样数据点基线,iconId,Integer,物理字段 IconId,,no_matching_swagger_schema
cross_module_ontology.json,,SwitchingRuleBase,切换规则基线,iconId,Integer,物理字段 IconId,,no_matching_swagger_schema
customer_ontology.json,customer,CustomerContact,客户联系人,name,String,物理字段 CustomerContactName,,no_matching_swagger_schema
data_transport_ontology.json,data_transport,DataTransport,数据传输通道,smtpDomain,String,物理字段 SMTPDomain,DataTransportEntity,property_not_exposed_or_name_differs
data_transport_ontology.json,data_transport,DataTransport,数据传输通道,useSsl,Boolean,物理字段 UseSSL,DataTransportEntity,property_not_exposed_or_name_differs
datacollection_ontology.json,datacollection,DataCollectionDef,数据采集定义,spcSetup,Navigation,物理字段 SPCSetupId → A_SPCSetup,DataCollectionDefEntity,property_not_exposed_or_name_differs
datacollection_ontology.json,datacollection,DataCollectionDef,数据采集定义,dataCollectionDefBase,Navigation,物理字段 DataCollectionDefBaseId → DataCollectionDefBase,DataCollectionDefEntity,property_not_exposed_or_name_differs
datacollection_ontology.json,datacollection,DataPoint,数据点,dataCollection,Navigation,物理字段 DataCollectionDefId,,no_matching_swagger_schema
datacollection_ontology.json,datacollection,DataPoint,数据点,displayMode,Integer,物理字段 DisplayMode,,no_matching_swagger_schema
datacollection_ontology.json,datacollection,DataPoint,数据点,queryType,Integer,物理字段 QueryType,,no_matching_swagger_schema
datacollection_ontology.json,datacollection,DataPoint,数据点,queryName,String,物理字段 QueryName,,no_matching_swagger_schema
datacollection_ontology.json,datacollection,DataPoint,数据点,objectGroup,Integer,物理字段 ObjectGroupId,,no_matching_swagger_schema
datacollection_ontology.json,datacollection,DataPoint,数据点,listFieldExpression,String,物理字段 ListFieldExpression,,no_matching_swagger_schema
datacollection_ontology.json,datacollection,DataPoint,数据点,objectSelValType,Integer,物理字段 ObjectSelValType,,no_matching_swagger_schema
datacollection_ontology.json,datacollection,DataPoint,数据点,objectType,Integer,物理字段 ObjectType,,no_matching_swagger_schema
datacollection_ontology.json,datacollection,DataPoint,数据点,isLimitOverrideAllowed,Boolean,物理字段 IsLimitOverrideAllowed,,no_matching_swagger_schema
datacollection_ontology.json,datacollection,DataPoint,数据点,isFrozen,Boolean,物理字段 IsFrozen,,no_matching_swagger_schema
datacollection_ontology.json,datacollection,DataPoint,数据点,displayLimits,Boolean,物理字段 DisplayLimits,,no_matching_swagger_schema
datacollection_ontology.json,datacollection,DataPoint,数据点,name,String,物理字段 DataPointName,,no_matching_swagger_schema
datacollection_ontology.json,datacollection,DataPoint,数据点,columnPosition,Integer,物理字段 ColumnPosition,,no_matching_swagger_schema
datacollection_ontology.json,datacollection,DataPoint,数据点,rowPosition,Integer,物理字段 RowPosition,,no_matching_swagger_schema
datacollection_ontology.json,datacollection,DataPoint,数据点,uom,Navigation,物理字段 UOMId → UOM,,no_matching_swagger_schema
datacollection_ontology.json,datacollection,DataPoint,数据点,upperLimit,String,物理字段 UpperLimit,,no_matching_swagger_schema
datacollection_ontology.json,datacollection,DataPoint,数据点,lowerLimit,String,物理字段 LowerLimit,,no_matching_swagger_schema
datacollection_ontology.json,datacollection,DataPoint,数据点,roundingRule,Integer,物理字段 RoundingRule,,no_matching_swagger_schema
datacollection_ontology.json,datacollection,DataPoint,数据点,attributeName,String,物理字段 AttributeName,,no_matching_swagger_schema
datacollection_ontology.json,datacollection,DataPoint,数据点,mapToUserAttribute,Boolean,物理字段 MapToUserAttribute,,no_matching_swagger_schema
datacollection_ontology.json,datacollection,DataPoint,数据点,innerLowerLimit,String,物理字段 InnerLowerLimit,,no_matching_swagger_schema
datacollection_ontology.json,datacollection,DataPoint,数据点,innerUpperLimit,String,物理字段 InnerUpperLimit,,no_matching_swagger_schema
datacollection_ontology.json,datacollection,DataPoint,数据点,outerLowerLimit,String,物理字段 OuterLowerLimit,,no_matching_swagger_schema
datacollection_ontology.json,datacollection,DataPoint,数据点,outerUpperLimit,String,物理字段 OuterUpperLimit,,no_matching_swagger_schema
datacollection_ontology.json,datacollection,DataPoint,数据点,minimumSamples,Integer,物理字段 MinimumSamples,,no_matching_swagger_schema
datacollection_ontology.json,datacollection,DataPoint,数据点,sequence,Integer,物理字段 Sequence,,no_matching_swagger_schema
datacollection_ontology.json,datacollection,DataPoint,数据点,decimalScale,Integer,物理字段 DecimalScale,,no_matching_swagger_schema
datacollection_ontology.json,datacollection,DataPoint,数据点,booleanFalse,String,物理字段 BooleanFalse,,no_matching_swagger_schema
datacollection_ontology.json,datacollection,DataPoint,数据点,booleanTrue,String,物理字段 BooleanTrue,,no_matching_swagger_schema
datacollection_ontology.json,datacollection,DataPointCollectionGroup,数据点采集组,lastEnteredOn,DateTime,物理字段 LastEnteredOn,,no_matching_swagger_schema
datacollection_ontology.json,datacollection,DataPointCollectionGroup,数据点采集组,lastEnteredOnGmt,DateTime,物理字段 LastEnteredOnGMT,,no_matching_swagger_schema
datacollection_ontology.json,datacollection,DataPointCollectionGroup,数据点采集组,lastEnteredByRole,Navigation,物理字段 LastEnteredByRoleId → RoleDef,,no_matching_swagger_schema
datacollection_ontology.json,datacollection,DataPointCollectionGroup,数据点采集组,lastEnteredBy,Navigation,物理字段 LastEnteredById → Employee,,no_matching_swagger_schema
datacollection_ontology.json,datacollection,DataPointCollectionGroup,数据点采集组,minimumSamples,Integer,物理字段 MinimumSamples,,no_matching_swagger_schema
datacollection_ontology.json,datacollection,DataPointCollectionGroup,数据点采集组,groupLayout,Integer,物理字段 GroupLayout,,no_matching_swagger_schema
datacollection_ontology.json,datacollection,DataPointCollectionGroup,数据点采集组,dataPointCollection,Navigation,物理字段 DataPointCollectionId → DataCollectionDef,,no_matching_swagger_schema
delegation_ontology.json,delegation,DelegationTask,委派任务,startDateGmt,DateTime,物理字段 StartDateGMT,,no_matching_swagger_schema
delegation_ontology.json,delegation,DelegationTask,委派任务,endDateGmt,DateTime,物理字段 EndDateGMT,,no_matching_swagger_schema
delegation_ontology.json,delegation,DelegateTaskHistory,委派任务历史,historyMainline,Navigation,物理字段 HistoryMainlineId → HistoryMainline,,no_matching_swagger_schema
delegation_ontology.json,delegation,DelegateTaskHistory,委派任务历史,history,Integer,物理字段 HistoryId,,no_matching_swagger_schema
delegation_ontology.json,delegation,DelegateTaskHistory,委派任务历史,txn,Integer,物理字段 TxnId,,no_matching_swagger_schema
dispatch_ontology.json,dispatch,DispatchDetail,派工明细,dispatchRule,Navigation,物理字段 DispatchRuleId → DispatchRule,,no_matching_swagger_schema
disposition_ontology.json,disposition,EventDisposition,事件处置记录,parent,Navigation,物理字段 ParentId → EventLot,,no_matching_swagger_schema
disposition_ontology.json,disposition,EventDispositionHistoryDetail,事件处置历史明细,historyDetails,Navigation,物理字段 HistoryDetailsId → UpdateEventDetailsHistory,,no_matching_swagger_schema
disposition_ontology.json,disposition,EventDispositionHistoryDetail,事件处置历史明细,history,Integer,物理字段 HistoryId,,no_matching_swagger_schema
disposition_ontology.json,disposition,EventDispositionHistoryDetail,事件处置历史明细,txn,Integer,物理字段 TxnId,,no_matching_swagger_schema
document_ontology.json,document,Document,文档,xShareUrn,String,物理字段 XShareURN,DocumentEntity,property_not_exposed_or_name_differs
electronic_procedure_ontology.json,electronic_procedure,TaskItem,任务项,allocatedTime,Float,物理字段 AllocatedTime,,no_matching_swagger_schema
electronic_procedure_ontology.json,electronic_procedure,TaskItem,任务项,valueAdd,Boolean,物理字段 ValueAdd,,no_matching_swagger_schema
employee_ontology.json,employee,Employee,员工,verifySessionValues,Boolean,物理字段 VerifySessionValues,EmployeeEntity,property_not_exposed_or_name_differs
employee_ontology.json,employee,Employee,员工,accessLevel,Integer,物理字段 AccessLevel,EmployeeEntity,property_not_exposed_or_name_differs
employee_ontology.json,employee,Employee,员工,isSuperUser,Boolean,物理字段 IsSuperUser,EmployeeEntity,property_not_exposed_or_name_differs
employee_ontology.json,employee,Employee,员工,lastWebLoginTimestamp,DateTime,物理字段 LastWebLoginTimestamp,EmployeeEntity,property_not_exposed_or_name_differs
employee_ontology.json,employee,Employee,员工,loginEmployeeGroup,Navigation,物理字段 LoginEmployeeGroupId → A_EmployeeGroup,EmployeeEntity,property_not_exposed_or_name_differs
employee_ontology.json,employee,EmployeeLoginInfo,登录信息,lastLoginDateGmt,DateTime,物理字段 LastLoginDateGMT,,no_matching_swagger_schema
enterprise_ontology.json,enterprise,Enterprise,企业/集团,changeStatus,Navigation,物理字段 ChangeStatusId → ChangeStatus,EnterpriseEntity,property_not_exposed_or_name_differs
erp_route_ontology.json,erp_route,RouteStep,ERP工艺步骤,erpRouteId,Navigation,物理字段 ERPRouteID → ERPRoute,,no_matching_swagger_schema
erpbom_ontology.json,erpbom,BOMMaterialListItem,ERP BOM物料行,isSourceProduct,Boolean,物理字段 IsSourceProduct,,no_matching_swagger_schema
erpbom_ontology.json,erpbom,BOMMaterialListItem,ERP BOM物料行,ssWorkflow,Navigation,物理字段 ss_WorkflowId → Workflow,,no_matching_swagger_schema
erpbom_ontology.json,erpbom,BOMMaterialListItem,ERP BOM物料行,scsIsComponentIssue,Boolean,物理字段 scsIsComponentIssue,,no_matching_swagger_schema
erpbom_ontology.json,erpbom,BOMMaterialListItem,ERP BOM物料行,ssStep,Navigation,物理字段 ss_StepId → WorkflowStep,,no_matching_swagger_schema
erpbom_ontology.json,erpbom,BOMMaterialListItem,ERP BOM物料行,ssWfStackKey,String,物理字段 ss_WfStackKey,,no_matching_swagger_schema
erpbom_ontology.json,erpbom,BOMMaterialListItem,ERP BOM物料行,setupQty,Float,物理字段 SetupQty,,no_matching_swagger_schema
erpbom_ontology.json,erpbom,BOMMaterialListItem,ERP BOM物料行,effectiveThruDateGmt,DateTime,物理字段 EffectiveThruDateGMT,,no_matching_swagger_schema
erpbom_ontology.json,erpbom,BOMMaterialListItem,ERP BOM物料行,vendorControl,Boolean,物理字段 VendorControl,,no_matching_swagger_schema
erpbom_ontology.json,erpbom,BOMMaterialListItem,ERP BOM物料行,setupQty2,Float,物理字段 SetupQty2,,no_matching_swagger_schema
erpbom_ontology.json,erpbom,BOMMaterialListItem,ERP BOM物料行,isEnabled,Boolean,物理字段 IsEnabled,,no_matching_swagger_schema
erpbom_ontology.json,erpbom,BOMMaterialListItem,ERP BOM物料行,effectiveFromDateGmt,DateTime,物理字段 EffectiveFromDateGMT,,no_matching_swagger_schema
erpbom_ontology.json,erpbom,BOMMaterialListItem,ERP BOM物料行,erpReportingFlag,Boolean,物理字段 ERPReportingFlag,,no_matching_swagger_schema
erpbom_ontology.json,erpbom,BOMMaterialListItem,ERP BOM物料行,defaultStockPoint,String,物理字段 DefaultStockPoint,,no_matching_swagger_schema
erpbom_ontology.json,erpbom,BOMMaterialListItem,ERP BOM物料行,defaultLot,String,物理字段 DefaultLot,,no_matching_swagger_schema
erpbom_ontology.json,erpbom,BOMMaterialListItem,ERP BOM物料行,erpLineItem,String,物理字段 ERPLineItem,,no_matching_swagger_schema
erpbom_ontology.json,erpbom,BOMMaterialListItem,ERP BOM物料行,subFactory,String,物理字段 SubFactory,,no_matching_swagger_schema
erpbom_ontology.json,erpbom,BOMMaterialListItem,ERP BOM物料行,allowUnderConsumption,Boolean,物理字段 AllowUnderConsumption,,no_matching_swagger_schema
erpbom_ontology.json,erpbom,BOMMaterialListItem,ERP BOM物料行,isFrozen,Boolean,物理字段 IsFrozen,,no_matching_swagger_schema
erpbom_ontology.json,erpbom,BOMMaterialListItem,ERP BOM物料行,erpbom,Navigation,物理字段 ERPBOMId → ERPBOM,,no_matching_swagger_schema
erpbom_ontology.json,erpbom,BOMMaterialListItem,ERP BOM物料行,qtyIssued,Float,物理字段 QtyIssued,,no_matching_swagger_schema
erpbom_ontology.json,erpbom,BOMMaterialListItem,ERP BOM物料行,allowAllRevisionsAsSubstitute,Boolean,物理字段 AllowAllRevisionsAsSubstitute,,no_matching_swagger_schema
erpbom_ontology.json,erpbom,BOMMaterialListItem,ERP BOM物料行,description,String,物理字段 Description,,no_matching_swagger_schema
erpbom_ontology.json,erpbom,BOMMaterialListItem,ERP BOM物料行,objectTypeName,String,物理字段 ObjectTypeName,,no_matching_swagger_schema
erpbom_ontology.json,erpbom,BOMMaterialListItem,ERP BOM物料行,parentRevision,String,物理字段 ParentRevision,,no_matching_swagger_schema
erpbom_ontology.json,erpbom,BOMMaterialListItem,ERP BOM物料行,producingOrder,String,物理字段 ProducingOrder,,no_matching_swagger_schema
factory_ontology.json,factory,Factory,工厂,testPlant,String,物理字段 TestPlant,FactoryEntity,property_not_exposed_or_name_differs
factory_ontology.json,factory,Factory,工厂,dateCodeRule,Navigation,物理字段 DateCodeRuleId → BusinessRule,FactoryEntity,property_not_exposed_or_name_differs
factory_ontology.json,factory,Factory,工厂,shipPlantCode,Navigation,物理字段 ShipPlantCodeId → A_ShipPlantCode,FactoryEntity,property_not_exposed_or_name_differs
factory_ontology.json,factory,Factory,工厂,shipFactoryCode,Navigation,物理字段 ShipFactoryCodeId → A_ShipFactoryCode,FactoryEntity,property_not_exposed_or_name_differs
factory_ontology.json,factory,Factory,工厂,assemblyPlantCode,String,物理字段 AssemblyPlantCode,FactoryEntity,property_not_exposed_or_name_differs
factory_ontology.json,factory,Factory,工厂,waferPlant,String,物理字段 WaferPlant,FactoryEntity,property_not_exposed_or_name_differs
factory_ontology.json,factory,Factory,工厂,webLoginTimeLimit,Float,物理字段 WebLoginTimeLimit,FactoryEntity,property_not_exposed_or_name_differs
factory_ontology.json,factory,Factory,工厂,testCountry,String,物理字段 TestCountry,FactoryEntity,property_not_exposed_or_name_differs
factory_ontology.json,factory,Factory,工厂,waferSortCountry,String,物理字段 WaferSortCountry,FactoryEntity,property_not_exposed_or_name_differs
factory_ontology.json,factory,Factory,工厂,testArea,String,物理字段 TestArea,FactoryEntity,property_not_exposed_or_name_differs
factory_ontology.json,factory,Factory,工厂,assemblyCountry,String,物理字段 AssemblyCountry,FactoryEntity,property_not_exposed_or_name_differs
factory_ontology.json,factory,Factory,工厂,assemblyPlant,String,物理字段 AssemblyPlant,FactoryEntity,property_not_exposed_or_name_differs
factory_ontology.json,factory,Factory,工厂,waferSortArea,String,物理字段 WaferSortArea,FactoryEntity,property_not_exposed_or_name_differs
factory_ontology.json,factory,Factory,工厂,waferSortPlant,String,物理字段 WaferSortPlant,FactoryEntity,property_not_exposed_or_name_differs
factory_ontology.json,factory,Factory,工厂,waferCountry,String,物理字段 WaferCountry,FactoryEntity,property_not_exposed_or_name_differs
factory_ontology.json,factory,Factory,工厂,waferArea,String,物理字段 WaferArea,FactoryEntity,property_not_exposed_or_name_differs
factory_ontology.json,factory,Factory,工厂,statusModel,Navigation,物理字段 StatusModelId → scsStatusModel,FactoryEntity,property_not_exposed_or_name_differs
factory_ontology.json,factory,Factory,工厂,assemblyArea,String,物理字段 AssemblyArea,FactoryEntity,property_not_exposed_or_name_differs
factory_ontology.json,factory,Factory,工厂,scsUpdatePreactorStepCnt,Integer,物理字段 scsUpdatePreactorStepCnt,FactoryEntity,property_not_exposed_or_name_differs
factory_ontology.json,factory,Factory,工厂,scsMaxScheduleStepsToProcess,Integer,物理字段 scsMaxScheduleStepsToProcess,FactoryEntity,property_not_exposed_or_name_differs
factory_ontology.json,factory,Factory,工厂,scsPreactorEnabled,Boolean,物理字段 scsPreactorEnabled,FactoryEntity,property_not_exposed_or_name_differs
factory_ontology.json,factory,Factory,工厂,ssSurveillanceChanelSource,Navigation,物理字段 ss_SurveillanceChanelSourceId → CIOChannelSource,FactoryEntity,property_not_exposed_or_name_differs
factory_ontology.json,factory,Factory,工厂,ssSurveillanceCioChannelAda,Navigation,物理字段 ss_SurveillanceCIOChannelAdaId → CIOChannelAdapter,FactoryEntity,property_not_exposed_or_name_differs
factory_ontology.json,factory,Factory,工厂,eSigReqForLabelReprint,Navigation,物理字段 ESigReqForLabelReprintId → ESigRequirement,FactoryEntity,property_not_exposed_or_name_differs
factory_ontology.json,factory,Factory,工厂,scsCarrConDefaultTerminateRe,Navigation,物理字段 scsCarrConDefaultTerminateReId → A_TerminateReason,FactoryEntity,property_not_exposed_or_name_differs
factory_ontology.json,factory,Factory,工厂,scsCarrierNumberingRule,Navigation,物理字段 scsCarrierNumberingRuleId → NumberingRule,FactoryEntity,property_not_exposed_or_name_differs
factory_ontology.json,factory,Factory,工厂,scsUnloadCarrierContainer,Boolean,物理字段 scsUnloadCarrierContainer,FactoryEntity,property_not_exposed_or_name_differs
factory_ontology.json,factory,Factory,工厂,scsCarrierRenameRule,Navigation,物理字段 scsCarrierRenameRuleId → NumberingRule,FactoryEntity,property_not_exposed_or_name_differs
factory_ontology.json,factory,Factory,工厂,scsEnabledHybridHpe,Boolean,物理字段 scsEnabledHybridHPE,FactoryEntity,property_not_exposed_or_name_differs
factory_ontology.json,factory,Factory,工厂,scsChannelSourceUrl,String,物理字段 scsChannelSourceURL,FactoryEntity,property_not_exposed_or_name_differs
factory_ontology.json,factory,Factory,工厂,scsQuantixEnabled,Boolean,物理字段 scsQuantixEnabled,FactoryEntity,property_not_exposed_or_name_differs
factory_ontology.json,factory,Factory,工厂,scsChannelAdapterName,String,物理字段 scsChannelAdapterName,FactoryEntity,property_not_exposed_or_name_differs
factory_ontology.json,factory,Factory,工厂,lastRptWeekly,Integer,物理字段 LastRPTWeekly,FactoryEntity,property_not_exposed_or_name_differs
factory_ontology.json,factory,Factory,工厂,lastRptMonthly,Integer,物理字段 LastRPTMonthly,FactoryEntity,property_not_exposed_or_name_differs
factory_ontology.json,factory,Factory,工厂,lastRptQuarterly,Integer,物理字段 LastRPTQuarterly,FactoryEntity,property_not_exposed_or_name_differs
failure_ontology.json,failure,EventFailure,事件失效记录,eventData,Navigation,物理字段 EventDataId → EventDisposition,,no_matching_swagger_schema
failure_ontology.json,failure,EventFailure,事件失效记录,description,String,物理字段 Description,,no_matching_swagger_schema
failure_ontology.json,failure,EventFailure,事件失效记录,failureSeverity,Navigation,物理字段 FailureSeverityId → FailureSeverity,,no_matching_swagger_schema
failure_ontology.json,failure,EventFailureAction,事件失效处理动作,parent,Navigation,物理字段 ParentId,,no_matching_swagger_schema
failure_ontology.json,failure,EventFailureAction,事件失效处理动作,completionDate,DateTime,物理字段 CompletionDate,,no_matching_swagger_schema
failure_ontology.json,failure,EventFailureAction,事件失效处理动作,actionOwner,Navigation,物理字段 ActionOwnerId → Employee,,no_matching_swagger_schema
history_ontology.json,history,HistoryMainline,主历史记录,cioMessageId,String,物理字段 CIOMessageID,,no_matching_swagger_schema
history_ontology.json,history,HistoryMainline,主历史记录,cioMessageIdOutbound,String,物理字段 CIOMessageIDOutbound,,no_matching_swagger_schema
history_ontology.json,history,HistoryMainline,主历史记录,containerTxnSequence,Integer,物理字段 ContainerTxnSequence,,no_matching_swagger_schema
history_ontology.json,history,HistoryMainline,主历史记录,serverName,String,物理字段 ServerName,,no_matching_swagger_schema
history_ontology.json,history,HistoryMainline,主历史记录,integrationTxn,Integer,物理字段 IntegrationTxnId,,no_matching_swagger_schema
history_ontology.json,history,HistoryMainline,主历史记录,containerChangeCount,Integer,物理字段 ContainerChangeCount,,no_matching_swagger_schema
history_ontology.json,history,HistoryMainline,主历史记录,fromStatus,Integer,物理字段 FromStatus,,no_matching_swagger_schema
history_ontology.json,history,HistoryMainline,主历史记录,workflowName,String,物理字段 WorkflowName,,no_matching_swagger_schema
history_ontology.json,history,HistoryMainline,主历史记录,callByCdoName,String,物理字段 CallByCDOName,,no_matching_swagger_schema
history_ontology.json,history,HistoryMainline,主历史记录,resourceObjectType,String,物理字段 ResourceObjectType,,no_matching_swagger_schema
history_ontology.json,history,HistoryMainline,主历史记录,processSpec,Integer,物理字段 ProcessSpecId,,no_matching_swagger_schema
history_ontology.json,history,HistoryMainline,主历史记录,resourceObjectCategory,String,物理字段 ResourceObjectCategory,,no_matching_swagger_schema
history_ontology.json,history,HistoryMainline,主历史记录,computerName,String,物理字段 ComputerName,,no_matching_swagger_schema
history_ontology.json,history,HistoryMainline,主历史记录,moveInUsername,String,物理字段 MoveInUsername,,no_matching_swagger_schema
history_ontology.json,history,HistoryMainline,主历史记录,lastMoveOutTimestamp,DateTime,物理字段 LastMoveOutTimestamp,,no_matching_swagger_schema
history_ontology.json,history,HistoryMainline,主历史记录,lastMoveOutUsername,String,物理字段 LastMoveOutUsername,,no_matching_swagger_schema
history_ontology.json,history,HistoryMainline,主历史记录,fromUom2Name,String,物理字段 FromUOM2Name,,no_matching_swagger_schema
history_ontology.json,history,HistoryMainline,主历史记录,fromWorkflowName,String,物理字段 FromWorkflowName,,no_matching_swagger_schema
history_ontology.json,history,HistoryMainline,主历史记录,cdoName,String,物理字段 CDOName,,no_matching_swagger_schema
history_ontology.json,history,HistoryMainline,主历史记录,specName,String,物理字段 SpecName,,no_matching_swagger_schema
history_ontology.json,history,HistoryMainline,主历史记录,stepLogicName,String,物理字段 StepLogicName,,no_matching_swagger_schema
history_ontology.json,history,HistoryMainline,主历史记录,username,String,物理字段 Username,,no_matching_swagger_schema
history_ontology.json,history,HistoryMainline,主历史记录,ownerName,String,物理字段 OwnerName,,no_matching_swagger_schema
history_ontology.json,history,HistoryMainline,主历史记录,qty,Float,物理字段 Qty,,no_matching_swagger_schema
history_ontology.json,history,HistoryMainline,主历史记录,qty2,Float,物理字段 Qty2,,no_matching_swagger_schema
history_ontology.json,history,HistoryMainline,主历史记录,productName,String,物理字段 ProductName,,no_matching_swagger_schema
history_ontology.json,history,HistoryMainline,主历史记录,moveInQty2,Float,物理字段 MoveInQty2,,no_matching_swagger_schema
history_ontology.json,history,HistoryMainline,主历史记录,uom2Name,String,物理字段 UOM2Name,,no_matching_swagger_schema
history_ontology.json,history,HistoryMainline,主历史记录,resourceName,String,物理字段 ResourceName,,no_matching_swagger_schema
history_ontology.json,history,HistoryMainline,主历史记录,fromSpecName,String,物理字段 FromSpecName,,no_matching_swagger_schema
history_ontology.json,history,HistoryMainline,主历史记录,moveInTimestamp,DateTime,物理字段 MoveInTimestamp,,no_matching_swagger_schema
history_ontology.json,history,HistoryMainline,主历史记录,containerName,String,物理字段 ContainerName,,no_matching_swagger_schema
history_ontology.json,history,HistoryMainline,主历史记录,wipTrackingGroupKey,Integer,物理字段 WIPTrackingGroupKeyId,,no_matching_swagger_schema
history_ontology.json,history,HistoryMainline,主历史记录,lastLotCarriersSetupHistory,Integer,物理字段 LastLotCarriersSetupHistoryId,,no_matching_swagger_schema
history_ontology.json,history,HistoryMainline,主历史记录,fromContainer,Integer,物理字段 FromContainerId,,no_matching_swagger_schema
history_ontology.json,history,HistoryMainline,主历史记录,fromContainerName,String,物理字段 FromContainerName,,no_matching_swagger_schema
history_ontology.json,history,HistoryMainline,主历史记录,uomName,String,物理字段 UOMName,,no_matching_swagger_schema
history_ontology.json,history,HistoryMainline,主历史记录,fromUomName,String,物理字段 FromUOMName,,no_matching_swagger_schema
history_ontology.json,history,HistoryMainline,主历史记录,calendarJulianDay,String,物理字段 CalendarJulianDay,,no_matching_swagger_schema
history_ontology.json,history,HistoryMainline,主历史记录,calendarMonth,String,物理字段 CalendarMonth,,no_matching_swagger_schema
history_ontology.json,history,HistoryMainline,主历史记录,moveInQty,Float,物理字段 MoveInQty,,no_matching_swagger_schema
history_ontology.json,history,HistoryMainline,主历史记录,calendarYear,String,物理字段 CalendarYear,,no_matching_swagger_schema
history_ontology.json,history,HistoryMainline,主历史记录,fromQty2,Float,物理字段 FromQty2,,no_matching_swagger_schema
history_ontology.json,history,HistoryMainline,主历史记录,employeeName,String,物理字段 EmployeeName,,no_matching_swagger_schema
history_ontology.json,history,HistoryMainline,主历史记录,fromSpec,Navigation,物理字段 FromSpecId → Spec,,no_matching_swagger_schema
history_ontology.json,history,HistoryMainline,主历史记录,carrierName,String,物理字段 CarrierName,,no_matching_swagger_schema
history_ontology.json,history,HistoryMainline,主历史记录,cdoTxnSequence,Integer,物理字段 CDOTxnSequence,,no_matching_swagger_schema
history_ontology.json,history,HistoryMainline,主历史记录,specPass,Integer,物理字段 SpecPass,,no_matching_swagger_schema
history_ontology.json,history,HistoryMainline,主历史记录,historySummary,Integer,物理字段 HistorySummaryId,,no_matching_swagger_schema
history_ontology.json,history,HistoryMainline,主历史记录,fromSpecPass,Integer,物理字段 FromSpecPass,,no_matching_swagger_schema
history_ontology.json,history,HistoryMainline,主历史记录,fromQty,Float,物理字段 FromQty,,no_matching_swagger_schema
history_ontology.json,history,HistoryMainline,主历史记录,calendarWorkWeek,String,物理字段 CalendarWorkWeek,,no_matching_swagger_schema
history_ontology.json,history,HistoryMainline,主历史记录,scsLastMoveOutTimestampGmt,DateTime,物理字段 scsLastMoveOutTimestampGMT,,no_matching_swagger_schema
history_ontology.json,history,HistoryMainline,主历史记录,scsMoveInTimestampGmt,DateTime,物理字段 scsMoveInTimestampGMT,,no_matching_swagger_schema
history_ontology.json,history,HistoryMainline,主历史记录,inRework,Boolean,物理字段 InRework,,no_matching_swagger_schema
history_ontology.json,history,HistoryMainline,主历史记录,batch,Navigation,物理字段 BatchId → Container,,no_matching_swagger_schema
history_ontology.json,history,HistoryMainline,主历史记录,shiftName,String,物理字段 ShiftName,,no_matching_swagger_schema
history_ontology.json,history,HistoryMainline,主历史记录,workflowStep,Navigation,物理字段 WorkflowStepId → WorkflowStep,,no_matching_swagger_schema
history_ontology.json,history,HistoryMainline,主历史记录,compoundTxnType,Integer,物理字段 CompoundTxnType,,no_matching_swagger_schema
history_ontology.json,history,HistoryMainline,主历史记录,stepEntryTxn,Integer,物理字段 StepEntryTxnId,,no_matching_swagger_schema
history_ontology.json,history,HistoryMainline,主历史记录,stepPass,Integer,物理字段 StepPass,,no_matching_swagger_schema
history_ontology.json,history,HistoryMainline,主历史记录,spec,Navigation,物理字段 SpecId → Spec,,no_matching_swagger_schema
history_ontology.json,history,HistoryMainline,主历史记录,application,Integer,物理字段 Application,,no_matching_swagger_schema
history_ontology.json,history,HistoryMainline,主历史记录,baseTxnType,Integer,物理字段 BaseTxnType,,no_matching_swagger_schema
history_ontology.json,history,HistoryMainline,主历史记录,status,Integer,物理字段 Status,,no_matching_swagger_schema
history_ontology.json,history,HistoryMainline,主历史记录,systemDate,DateTime,物理字段 SystemDate,,no_matching_swagger_schema
history_ontology.json,history,HistoryMainline,主历史记录,systemDateGmt,DateTime,物理字段 SystemDateGMT,,no_matching_swagger_schema
history_ontology.json,history,HistoryMainline,主历史记录,txnDateGmt,DateTime,物理字段 TxnDateGMT,,no_matching_swagger_schema
history_ontology.json,history,HistoryMainline,主历史记录,txn,Integer,物理字段 TxnId,,no_matching_swagger_schema
history_ontology.json,history,HistoryMainline,主历史记录,user,Navigation,物理字段 UserId → Employee,,no_matching_swagger_schema
history_ontology.json,history,HistoryMainline,主历史记录,resource,Navigation,物理字段 ResourceId → ResourceDef,,no_matching_swagger_schema
history_ontology.json,history,HistoryMainline,主历史记录,history,Integer,物理字段 HistoryId,,no_matching_swagger_schema
history_ontology.json,history,HistoryMainline,主历史记录,binningIncluded,Boolean,物理字段 BinningIncluded,,no_matching_swagger_schema
history_ontology.json,history,HistoryMainline,主历史记录,bonusIncluded,Boolean,物理字段 BonusIncluded,,no_matching_swagger_schema
history_ontology.json,history,HistoryMainline,主历史记录,client,Integer,物理字段 Client,,no_matching_swagger_schema
history_ontology.json,history,HistoryMainline,主历史记录,comments,String,物理字段 Comments,,no_matching_swagger_schema
history_ontology.json,history,HistoryMainline,主历史记录,container,Navigation,物理字段 ContainerId → Container,,no_matching_swagger_schema
history_ontology.json,history,HistoryMainline,主历史记录,defectIncluded,Boolean,物理字段 DefectIncluded,,no_matching_swagger_schema
history_ontology.json,history,HistoryMainline,主历史记录,employee,Navigation,物理字段 EmployeeId → Employee,,no_matching_swagger_schema
history_ontology.json,history,HistoryMainline,主历史记录,calendarShift,Navigation,物理字段 CalendarShiftId → CalendarShift,,no_matching_swagger_schema
history_ontology.json,history,HistoryMainline,主历史记录,server,Integer,物理字段 Server,,no_matching_swagger_schema
history_ontology.json,history,HistoryMainline,主历史记录,iconId,Integer,物理字段 IconId,,no_matching_swagger_schema
history_ontology.json,history,HistoryMainline,主历史记录,implicit,Boolean,物理字段 Implicit,,no_matching_swagger_schema
history_ontology.json,history,HistoryMainline,主历史记录,localReworkIncluded,Boolean,物理字段 LocalReworkIncluded,,no_matching_swagger_schema
history_ontology.json,history,HistoryMainline,主历史记录,login,Navigation,物理字段 LoginId → Employee,,no_matching_swagger_schema
history_ontology.json,history,HistoryMainline,主历史记录,lossIncluded,Boolean,物理字段 LossIncluded,,no_matching_swagger_schema
history_ontology.json,history,HistoryMainline,主历史记录,mfgDate,DateTime,物理字段 MfgDate,,no_matching_swagger_schema
history_ontology.json,history,HistoryMainline,主历史记录,operation,Navigation,物理字段 OperationId → Operation,,no_matching_swagger_schema
history_ontology.json,history,HistoryMainline,主历史记录,parametricDetail,Integer,物理字段 ParametricDetailId,,no_matching_swagger_schema
history_ontology.json,history,HistoryMainline,主历史记录,factory,Navigation,物理字段 FactoryId → Factory,,no_matching_swagger_schema
history_ontology.json,history,HistoryMainline,主历史记录,reversalStatus,Integer,物理字段 ReversalStatus,,no_matching_swagger_schema
history_ontology.json,history,HistoryMainline,主历史记录,product,Navigation,物理字段 ProductId → Product,,no_matching_swagger_schema
history_ontology.json,history,HistoryMainline,主历史记录,owner,Navigation,物理字段 OwnerId → Owner,,no_matching_swagger_schema
history_ontology.json,history,HistoryMainline,主历史记录,computationHistory,Navigation,物理字段 ComputationHistoryId → ComputationHistory,,no_matching_swagger_schema
history_ontology.json,history,HistoryMainline,主历史记录,eSigRequirement,Navigation,物理字段 ESigRequirementId → ESigRequirement,,no_matching_swagger_schema
history_ontology.json,history,HistoryMainline,主历史记录,mfgProcessOverrides,Navigation,物理字段 MfgProcessOverridesId → BillOfProcess,,no_matching_swagger_schema
history_ontology.json,history,HistoryMainline,主历史记录,carrier,Navigation,物理字段 CarrierId → ResourceDef,,no_matching_swagger_schema
history_ontology.json,history,HistoryMainline,主历史记录,qualityESigConfirmed,Boolean,物理字段 QualityESigConfirmed,,no_matching_swagger_schema
history_ontology.json,history,HistoryMainline,主历史记录,remainingProcessTime,Float,物理字段 RemainingProcessTime,,no_matching_swagger_schema
history_ontology.json,history,HistoryMainline,主历史记录,txnServiceName,String,物理字段 TxnServiceName,,no_matching_swagger_schema
history_ontology.json,history,HistoryMainline,主历史记录,txnServiceSequence,Integer,物理字段 TxnServiceSequence,,no_matching_swagger_schema
history_ontology.json,history,HistoryMainline,主历史记录,resourceAvailability,Integer,物理字段 ResourceAvailability,,no_matching_swagger_schema
history_ontology.json,history,HistoryMainline,主历史记录,resourceStatusCode,Navigation,物理字段 ResourceStatusCodeId → ResourceStatusCode,,no_matching_swagger_schema
history_ontology.json,history,HistoryMainline,主历史记录,resourceStatusReason,Navigation,物理字段 ResourceStatusReasonId → ResourceStatusReason,,no_matching_swagger_schema
history_ontology.json,history,HistoryMainline,主历史记录,workstation,Navigation,物理字段 WorkstationId → ResourceDef,,no_matching_swagger_schema
history_ontology.json,history,HistoryMainline,主历史记录,txnId,Integer,物理字段 TxnId,,no_matching_swagger_schema
loss_reason_ontology.json,loss_reason,LossReason,损耗原因,forLotReject,Boolean,物理字段 ForLotReject,LossReasonEntity,property_not_exposed_or_name_differs
maintenance_ontology.json,maintenance,MaintenanceClass,维护分类,failureStatus,Navigation,物理字段 FailureStatusId → ResourceStatusCode,MaintenanceClassEntity,property_not_exposed_or_name_differs
maintenance_ontology.json,maintenance,MaintenanceReq,维护需求,maintenanceReqBase,Navigation,物理字段 MaintenanceReqBaseId → MaintenanceReqBase,MaintenanceReqEntity,property_not_exposed_or_name_differs
maintenance_ontology.json,maintenance,MaintenanceReq,维护需求,thruputFactorType2,String,物理字段 ThruputFactorType2,MaintenanceReqEntity,property_not_exposed_or_name_differs
maintenance_ontology.json,maintenance,MaintenanceReq,维护需求,thruputFactorType,String,物理字段 ThruputFactorType,MaintenanceReqEntity,property_not_exposed_or_name_differs
maintenance_ontology.json,maintenance,MaintenanceReq,维护需求,thruputFactor2,Float,物理字段 ThruputFactor2,MaintenanceReqEntity,property_not_exposed_or_name_differs
maintenance_ontology.json,maintenance,MaintenanceReq,维护需求,thruputFactor,Float,物理字段 ThruputFactor,MaintenanceReqEntity,property_not_exposed_or_name_differs
maintenance_ontology.json,maintenance,MaintenanceReq,维护需求,ssMaxUsageCount,Float,物理字段 ss_MaxUsageCount,MaintenanceReqEntity,property_not_exposed_or_name_differs
maintenance_ontology.json,maintenance,MaintenanceReq,维护需求,ssClearDelayDetails,Boolean,物理字段 ss_ClearDelayDetails,MaintenanceReqEntity,property_not_exposed_or_name_differs
maintenance_ontology.json,maintenance,MaintenanceReq,维护需求,ssMaxDelayUsageCount,Float,物理字段 ss_MaxDelayUsageCount,MaintenanceReqEntity,property_not_exposed_or_name_differs
maintenance_ontology.json,maintenance,MaintenanceReq,维护需求,ssMayBeDelayed,Boolean,物理字段 ss_MayBeDelayed,MaintenanceReqEntity,property_not_exposed_or_name_differs
maintenance_ontology.json,maintenance,MaintenanceReq,维护需求,ssMayBeWaived,Boolean,物理字段 ss_MayBeWaived,MaintenanceReqEntity,property_not_exposed_or_name_differs
maintenance_ontology.json,maintenance,MaintenanceReq,维护需求,ssMaxDelayPeriod,Float,物理字段 ss_MaxDelayPeriod,MaintenanceReqEntity,property_not_exposed_or_name_differs
maintenance_ontology.json,maintenance,MaintenanceReq,维护需求,ssESigReqForWaiveOrDelayMai,Navigation,物理字段 ss_ESigReqForWaiveOrDelayMaiId → ESigRequirement,MaintenanceReqEntity,property_not_exposed_or_name_differs
maintenance_ontology.json,maintenance,MaintenanceReq,维护需求,ssMaxDelayThruputQty,Float,物理字段 ss_MaxDelayThruputQty,MaintenanceReqEntity,property_not_exposed_or_name_differs
maintenance_ontology.json,maintenance,MaintenanceReq,维护需求,ssMaxDelayThruputQty2,Float,物理字段 ss_MaxDelayThruputQty2,MaintenanceReqEntity,property_not_exposed_or_name_differs
maintenance_ontology.json,maintenance,MaintenanceReq,维护需求,ssToleranceUsageCount,Float,物理字段 ss_ToleranceUsageCount,MaintenanceReqEntity,property_not_exposed_or_name_differs
maintenance_ontology.json,maintenance,MaintenanceReq,维护需求,ssWarningUsageCount,Float,物理字段 ss_WarningUsageCount,MaintenanceReqEntity,property_not_exposed_or_name_differs
maintenance_ontology.json,maintenance,MaintenanceReq,维护需求,calculatedEndDate,DateTime,物理字段 CalculatedEndDate,MaintenanceReqEntity,property_not_exposed_or_name_differs
maintenance_ontology.json,maintenance,MaintenanceReq,维护需求,dayOfWeek,Integer,物理字段 DayOfWeek,MaintenanceReqEntity,property_not_exposed_or_name_differs
maintenance_ontology.json,maintenance,MaintenanceReq,维护需求,monthOfYear,Integer,物理字段 MonthOfYear,MaintenanceReqEntity,property_not_exposed_or_name_differs
maintenance_ontology.json,maintenance,MaintenanceReq,维护需求,dayOfMonth,Integer,物理字段 DayOfMonth,MaintenanceReqEntity,property_not_exposed_or_name_differs
maintenance_ontology.json,maintenance,MaintenanceReq,维护需求,toleranceQty,Float,物理字段 ToleranceQty,MaintenanceReqEntity,property_not_exposed_or_name_differs
maintenance_ontology.json,maintenance,MaintenanceReq,维护需求,warningQty2,Float,物理字段 WarningQty2,MaintenanceReqEntity,property_not_exposed_or_name_differs
maintenance_ontology.json,maintenance,MaintenanceReq,维护需求,toleranceQty2,Float,物理字段 ToleranceQty2,MaintenanceReqEntity,property_not_exposed_or_name_differs
maintenance_ontology.json,maintenance,MaintenanceReq,维护需求,warningQty,Float,物理字段 WarningQty,MaintenanceReqEntity,property_not_exposed_or_name_differs
maintenance_ontology.json,maintenance,MaintenanceReq,维护需求,firstMaintDateDue,DateTime,物理字段 FirstMaintDateDue,MaintenanceReqEntity,property_not_exposed_or_name_differs
maintenance_ontology.json,maintenance,MaintenanceReq,维护需求,scheduleDateGmt,DateTime,物理字段 ScheduleDateGMT,MaintenanceReqEntity,property_not_exposed_or_name_differs
maintenance_ontology.json,maintenance,MaintenanceReq,维护需求,calculatedEndDateGmt,DateTime,物理字段 CalculatedEndDateGMT,MaintenanceReqEntity,property_not_exposed_or_name_differs
maintenance_ontology.json,maintenance,MaintenanceReq,维护需求,endDateGmt,DateTime,物理字段 EndDateGMT,MaintenanceReqEntity,property_not_exposed_or_name_differs
maintenance_ontology.json,maintenance,MaintenanceReq,维护需求,firstMaintDateDueGmt,DateTime,物理字段 FirstMaintDateDueGMT,MaintenanceReqEntity,property_not_exposed_or_name_differs
maintenance_ontology.json,maintenance,MaintenanceReq,维护需求,seedDateGmt,DateTime,物理字段 SeedDateGMT,MaintenanceReqEntity,property_not_exposed_or_name_differs
maintenance_ontology.json,maintenance,MaintenanceReq,维护需求,timeZone,String,物理字段 TimeZone,MaintenanceReqEntity,property_not_exposed_or_name_differs
maintenance_ontology.json,maintenance,MaintenanceReq,维护需求,dataCollectionDefBase,Integer,物理字段 DataCollectionDefBaseId,MaintenanceReqEntity,property_not_exposed_or_name_differs
maintenance_ontology.json,maintenance,MaintenanceReq,维护需求,dataCollection,Navigation,物理字段 DataCollectionDefId → DataCollectionDef,MaintenanceReqEntity,property_not_exposed_or_name_differs
maintenance_ontology.json,maintenance,MaintenanceReq,维护需求,bomBase,Integer,物理字段 BOMBaseId,MaintenanceReqEntity,property_not_exposed_or_name_differs
master_data_catalog_ontology.json,master_data_catalog,MasterDataCatalogDtl,主数据目录明细,masterDataCatalog,Navigation,物理字段 MasterDataCatalogId → MasterDataCatalog,,no_matching_swagger_schema
master_data_catalog_ontology.json,master_data_catalog,MasterDataCatalogDtl,主数据目录明细,cdoDisplayName,String,物理字段 CDODisplayName,,no_matching_swagger_schema
master_data_catalog_ontology.json,master_data_catalog,MasterDataCatalogDtl,主数据目录明细,isFrozen,Boolean,物理字段 IsFrozen,,no_matching_swagger_schema
master_data_catalog_ontology.json,master_data_catalog,MasterDataCatalogDtl,主数据目录明细,maintenanceTypeId,Integer,物理字段 MaintenanceTypeID,,no_matching_swagger_schema
master_data_catalog_ontology.json,master_data_catalog,MasterDataCatalogDtl,主数据目录明细,anyWorkflowControlled,Boolean,物理字段 AnyWorkflowControlled,,no_matching_swagger_schema
master_data_catalog_ontology.json,master_data_catalog,MasterDataCatalogDtl,主数据目录明细,approvalWorkflowControlled,Boolean,物理字段 ApprovalWorkflowControlled,,no_matching_swagger_schema
master_data_catalog_ontology.json,master_data_catalog,MasterDataCatalogDtl,主数据目录明细,comments,String,物理字段 Comments,,no_matching_swagger_schema
master_data_catalog_ontology.json,master_data_catalog,MasterDataCatalogDtl,主数据目录明细,displayNameLabelId,Integer,物理字段 DisplayNameLabelId,,no_matching_swagger_schema
master_recipe_ontology.json,master_recipe,MasterRecipe,主配方/主电子程序,masterRecipeBase,Navigation,物理字段 MasterRecipeBaseId → MasterRecipeBase,MasterRecipeEntity,property_not_exposed_or_name_differs
master_recipe_ontology.json,master_recipe,MasterRecipe,主配方/主电子程序,recipeUom,Navigation,物理字段 RecipeUOMId → UOM,MasterRecipeEntity,property_not_exposed_or_name_differs
master_recipe_ontology.json,master_recipe,MasterRecipe,主配方/主电子程序,recipeProductBase,Integer,物理字段 RecipeProductBaseId,MasterRecipeEntity,property_not_exposed_or_name_differs
master_recipe_ontology.json,master_recipe,MasterRecipe,主配方/主电子程序,workflowBase,Integer,物理字段 WorkflowBaseId,MasterRecipeEntity,property_not_exposed_or_name_differs
master_recipe_ontology.json,master_recipe,MasterRecipeDetail,主配方明细,masterRecipe,Navigation,物理字段 MasterRecipeId → MasterRecipe,,no_matching_swagger_schema
master_recipe_ontology.json,master_recipe,MasterRecipeDetail,主配方明细,isFrozen,Boolean,物理字段 IsFrozen,,no_matching_swagger_schema
master_recipe_ontology.json,master_recipe,MasterRecipeDetail,主配方明细,subSequence,Integer,物理字段 SubSequence,,no_matching_swagger_schema
master_recipe_ontology.json,master_recipe,MasterRecipeDetail,主配方明细,taskListBase,Integer,物理字段 TaskListBaseId,,no_matching_swagger_schema
master_recipe_ontology.json,master_recipe,MasterRecipeDetail,主配方明细,specBase,Integer,物理字段 SpecBaseId,,no_matching_swagger_schema
master_recipe_ontology.json,master_recipe,MasterRecipeDetail,主配方明细,spec,Navigation,物理字段 SpecId → Spec,,no_matching_swagger_schema
mfg_order_procedure_ontology.json,mfg_order_procedure,MfgOrderProcedure,工单生产程序,mfgOrderProcedureBase,Navigation,物理字段 MfgOrderProcedureBaseId → MfgOrderProcedureBase,MfgOrderProcedureEntity,property_not_exposed_or_name_differs
mfg_order_procedure_ontology.json,mfg_order_procedure,MfgOrderProcedureDetail,工单生产程序明细,mfgOrderProcedure,Navigation,物理字段 MfgOrderProcedureId → MfgOrderProcedure,,no_matching_swagger_schema
mfg_order_procedure_ontology.json,mfg_order_procedure,MfgOrderProcedureDetail,工单生产程序明细,isFrozen,Boolean,物理字段 IsFrozen,,no_matching_swagger_schema
mfg_order_procedure_ontology.json,mfg_order_procedure,MfgOrderProcedureDetail,工单生产程序明细,mfgOrderTaskListBase,Integer,物理字段 MfgOrderTaskListBaseId,,no_matching_swagger_schema
mfg_order_procedure_ontology.json,mfg_order_procedure,MfgOrderProcedureDetail,工单生产程序明细,mfgOrderTaskList,Navigation,物理字段 MfgOrderTaskListId → MfgOrderTaskList,,no_matching_swagger_schema
mfg_order_task_list_ontology.json,mfg_order_task_list,MfgOrderTaskList,制造工单任务清单,mfgOrderTaskListBase,Navigation,物理字段 MfgOrderTaskListBaseId → MfgOrderTaskListBase,MfgOrderTaskListEntity,property_not_exposed_or_name_differs
mfgcalendar_ontology.json,mfgcalendar,CalendarShift,日历班次条目,mfgCalendar,Integer,物理字段 MfgCalendarId,,no_matching_swagger_schema
mfgorder_ontology.json,mfgorder,MfgOrder,制造工单,isMaster,Boolean,物理字段 IsMaster,MfgOrderEntity,property_not_exposed_or_name_differs
mfgorder_ontology.json,mfgorder,MfgOrder,制造工单,orderStartDateGmt,DateTime,物理字段 OrderStartDateGMT,MfgOrderEntity,property_not_exposed_or_name_differs
mfgorder_ontology.json,mfgorder,MfgOrder,制造工单,orderCompletionDateGmt,DateTime,物理字段 OrderCompletionDateGMT,MfgOrderEntity,property_not_exposed_or_name_differs
mfgorder_ontology.json,mfgorder,MfgOrder,制造工单,scheduleType,String,物理字段 ScheduleType,MfgOrderEntity,property_not_exposed_or_name_differs
mfgorder_ontology.json,mfgorder,MfgOrder,制造工单,scheduleQtyCanceled,Float,物理字段 ScheduleQtyCanceled,MfgOrderEntity,property_not_exposed_or_name_differs
mfgorder_ontology.json,mfgorder,MfgOrder,制造工单,orderCompletionDate,DateTime,物理字段 OrderCompletionDate,MfgOrderEntity,property_not_exposed_or_name_differs
mfgorder_ontology.json,mfgorder,MfgOrder,制造工单,orderStartDate,DateTime,物理字段 OrderStartDate,MfgOrderEntity,property_not_exposed_or_name_differs
mfgorder_ontology.json,mfgorder,MfgOrder,制造工单,scheduleQtyCompleted,Float,物理字段 ScheduleQtyCompleted,MfgOrderEntity,property_not_exposed_or_name_differs
mfgorder_ontology.json,mfgorder,MfgOrder,制造工单,scheduleQty,Float,物理字段 ScheduleQty,MfgOrderEntity,property_not_exposed_or_name_differs
mfgorder_ontology.json,mfgorder,MfgOrder,制造工单,scheduleCanceled,Integer,物理字段 ScheduleCanceled,MfgOrderEntity,property_not_exposed_or_name_differs
mfgorder_ontology.json,mfgorder,MfgOrder,制造工单,scheduleCompleted,Integer,物理字段 ScheduleCompleted,MfgOrderEntity,property_not_exposed_or_name_differs
mfgorder_ontology.json,mfgorder,MfgOrder,制造工单,scheduleCount,Integer,物理字段 ScheduleCount,MfgOrderEntity,property_not_exposed_or_name_differs
mfgorder_ontology.json,mfgorder,MfgOrder,制造工单,scheduleLimit,Integer,物理字段 ScheduleLimit,MfgOrderEntity,property_not_exposed_or_name_differs
mfgorder_ontology.json,mfgorder,MfgOrder,制造工单,isCompleted,Boolean,物理字段 IsCompleted,MfgOrderEntity,property_not_exposed_or_name_differs
mfgorder_ontology.json,mfgorder,MfgOrder,制造工单,erpCreationDate,DateTime,物理字段 ERPCreationDate,MfgOrderEntity,property_not_exposed_or_name_differs
mfgorder_ontology.json,mfgorder,MfgOrder,制造工单,isCanceled,Boolean,物理字段 IsCanceled,MfgOrderEntity,property_not_exposed_or_name_differs
mfgorder_ontology.json,mfgorder,MfgOrder,制造工单,customerExpectedDate,DateTime,物理字段 CustomerExpectedDate,MfgOrderEntity,property_not_exposed_or_name_differs
mfgorder_ontology.json,mfgorder,MfgOrder,制造工单,estimatedCompletionDate,DateTime,物理字段 EstimatedCompletionDate,MfgOrderEntity,property_not_exposed_or_name_differs
mfgorder_ontology.json,mfgorder,MfgOrder,制造工单,promisedDate,DateTime,物理字段 PromisedDate,MfgOrderEntity,property_not_exposed_or_name_differs
mfgorder_ontology.json,mfgorder,MfgOrder,制造工单,customerProductCode,String,物理字段 CustomerProductCode,MfgOrderEntity,property_not_exposed_or_name_differs
mfgorder_ontology.json,mfgorder,MfgOrder,制造工单,ssMfgLine,Navigation,物理字段 ss_MfgLineId → ss_MfgLine,MfgOrderEntity,property_not_exposed_or_name_differs
mfgorder_ontology.json,mfgorder,MfgOrder,制造工单,plannedCompletionDateGmt,DateTime,物理字段 PlannedCompletionDateGMT,MfgOrderEntity,property_not_exposed_or_name_differs
mfgorder_ontology.json,mfgorder,MfgOrder,制造工单,plannedStartDateGmt,DateTime,物理字段 PlannedStartDateGMT,MfgOrderEntity,property_not_exposed_or_name_differs
mfgorder_ontology.json,mfgorder,MfgOrder,制造工单,releaseDateGmt,DateTime,物理字段 ReleaseDateGMT,MfgOrderEntity,property_not_exposed_or_name_differs
mfgorder_ontology.json,mfgorder,MfgOrder,制造工单,holdStatus,Navigation,物理字段 HoldStatusId → HoldStatus,MfgOrderEntity,property_not_exposed_or_name_differs
mfgorder_ontology.json,mfgorder,MfgOrder,制造工单,productionCompleteDateGmt,DateTime,物理字段 ProductionCompleteDateGMT,MfgOrderEntity,property_not_exposed_or_name_differs
mfgorder_ontology.json,mfgorder,MfgOrder,制造工单,preProductionStartDateGmt,DateTime,物理字段 PreProductionStartDateGMT,MfgOrderEntity,property_not_exposed_or_name_differs
mfgorder_ontology.json,mfgorder,MfgOrder,制造工单,productionStartDateGmt,DateTime,物理字段 ProductionStartDateGMT,MfgOrderEntity,property_not_exposed_or_name_differs
mfgorder_ontology.json,mfgorder,MfgOrder,制造工单,postProductionStartDateGmt,DateTime,物理字段 PostProductionStartDateGMT,MfgOrderEntity,property_not_exposed_or_name_differs
mfgorder_ontology.json,mfgorder,MfgOrder,制造工单,postProductionCompleteDateGmt,DateTime,物理字段 PostProductionCompleteDateGMT,MfgOrderEntity,property_not_exposed_or_name_differs
mfgorder_ontology.json,mfgorder,MfgOrder,制造工单,preProductionCompleteDateGmt,DateTime,物理字段 PreProductionCompleteDateGMT,MfgOrderEntity,property_not_exposed_or_name_differs
mfgorder_ontology.json,mfgorder,MfgOrder,制造工单,processSpec,Navigation,物理字段 ProcessSpecId → A_ProcessSpec,MfgOrderEntity,property_not_exposed_or_name_differs
mfgorder_ontology.json,mfgorder,MfgOrder,制造工单,processSpecBase,Integer,物理字段 ProcessSpecBaseId,MfgOrderEntity,property_not_exposed_or_name_differs
mfgorder_ontology.json,mfgorder,MfgOrder,制造工单,productBom,Navigation,物理字段 ProductBOMId → A_ProductBOM,MfgOrderEntity,property_not_exposed_or_name_differs
mfgorder_ontology.json,mfgorder,MfgOrder,制造工单,productBomBase,Integer,物理字段 ProductBOMBaseId,MfgOrderEntity,property_not_exposed_or_name_differs
mfgorder_ontology.json,mfgorder,OrderStatus,工单状态,isAvailable,Boolean,物理字段 IsAvailable,OrderStatusEntity,property_not_exposed_or_name_differs
mfgorder_ontology.json,mfgorder,MfgOrderMaterialListItem,工单物料需求明细,isSourceProduct,Boolean,物理字段 IsSourceProduct,,no_matching_swagger_schema
mfgorder_ontology.json,mfgorder,MfgOrderMaterialListItem,工单物料需求明细,ssWfStackKey,String,物理字段 ss_WfStackKey,,no_matching_swagger_schema
mfgorder_ontology.json,mfgorder,MfgOrderMaterialListItem,工单物料需求明细,ssWorkflow,Navigation,物理字段 ss_WorkflowId → Workflow,,no_matching_swagger_schema
mfgorder_ontology.json,mfgorder,MfgOrderMaterialListItem,工单物料需求明细,ssStep,Navigation,物理字段 ss_StepId → WorkflowStep,,no_matching_swagger_schema
mfgorder_ontology.json,mfgorder,MfgOrderMaterialListItem,工单物料需求明细,scsIsComponentIssue,Boolean,物理字段 scsIsComponentIssue,,no_matching_swagger_schema
mfgorder_ontology.json,mfgorder,MfgOrderMaterialListItem,工单物料需求明细,vendorControl,Boolean,物理字段 VendorControl,,no_matching_swagger_schema
mfgorder_ontology.json,mfgorder,MfgOrderMaterialListItem,工单物料需求明细,effectiveFromDateGmt,DateTime,物理字段 EffectiveFromDateGMT,,no_matching_swagger_schema
mfgorder_ontology.json,mfgorder,MfgOrderMaterialListItem,工单物料需求明细,effectiveThruDateGmt,DateTime,物理字段 EffectiveThruDateGMT,,no_matching_swagger_schema
mfgorder_ontology.json,mfgorder,MfgOrderMaterialListItem,工单物料需求明细,allowAllRevisionsAsSubstitute,Boolean,物理字段 AllowAllRevisionsAsSubstitute,,no_matching_swagger_schema
mfgorder_ontology.json,mfgorder,MfgOrderMaterialListItem,工单物料需求明细,parentRevision,String,物理字段 ParentRevision,,no_matching_swagger_schema
mfgorder_ontology.json,mfgorder,MfgOrderMaterialListItem,工单物料需求明细,description,String,物理字段 Description,,no_matching_swagger_schema
mfgorder_ontology.json,mfgorder,MfgOrderMaterialListItem,工单物料需求明细,objectTypeName,String,物理字段 ObjectTypeName,,no_matching_swagger_schema
numbering_ontology.json,numbering,NumberingRule,编号规则,useValues,Boolean,物理字段 UseValues,NumberingRuleEntity,property_not_exposed_or_name_differs
numbering_ontology.json,numbering,NumberingRule,编号规则,txnDataKey,String,物理字段 TxnDataKey,NumberingRuleEntity,property_not_exposed_or_name_differs
numbering_ontology.json,numbering,NumberingRule,编号规则,resetValuesWhenPrefixChange,Boolean,物理字段 ResetValuesWhenPrefixChange,NumberingRuleEntity,property_not_exposed_or_name_differs
numbering_ontology.json,numbering,NumberingRule,编号规则,resetValuesWhenSuffixChange,Boolean,物理字段 ResetValuesWhenSuffixChange,NumberingRuleEntity,property_not_exposed_or_name_differs
numbering_ontology.json,numbering,DynamicNumberingRule,动态编号规则,txnDataKey,String,物理字段 TxnDataKey,DynamicNumberingRuleEntity,property_not_exposed_or_name_differs
numbering_ontology.json,numbering,DynamicNumberingRule,动态编号规则,resetValuesWhenPrefixChange,Boolean,物理字段 ResetValuesWhenPrefixChange,DynamicNumberingRuleEntity,property_not_exposed_or_name_differs
numbering_ontology.json,numbering,DynamicNumberingRule,动态编号规则,resetValuesWhenSuffixChange,Boolean,物理字段 ResetValuesWhenSuffixChange,DynamicNumberingRuleEntity,property_not_exposed_or_name_differs
numbering_ontology.json,numbering,DynamicNumberingRule,动态编号规则,useValues,Boolean,物理字段 UseValues,DynamicNumberingRuleEntity,property_not_exposed_or_name_differs
operation_ontology.json,operation,Operation,工序/操作,objectType,String,物理字段 ObjectType,OperationEntity,property_not_exposed_or_name_differs
operation_ontology.json,operation,Operation,工序/操作,objectCategory,String,物理字段 ObjectCategory,OperationEntity,property_not_exposed_or_name_differs
operation_ontology.json,operation,Operation,工序/操作,operationGroup,Navigation,物理字段 OperationGroupId → A_OperationGroup,OperationEntity,property_not_exposed_or_name_differs
operation_ontology.json,operation,Operation,工序/操作,impoundAge,Float,物理字段 ImpoundAge,OperationEntity,property_not_exposed_or_name_differs
operation_ontology.json,operation,Operation,工序/操作,impoundType,Navigation,物理字段 ImpoundTypeId → A_ImpoundType,OperationEntity,property_not_exposed_or_name_differs
operation_ontology.json,operation,Operation,工序/操作,externalLocationType,Navigation,物理字段 ExternalLocationTypeId → A_ExternalLocationType,OperationEntity,property_not_exposed_or_name_differs
operation_ontology.json,operation,Operation,工序/操作,skipIntegration,Boolean,物理字段 SkipIntegration,OperationEntity,property_not_exposed_or_name_differs
operation_ontology.json,operation,Operation,工序/操作,externalLocation,Navigation,物理字段 ExternalLocationId → A_ExternalLocation,OperationEntity,property_not_exposed_or_name_differs
operation_ontology.json,operation,Operation,工序/操作,qtyAdjustReason,Navigation,物理字段 QtyAdjustReasonId → QtyAdjustGroup,OperationEntity,property_not_exposed_or_name_differs
operation_ontology.json,operation,Operation,工序/操作,changeStatus,Navigation,物理字段 ChangeStatusId → ChangeStatus,OperationEntity,property_not_exposed_or_name_differs
operation_ontology.json,operation,Operation,工序/操作,rejectIncomingNcContainer,Boolean,物理字段 RejectIncomingNCContainer,OperationEntity,property_not_exposed_or_name_differs
organization_ontology.json,organization,CategoryMap,质量类别映射,isFrozen,Boolean,物理字段 IsFrozen,,no_matching_swagger_schema
organization_ontology.json,organization,ApprovalSheetMap,审批流程映射,isFrozen,Boolean,物理字段 IsFrozen,,no_matching_swagger_schema
organization_ontology.json,organization,NumberingRuleMap,组织编号规则,isFrozen,Boolean,物理字段 IsFrozen,,no_matching_swagger_schema
organization_ontology.json,organization,EventClassificationSpecMap,事件分类规格映射,subClassification,Navigation,物理字段 SubClassificationId → SubClassification,,no_matching_swagger_schema
organization_ontology.json,organization,EventClassificationSpecMap,事件分类规格映射,isFrozen,Boolean,物理字段 IsFrozen,,no_matching_swagger_schema
organization_ontology.json,organization,QualityProcessingMap,质量处理策略映射,isFrozen,Boolean,物理字段 IsFrozen,,no_matching_swagger_schema
organization_ontology.json,organization,LabelTxnMap,质量对象标签映射,isFrozen,Boolean,物理字段 IsFrozen,,no_matching_swagger_schema
organization_ontology.json,organization,QualityReportConfig,质量报告配置,isFrozen,Boolean,物理字段 IsFrozen,,no_matching_swagger_schema
organization_ontology.json,organization,UIPreferenceMap,UI 偏好映射,isFrozen,Boolean,物理字段 IsFrozen,,no_matching_swagger_schema
owner_ontology.json,owner,Owner,Owner 责任人,changeStatus,Navigation,物理字段 ChangeStatusId → ChangeStatus,OwnerEntity,property_not_exposed_or_name_differs
phase_template_ontology.json,phase_template,PhaseTemplate,阶段模板,completeWithinUom,Float,物理字段 CompleteWithinUOM,PhaseTemplateEntity,property_not_exposed_or_name_differs
plan_template_ontology.json,plan_template,PlanTemplate,行动计划模板,completeWithinUom,Float,物理字段 CompleteWithinUOM,PlanTemplateEntity,property_not_exposed_or_name_differs
printer_label_definition_ontology.json,printer_label_definition,PrinterLabelDefinition,打印机标签定义,printerLabelDefinitionBase,Navigation,物理字段 PrinterLabelDefinitionBaseId → PrinterLabelDefinitionBase,PrinterLabelDefinitionEntity,property_not_exposed_or_name_differs
priority_code_ontology.json,priority_code,PriorityCode,优先级代码,changeStatus,Navigation,物理字段 ChangeStatusId → ChangeStatus,PriorityCodeEntity,property_not_exposed_or_name_differs
process_model_template_ontology.json,process_model_template,ProcessModelTemplate,流程模型模板,processModelTemplateBase,Navigation,物理字段 ProcessModelTemplateBaseId → ProcessModelTemplateBase,ProcessModelTemplateEntity,property_not_exposed_or_name_differs
process_model_template_ontology.json,process_model_template,ProcessModelTemplate,流程模型模板,effectiveFromDateGmt,DateTime,物理字段 EffectiveFromDateGMT,ProcessModelTemplateEntity,property_not_exposed_or_name_differs
process_model_template_ontology.json,process_model_template,ProcessModelTemplate,流程模型模板,effectiveThruDateGmt,DateTime,物理字段 EffectiveThruDateGMT,ProcessModelTemplateEntity,property_not_exposed_or_name_differs
process_timer_ontology.json,process_timer,ProcessTimer,流程计时器,processTimerBase,Navigation,物理字段 ProcessTimerBaseId → ProcessTimerBase,ProcessTimerEntity,property_not_exposed_or_name_differs
product_family_ontology.json,product_family,ProductFamily,产品族,splitNumberingRule,Navigation,物理字段 SplitNumberingRuleId → NumberingRule,ProductFamilyEntity,property_not_exposed_or_name_differs
product_family_ontology.json,product_family,ProductFamily,产品族,ssContainerNumberingRule,Navigation,物理字段 ss_ContainerNumberingRuleId → NumberingRule,ProductFamilyEntity,property_not_exposed_or_name_differs
product_family_ontology.json,product_family,ProductFamily,产品族,stdStartUom,Navigation,物理字段 StdStartUOMId → UOM,ProductFamilyEntity,property_not_exposed_or_name_differs
product_family_ontology.json,product_family,ProductFamily,产品族,stdStartUom2,Navigation,物理字段 StdStartUOM2Id → UOM,ProductFamilyEntity,property_not_exposed_or_name_differs
product_ontology.json,Product Modeling,Product,产品,lifetimeLimit2,Integer,物理字段 LifetimeLimit2,ProductEntity,property_not_exposed_or_name_differs
product_ontology.json,Product Modeling,Product,产品,lifetimeLimit,Integer,物理字段 LifetimeLimit,ProductEntity,property_not_exposed_or_name_differs
product_ontology.json,Product Modeling,Product,产品,warningLifetimeLimit,Integer,物理字段 WarningLifetimeLimit,ProductEntity,property_not_exposed_or_name_differs
product_ontology.json,Product Modeling,Product,产品,objectType,String,物理字段 ObjectType,ProductEntity,property_not_exposed_or_name_differs
product_ontology.json,Product Modeling,Product,产品,objectCategory,String,物理字段 ObjectCategory,ProductEntity,property_not_exposed_or_name_differs
product_ontology.json,Product Modeling,Product,产品,usageLimit2,Integer,物理字段 UsageLimit2,ProductEntity,property_not_exposed_or_name_differs
product_ontology.json,Product Modeling,Product,产品,maxQty,Integer,物理字段 MaxQty,ProductEntity,property_not_exposed_or_name_differs
product_ontology.json,Product Modeling,Product,产品,minQty,Integer,物理字段 MinQty,ProductEntity,property_not_exposed_or_name_differs
product_ontology.json,Product Modeling,Product,产品,warningUsageLimit2,Integer,物理字段 WarningUsageLimit2,ProductEntity,property_not_exposed_or_name_differs
product_ontology.json,Product Modeling,Product,产品,warningUsageLimit,Integer,物理字段 WarningUsageLimit,ProductEntity,property_not_exposed_or_name_differs
product_ontology.json,Product Modeling,Product,产品,warningLifetimeLimit2,Integer,物理字段 WarningLifetimeLimit2,ProductEntity,property_not_exposed_or_name_differs
product_ontology.json,Product Modeling,Product,产品,warningExpiryDuration,Float,物理字段 WarningExpiryDuration,ProductEntity,property_not_exposed_or_name_differs
product_ontology.json,Product Modeling,Product,产品,usageLimit,Integer,物理字段 UsageLimit,ProductEntity,property_not_exposed_or_name_differs
product_ontology.json,Product Modeling,Product,产品,reconditionLimit,Integer,物理字段 ReconditionLimit,ProductEntity,property_not_exposed_or_name_differs
product_ontology.json,Product Modeling,Product,产品,partType,Integer,物理字段 PartType,ProductEntity,property_not_exposed_or_name_differs
product_ontology.json,Product Modeling,Product,产品,minQtyReorderLimit,Integer,物理字段 MinQtyReorderLimit,ProductEntity,property_not_exposed_or_name_differs
product_ontology.json,Product Modeling,Product,产品,unitsPerStrip,Float,物理字段 UnitsPerStrip,ProductEntity,property_not_exposed_or_name_differs
product_ontology.json,Product Modeling,Product,产品,scsFieldMp,Boolean,物理字段 scsFieldMP,ProductEntity,property_not_exposed_or_name_differs
product_ontology.json,Product Modeling,Product,产品,thawingDuration,Float,物理字段 ThawingDuration,ProductEntity,property_not_exposed_or_name_differs
product_ontology.json,Product Modeling,Product,产品,waferSize,Float,物理字段 WaferSize,ProductEntity,property_not_exposed_or_name_differs
product_ontology.json,Product Modeling,Product,产品,scsFieldEnable,Boolean,物理字段 scsFieldEnable,ProductEntity,property_not_exposed_or_name_differs
product_ontology.json,Product Modeling,Product,产品,accumulateExposure,Boolean,物理字段 AccumulateExposure,ProductEntity,property_not_exposed_or_name_differs
product_ontology.json,Product Modeling,Product,产品,alternateName,String,物理字段 AlternateName,ProductEntity,property_not_exposed_or_name_differs
product_ontology.json,Product Modeling,Product,产品,assemblyVersion,String,物理字段 AssemblyVersion,ProductEntity,property_not_exposed_or_name_differs
product_ontology.json,Product Modeling,Product,产品,binList,Integer,物理字段 BinListId,ProductEntity,property_not_exposed_or_name_differs
product_ontology.json,Product Modeling,Product,产品,defaultStartLocation,Navigation,物理字段 DefaultStartLocationId → A_LocationMap,ProductEntity,property_not_exposed_or_name_differs
product_ontology.json,Product Modeling,Product,产品,defaultStartOwner,Navigation,物理字段 DefaultStartOwnerId → Owner,ProductEntity,property_not_exposed_or_name_differs
product_ontology.json,Product Modeling,Product,产品,deviceVersion,String,物理字段 DeviceVersion,ProductEntity,property_not_exposed_or_name_differs
product_ontology.json,Product Modeling,Product,产品,splitNumberingRule,Navigation,物理字段 SplitNumberingRuleId → NumberingRule,ProductEntity,property_not_exposed_or_name_differs
product_ontology.json,Product Modeling,Product,产品,defaultStartReason,Navigation,物理字段 DefaultStartReasonId → StartReason,ProductEntity,property_not_exposed_or_name_differs
product_ontology.json,Product Modeling,Product,产品,productLine,Navigation,物理字段 ProductLineId → A_ProductLine,ProductEntity,property_not_exposed_or_name_differs
product_ontology.json,Product Modeling,Product,产品,productSubProductList,Integer,物理字段 ProductSubProductListId,ProductEntity,property_not_exposed_or_name_differs
product_ontology.json,Product Modeling,Product,产品,qtyPerBox,Float,物理字段 QtyPerBox,ProductEntity,property_not_exposed_or_name_differs
product_ontology.json,Product Modeling,Product,产品,roHsCompliance,String,物理字段 RoHSCompliance,ProductEntity,property_not_exposed_or_name_differs
product_ontology.json,Product Modeling,Product,产品,roHsComplianceDate,DateTime,物理字段 RoHSComplianceDate,ProductEntity,property_not_exposed_or_name_differs
product_ontology.json,Product Modeling,Product,产品,roHsRequired,Boolean,物理字段 RoHSRequired,ProductEntity,property_not_exposed_or_name_differs
product_ontology.json,Product Modeling,Product,产品,opnRevision,String,物理字段 OPNRevision,ProductEntity,property_not_exposed_or_name_differs
product_ontology.json,Product Modeling,Product,产品,serialId,String,物理字段 SerialId,ProductEntity,property_not_exposed_or_name_differs
product_ontology.json,Product Modeling,Product,产品,opn,String,物理字段 OPN,ProductEntity,property_not_exposed_or_name_differs
product_ontology.json,Product Modeling,Product,产品,ssContainerDimension,Navigation,物理字段 ss_ContainerDimensionId → ss_ContainerDimension,ProductEntity,property_not_exposed_or_name_differs
product_ontology.json,Product Modeling,Product,产品,ssDummyProductLifeSpan,Integer,物理字段 ss_DummyProductLifeSpan,ProductEntity,property_not_exposed_or_name_differs
product_ontology.json,Product Modeling,Product,产品,ssDummyProductMaxProcessTime,Float,物理字段 ss_DummyProductMaxProcessTime,ProductEntity,property_not_exposed_or_name_differs
product_ontology.json,Product Modeling,Product,产品,ssIsDummyProduct,Boolean,物理字段 ss_IsDummyProduct,ProductEntity,property_not_exposed_or_name_differs
product_ontology.json,Product Modeling,Product,产品,subLotMinQty,Float,物理字段 SubLotMinQty,ProductEntity,property_not_exposed_or_name_differs
product_ontology.json,Product Modeling,Product,产品,subLotQty,Float,物理字段 SubLotQty,ProductEntity,property_not_exposed_or_name_differs
product_ontology.json,Product Modeling,Product,产品,technology,String,物理字段 Technology,ProductEntity,property_not_exposed_or_name_differs
product_ontology.json,Product Modeling,Product,产品,scsAllowZeroQty,Boolean,物理字段 scsAllowZeroQty,ProductEntity,property_not_exposed_or_name_differs
product_ontology.json,Product Modeling,Product,产品,leads,String,物理字段 Leads,ProductEntity,property_not_exposed_or_name_differs
product_ontology.json,Product Modeling,Product,产品,exposureDuration,Float,物理字段 ExposureDuration,ProductEntity,property_not_exposed_or_name_differs
product_ontology.json,Product Modeling,Product,产品,externalDevice,String,物理字段 ExternalDevice,ProductEntity,property_not_exposed_or_name_differs
product_ontology.json,Product Modeling,Product,产品,fabPlantArea,String,物理字段 FabPlantArea,ProductEntity,property_not_exposed_or_name_differs
product_ontology.json,Product Modeling,Product,产品,formatCode,String,物理字段 FormatCode,ProductEntity,property_not_exposed_or_name_differs
product_ontology.json,Product Modeling,Product,产品,gdpw,Float,物理字段 GDPW,ProductEntity,property_not_exposed_or_name_differs
product_ontology.json,Product Modeling,Product,产品,isAvailable,Boolean,物理字段 IsAvailable,ProductEntity,property_not_exposed_or_name_differs
product_ontology.json,Product Modeling,Product,产品,packageType,String,物理字段 PackageType,ProductEntity,property_not_exposed_or_name_differs
product_ontology.json,Product Modeling,Product,产品,isMultiProducts,Boolean,物理字段 IsMultiProducts,ProductEntity,property_not_exposed_or_name_differs
product_ontology.json,Product Modeling,Product,产品,device,String,物理字段 Device,ProductEntity,property_not_exposed_or_name_differs
product_ontology.json,Product Modeling,Product,产品,lotSize,Float,物理字段 LotSize,ProductEntity,property_not_exposed_or_name_differs
product_ontology.json,Product Modeling,Product,产品,maskSet,Navigation,物理字段 MaskSetId → A_MaskSet,ProductEntity,property_not_exposed_or_name_differs
product_ontology.json,Product Modeling,Product,产品,materialCategory,Navigation,物理字段 MaterialCategoryId → A_MaterialCategory,ProductEntity,property_not_exposed_or_name_differs
product_ontology.json,Product Modeling,Product,产品,materialType,Navigation,物理字段 MaterialTypeId → A_MaterialType,ProductEntity,property_not_exposed_or_name_differs
product_ontology.json,Product Modeling,Product,产品,maxReturns,Integer,物理字段 MaxReturns,ProductEntity,property_not_exposed_or_name_differs
product_ontology.json,Product Modeling,Product,产品,numberOfCols,Integer,物理字段 NumberOfCols,ProductEntity,property_not_exposed_or_name_differs
product_ontology.json,Product Modeling,Product,产品,numberOfRows,Integer,物理字段 NumberOfRows,ProductEntity,property_not_exposed_or_name_differs
product_ontology.json,Product Modeling,Product,产品,isConsignment,Boolean,物理字段 IsConsignment,ProductEntity,property_not_exposed_or_name_differs
product_ontology.json,Product Modeling,Product,产品,stdStartUom,Navigation,物理字段 StdStartUOMId → UOM,ProductEntity,property_not_exposed_or_name_differs
product_ontology.json,Product Modeling,Product,产品,stdStartUom2,Navigation,物理字段 StdStartUOM2Id → UOM,ProductEntity,property_not_exposed_or_name_differs
product_ontology.json,Product Modeling,Product,产品,holdStatus,Navigation,物理字段 HoldStatusId → HoldStatus,ProductEntity,property_not_exposed_or_name_differs
product_ontology.json,Product Modeling,VendorItem,供应商物料,leadTime,Float,物理字段 LeadTime,,no_matching_swagger_schema
product_ontology.json,Product Modeling,VendorItem,供应商物料,description,String,物理字段 Description,,no_matching_swagger_schema
product_ontology.json,Product Modeling,VendorItem,供应商物料,cost,Float,物理字段 Cost,,no_matching_swagger_schema
product_ontology.json,Product Modeling,VendorItem,供应商物料,minOrderQty,Float,物理字段 MinOrderQty,,no_matching_swagger_schema
product_ontology.json,Product Modeling,VendorItem,供应商物料,itemName,String,物理字段 ItemName,,no_matching_swagger_schema
product_ontology.json,Product Modeling,VendorItem,供应商物料,isFrozen,Boolean,物理字段 IsFrozen,,no_matching_swagger_schema
product_ontology.json,Product Modeling,VendorItem,供应商物料,minOrderQty2,Float,物理字段 MinOrderQty2,,no_matching_swagger_schema
product_type_ontology.json,product_type,ProductType,产品类型,changeStatus,Navigation,物理字段 ChangeStatusId → ChangeStatus,ProductTypeEntity,property_not_exposed_or_name_differs
quality_ontology.json,quality,NCRDefectData,不合格缺陷数据,parent,Navigation,物理字段 ParentId → EventLot,,no_matching_swagger_schema
quality_ontology.json,quality,NCRDefectData,不合格缺陷数据,actualComponentIssue,Navigation,物理字段 ActualComponentIssueId → IssueActualsHistory,,no_matching_swagger_schema
quality_ontology.json,quality,NonconformanceReport,不合格报告,container,Navigation,物理字段 ContainerId → Container,,no_matching_swagger_schema
quality_ontology.json,quality,NonconformanceReport,不合格报告,closeDateGmt,DateTime,物理字段 CloseDateGMT,,no_matching_swagger_schema
quality_ontology.json,quality,NonconformanceReport,不合格报告,creationDateGmt,DateTime,物理字段 CreationDateGMT,,no_matching_swagger_schema
quality_ontology.json,quality,NonconformanceReport,不合格报告,preventiveActionComments,Navigation,物理字段 PreventiveActionCommentsId → NCRComments,,no_matching_swagger_schema
quality_ontology.json,quality,NonconformanceReport,不合格报告,correctiveActionComments,Navigation,物理字段 CorrectiveActionCommentsId → NCRComments,,no_matching_swagger_schema
quality_ontology.json,quality,NonconformanceReport,不合格报告,failureInvestigationComments,Navigation,物理字段 FailureInvestigationCommentsId → NCRComments,,no_matching_swagger_schema
quality_ontology.json,quality,NonconformanceReport,不合格报告,lastRevTxn,Integer,物理字段 LastRevTxnId,,no_matching_swagger_schema
quality_ontology.json,quality,NonconformanceReport,不合格报告,name,String,物理字段 NonconformanceReportName,,no_matching_swagger_schema
quality_ontology.json,quality,NonconformanceReport,不合格报告,ncrCauseCodeGroup,Navigation,物理字段 NCRCauseCodeGroupId → NCRCauseCodeGroup,,no_matching_swagger_schema
quality_ontology.json,quality,NonconformanceReport,不合格报告,ncrCauseCode,Navigation,物理字段 NCRCauseCodeId → NCRCauseCode,,no_matching_swagger_schema
quality_ontology.json,quality,NonconformanceReport,不合格报告,chargeToStep,Navigation,物理字段 ChargeToStepId → WorkflowStep,,no_matching_swagger_schema
quality_ontology.json,quality,NonconformanceReport,不合格报告,ncrFailureType,Navigation,物理字段 NCRFailureTypeId → NCRFailureType,,no_matching_swagger_schema
quality_ontology.json,quality,NonconformanceReport,不合格报告,task,Navigation,物理字段 TaskId → TaskItem,,no_matching_swagger_schema
quality_ontology.json,quality,NonconformanceReport,不合格报告,escalatedEvent,Integer,物理字段 EscalatedEventId,,no_matching_swagger_schema
quality_ontology.json,quality,NonconformanceReport,不合格报告,escalationDate,DateTime,物理字段 EscalationDate,,no_matching_swagger_schema
quality_ontology.json,quality,NonconformanceReport,不合格报告,escalationDateGmt,DateTime,物理字段 EscalationDateGMT,,no_matching_swagger_schema
quality_ontology.json,quality,NonconformanceReport,不合格报告,escalatedBy,Navigation,物理字段 EscalatedById → Employee,,no_matching_swagger_schema
quality_ontology.json,quality,CAPA,纠正与预防措施,occurrenceDateGmt,DateTime,物理字段 OccurrenceDateGMT,,no_matching_swagger_schema
quality_ontology.json,quality,CAPA,纠正与预防措施,reportedDateGmt,DateTime,物理字段 ReportedDateGMT,,no_matching_swagger_schema
quality_ontology.json,quality,CAPA,纠正与预防措施,name,String,物理字段 CAPAName,,no_matching_swagger_schema
quality_ontology.json,quality,CAPA,纠正与预防措施,closeDateGmt,DateTime,物理字段 CloseDateGMT,,no_matching_swagger_schema
quality_ontology.json,quality,CAPA,纠正与预防措施,carResolutionAction,Integer,物理字段 CARResolutionAction,,no_matching_swagger_schema
quality_ontology.json,quality,HoldReason,冻结原因,changeStatus,Navigation,物理字段 ChangeStatusId → ChangeStatus,HoldReasonEntity,property_not_exposed_or_name_differs
quality_ontology.json,quality,Classification,事件分类,setupAccess,Navigation,物理字段 SetupAccessId → A_SetupAccess,,no_matching_swagger_schema
quality_ontology.json,quality,Classification,事件分类,eventClassification,Integer,物理字段 EventClassification,,no_matching_swagger_schema
quality_ontology.json,quality,Event,质量事件,occurrenceDateGmt,DateTime,物理字段 OccurrenceDateGMT,,no_matching_swagger_schema
quality_ontology.json,quality,Event,质量事件,reportedDateGmt,DateTime,物理字段 ReportedDateGMT,,no_matching_swagger_schema
quality_ontology.json,quality,Event,质量事件,name,String,物理字段 EventName,,no_matching_swagger_schema
quality_ontology.json,quality,Event,质量事件,closeDateGmt,DateTime,物理字段 CloseDateGMT,,no_matching_swagger_schema
quality_ontology.json,quality,Event,质量事件,isCarRequiredToClose,Boolean,物理字段 IsCARRequiredToClose,,no_matching_swagger_schema
quality_ontology.json,quality,Event,质量事件,checklistSaved,Boolean,物理字段 ChecklistSaved,,no_matching_swagger_schema
quality_ontology.json,quality,Event,质量事件,escalateToComplaint,Boolean,物理字段 EscalateToComplaint,,no_matching_swagger_schema
quality_ontology.json,quality,DocAttachments,文档附件,parent,Integer,物理字段 ParentId,,no_matching_swagger_schema
quality_ontology.json,quality,RiskAssessment,风险评估,parent,Integer,物理字段 ParentId,,no_matching_swagger_schema
quality_ontology.json,quality,CAPACustomData,CAPA自定义属性,parent,Integer,物理字段 ParentId,,no_matching_swagger_schema
quality_ontology.json,quality,EventData,事件数据,dateReceivedGmt,DateTime,物理字段 DateReceivedGMT,,no_matching_swagger_schema
quality_ontology.json,quality,EventData,事件数据,reportDateGmt,DateTime,物理字段 ReportDateGMT,,no_matching_swagger_schema
quality_ontology.json,quality,EventData,事件数据,reportFiledWithFda,Navigation,物理字段 ReportFiledWithFDAId → EventCheckBoxFieldData,,no_matching_swagger_schema
quality_ontology.json,quality,EventData,事件数据,reportSource,Navigation,物理字段 ReportSourceId → EventCheckBoxFieldData,,no_matching_swagger_schema
quality_ontology.json,quality,EventData,事件数据,eventType,Navigation,物理字段 EventTypeId → EventCheckBoxFieldData,,no_matching_swagger_schema
quality_ontology.json,quality,EventData,事件数据,adverseEvent,Navigation,物理字段 AdverseEventId → EventCheckBoxFieldData,,no_matching_swagger_schema
quality_ontology.json,quality,EventData,事件数据,deviceAvailable,Navigation,物理字段 DeviceAvailableId → EventCheckBoxFieldData,,no_matching_swagger_schema
quality_ontology.json,quality,EventData,事件数据,deviceEvaluated,Navigation,物理字段 DeviceEvaluatedId → EventCheckBoxFieldData,,no_matching_swagger_schema
quality_ontology.json,quality,EventData,事件数据,deviceOperator,Navigation,物理字段 DeviceOperatorId → EventCheckBoxFieldData,,no_matching_swagger_schema
quality_ontology.json,quality,EventData,事件数据,deviceReturned,Navigation,物理字段 DeviceReturnedId → EventCheckBoxFieldData,,no_matching_swagger_schema
quality_ontology.json,quality,EventData,事件数据,healthProfessional,Navigation,物理字段 HealthProfessionalId → EventCheckBoxFieldData,,no_matching_swagger_schema
quality_ontology.json,quality,EventData,事件数据,productProblem,Navigation,物理字段 ProductProblemId → EventCheckBoxFieldData,,no_matching_swagger_schema
quality_ontology.json,quality,EventData,事件数据,workflowName,String,物理字段 WorkflowName,,no_matching_swagger_schema
quality_ontology.json,quality,EventData,事件数据,workflowRev,String,物理字段 WorkflowRev,,no_matching_swagger_schema
quality_ontology.json,quality,EventData,事件数据,operationName,String,物理字段 OperationName,,no_matching_swagger_schema
quality_ontology.json,quality,EventData,事件数据,specName,String,物理字段 SpecName,,no_matching_swagger_schema
quality_ontology.json,quality,EventData,事件数据,specRev,String,物理字段 SpecRev,,no_matching_swagger_schema
quality_ontology.json,quality,EventData,事件数据,workCenterName,String,物理字段 WorkCenterName,,no_matching_swagger_schema
quality_ontology.json,quality,EventData,事件数据,resourceName,String,物理字段 ResourceName,,no_matching_swagger_schema
quality_ontology.json,quality,EventData,事件数据,maintenanceReqName,String,物理字段 MaintenanceReqName,,no_matching_swagger_schema
quality_ontology.json,quality,EventData,事件数据,maintenanceReqRev,String,物理字段 MaintenanceReqRev,,no_matching_swagger_schema
quality_ontology.json,quality,EventData,事件数据,workflowStepName,String,物理字段 WorkflowStepName,,no_matching_swagger_schema
quality_ontology.json,quality,EventData,事件数据,escalateComplaintDateGmt,DateTime,物理字段 EscalateComplaintDateGMT,,no_matching_swagger_schema
quality_ontology.json,quality,EventData,事件数据,escalateComplaintDate,DateTime,物理字段 EscalateComplaintDate,,no_matching_swagger_schema
quality_ontology.json,quality,EventData,事件数据,eventCustomData,Navigation,物理字段 EventCustomDataId → EventCustomData,,no_matching_swagger_schema
quality_ontology.json,quality,EventData,事件数据,failureInvestigationComments,Navigation,物理字段 FailureInvestigationCommentsId → NCRComments,,no_matching_swagger_schema
quality_ontology.json,quality,EventData,事件数据,correctiveActionComments,Navigation,物理字段 CorrectiveActionCommentsId → NCRComments,,no_matching_swagger_schema
quality_ontology.json,quality,EventData,事件数据,preventiveActionComments,Navigation,物理字段 PreventiveActionCommentsId → NCRComments,,no_matching_swagger_schema
quality_ontology.json,quality,ProcessModel,运行时流程模型,lastCompletedOn,DateTime,物理字段 LastCompletedOn,,no_matching_swagger_schema
quality_ontology.json,quality,ProcessModel,运行时流程模型,lastCompletedOnGmt,DateTime,物理字段 LastCompletedOnGMT,,no_matching_swagger_schema
quality_ontology.json,quality,ProcessModel,运行时流程模型,firstRoutedOnGmt,DateTime,物理字段 FirstRoutedOnGMT,,no_matching_swagger_schema
quality_ontology.json,quality,ProcessModel,运行时流程模型,firstRoutedOn,DateTime,物理字段 FirstRoutedOn,,no_matching_swagger_schema
quality_ontology.json,quality,ProcessModel,运行时流程模型,parent,Integer,物理字段 ParentId,,no_matching_swagger_schema
quality_ontology.json,quality,ProcessModel,运行时流程模型,name,String,物理字段 ProcessModelName,,no_matching_swagger_schema
quality_ontology.json,quality,ProcessModel,运行时流程模型,description,String,物理字段 Description,,no_matching_swagger_schema
quality_ontology.json,quality,ProcessModel,运行时流程模型,changeHistory,Navigation,物理字段 ChangeHistoryId → ChangeStatus,,no_matching_swagger_schema
quality_ontology.json,quality,ProcessModel,运行时流程模型,lastDesignatedOn,DateTime,物理字段 LastDesignatedOn,,no_matching_swagger_schema
quality_ontology.json,quality,ProcessModel,运行时流程模型,assigneeOption,Integer,物理字段 AssigneeOption,,no_matching_swagger_schema
quality_ontology.json,quality,ProcessModel,运行时流程模型,lastDesignatedOnGmt,DateTime,物理字段 LastDesignatedOnGMT,,no_matching_swagger_schema
quality_ontology.json,quality,ProcessModel,运行时流程模型,designated,Boolean,物理字段 Designated,,no_matching_swagger_schema
quality_ontology.json,quality,ProcessModel,运行时流程模型,lastStage,Integer,物理字段 LastStage,,no_matching_swagger_schema
quality_ontology.json,quality,ProcessModel,运行时流程模型,defaultAssigneeInfo,Boolean,物理字段 DefaultAssigneeInfo,,no_matching_swagger_schema
quality_ontology.json,quality,ProcessModel,运行时流程模型,autoCompleteFailure,Boolean,物理字段 AutoCompleteFailure,,no_matching_swagger_schema
quality_ontology.json,quality,ProcessModel,运行时流程模型,outstandingDetailStatus,Integer,物理字段 OutstandingDetailStatus,,no_matching_swagger_schema
quality_ontology.json,quality,ProcessModel,运行时流程模型,dataPointCollection,Navigation,物理字段 DataPointCollectionId → DataPointCollection,,no_matching_swagger_schema
recipe_list_ontology.json,recipe_list,RecipeList,配方任务清单,targetContainerUom,Navigation,物理字段 TargetContainerUOMId → UOM,RecipeListEntity,property_not_exposed_or_name_differs
removal_reason_ontology.json,removal_reason,RemovalReason,移除原因,removalType,Integer,物理字段 RemovalType,RemovalReasonEntity,property_not_exposed_or_name_differs
resource_family_ontology.json,resource_family,ResourceFamily,资源家族,statusModel,Navigation,物理字段 StatusModelId → scsStatusModel,ResourceFamilyEntity,property_not_exposed_or_name_differs
resource_family_ontology.json,resource_family,ResourceFamily,资源家族,uom,Navigation,物理字段 UOMId → UOM,ResourceFamilyEntity,property_not_exposed_or_name_differs
resource_family_ontology.json,resource_family,ResourceFamily,资源家族,objectType,String,物理字段 ObjectType,ResourceFamilyEntity,property_not_exposed_or_name_differs
resource_family_ontology.json,resource_family,ResourceFamily,资源家族,objectCategory,String,物理字段 ObjectCategory,ResourceFamilyEntity,property_not_exposed_or_name_differs
resource_family_ontology.json,resource_family,ResourceFamily,资源家族,noOfSlots,Integer,物理字段 NoOfSlots,ResourceFamilyEntity,property_not_exposed_or_name_differs
resource_family_ontology.json,resource_family,ResourceFamily,资源家族,scsPositionAssignLotVerificati,Integer,物理字段 scsPositionAssignLotVerificati,ResourceFamilyEntity,property_not_exposed_or_name_differs
resource_family_ontology.json,resource_family,ResourceFamily,资源家族,scsWaferHandler,Boolean,物理字段 scsWaferHandler,ResourceFamilyEntity,property_not_exposed_or_name_differs
resource_family_ontology.json,resource_family,ResourceFamily,资源家族,scsShopFloorSettings,Navigation,物理字段 scsShopFloorSettingsId → ShopFloorSettings,ResourceFamilyEntity,property_not_exposed_or_name_differs
resource_family_ontology.json,resource_family,ResourceFamily,资源家族,ssProcessUsageReq,Boolean,物理字段 ss_ProcessUsageReq,ResourceFamilyEntity,property_not_exposed_or_name_differs
resource_family_ontology.json,resource_family,ResourceFamily,资源家族,carrierPositionalMethod,Integer,物理字段 CarrierPositionalMethod,ResourceFamilyEntity,property_not_exposed_or_name_differs
resource_family_ontology.json,resource_family,ResourceFamily,资源家族,enableCarrierPositions,Boolean,物理字段 EnableCarrierPositions,ResourceFamilyEntity,property_not_exposed_or_name_differs
resource_family_ontology.json,resource_family,ResourceFamily,资源家族,carrierXPositions,Integer,物理字段 CarrierXPositions,ResourceFamilyEntity,property_not_exposed_or_name_differs
resource_family_ontology.json,resource_family,ResourceFamily,资源家族,carrierYPositions,Integer,物理字段 CarrierYPositions,ResourceFamilyEntity,property_not_exposed_or_name_differs
resource_family_ontology.json,resource_family,ResourceFamily,资源家族,carrierZPositions,Integer,物理字段 CarrierZPositions,ResourceFamilyEntity,property_not_exposed_or_name_differs
resource_group_ontology.json,resource_group,ResourceGroup,资源组,objectType,String,物理字段 ObjectType,ResourceGroupEntity,property_not_exposed_or_name_differs
resource_group_ontology.json,resource_group,ResourceGroup,资源组,objectCategory,String,物理字段 ObjectCategory,ResourceGroupEntity,property_not_exposed_or_name_differs
resource_group_ontology.json,resource_group,ResourceGroup,资源组,scsAllowMultiStepsTrackIn,Boolean,物理字段 scsAllowMultiStepsTrackIn,ResourceGroupEntity,property_not_exposed_or_name_differs
resource_group_ontology.json,resource_group,ResourceGroup,资源组,ssAllowInProcessStatChange,Boolean,物理字段 ss_AllowInProcessStatChange,ResourceGroupEntity,property_not_exposed_or_name_differs
resource_ontology.json,resource,ResourceLogs,设备运行日志,fieldId,Integer,物理字段 FieldId,,no_matching_swagger_schema
resource_ontology.json,resource,ResourceLogs,设备运行日志,logs,Array,物理字段 LogsId,,no_matching_swagger_schema
resource_status_code_ontology.json,resource_status_code,ResourceStatusCode,资源状态代码,isAvailable,Boolean,物理字段 IsAvailable,ResourceStatusCodeEntity,property_not_exposed_or_name_differs
resource_status_code_ontology.json,resource_status_code,ResourceStatusCode,资源状态代码,resourceCdoTypeName,String,物理字段 ResourceCDOTypeName,ResourceStatusCodeEntity,property_not_exposed_or_name_differs
resource_status_reason_ontology.json,resource_status_reason,ResourceStatusReason,资源状态变更原因,resourceCdoTypeName,String,物理字段 ResourceCDOTypeName,ResourceStatusReasonEntity,property_not_exposed_or_name_differs
rework_ontology.json,rework,ReworkStatus,返工追踪状态,currentStatus,Navigation,物理字段 CurrentStatusId → CurrentStatus,,no_matching_swagger_schema
rework_ontology.json,rework,ReworkStatus,返工追踪状态,lastRevTxn,Integer,物理字段 LastRevTxnId,,no_matching_swagger_schema
rework_ontology.json,rework,ReworkStatus,返工追踪状态,reworkReason,Navigation,物理字段 ReworkReasonId → ReworkReason,,no_matching_swagger_schema
rework_ontology.json,rework,ReworkStatus,返工追踪状态,endReworkStep,Navigation,物理字段 EndReworkStepId → WorkflowStep,,no_matching_swagger_schema
rework_ontology.json,rework,ReworkStatus,返工追踪状态,reEntryStep,Navigation,物理字段 ReEntryStepId → WorkflowStep,,no_matching_swagger_schema
salesorder_ontology.json,salesorder,SalesOrder,销售订单,changeStatus,Navigation,物理字段 ChangeStatusId → ChangeStatus,SalesOrderEntity,property_not_exposed_or_name_differs
salesorder_ontology.json,salesorder,SalesOrder,销售订单,uom2,Navigation,物理字段 UOM2Id → UOM,SalesOrderEntity,property_not_exposed_or_name_differs
salesorder_ontology.json,salesorder,SalesOrder,销售订单,productBase,Integer,物理字段 ProductBaseId,SalesOrderEntity,property_not_exposed_or_name_differs
sampling_ontology.json,sampling,SamplingPlanDetails,抽样详情,wipDataSetup,Navigation,物理字段 WIPDataSetupId → A_WIPDataSetup,,no_matching_swagger_schema
sampling_ontology.json,sampling,SamplingPlanDetails,抽样详情,ssWaferAqlLevel,Navigation,物理字段 ss_WaferAQLLevelId → AQLLevel,,no_matching_swagger_schema
sampling_ontology.json,sampling,SamplingPlanDetails,抽样详情,ssWaferInspectionLevel,Navigation,物理字段 ss_WaferInspectionLevelId → InspectionLevel,,no_matching_swagger_schema
sampling_ontology.json,sampling,SamplingPlanDetails,抽样详情,sequence,Integer,物理字段 Sequence,,no_matching_swagger_schema
sampling_ontology.json,sampling,SamplingPlanDetails,抽样详情,isFrozen,Boolean,物理字段 IsFrozen,,no_matching_swagger_schema
sampling_ontology.json,sampling,SamplingPlanDetails,抽样详情,inspectAll,Boolean,物理字段 InspectAll,,no_matching_swagger_schema
sampling_ontology.json,sampling,SamplingPlanDetails,抽样详情,sampleRate,Integer,物理字段 SampleRate,,no_matching_swagger_schema
sampling_ontology.json,sampling,SamplingPlanDetails,抽样详情,inspectAllContQty,Boolean,物理字段 InspectAllContQty,,no_matching_swagger_schema
sampling_ontology.json,sampling,SamplingPlanDetails,抽样详情,inspectAllQtyOnFailure,Boolean,物理字段 InspectAllQtyOnFailure,,no_matching_swagger_schema
sampling_ontology.json,sampling,SampleTest,抽样检验定义,defaultPeDescription,String,物理字段 DefaultPEDescription,SampleTestEntity,property_not_exposed_or_name_differs
scheduled_business_rule_ontology.json,scheduled_business_rule,ScheduledBusinessRule,定时业务规则,dueTimeGmt,DateTime,物理字段 DueTimeGMT,ScheduledBusinessRuleEntity,property_not_exposed_or_name_differs
scheduled_business_rule_ontology.json,scheduled_business_rule,ScheduledBusinessRule,定时业务规则,startDateGmt,DateTime,物理字段 StartDateGMT,ScheduledBusinessRuleEntity,property_not_exposed_or_name_differs
scheduled_business_rule_ontology.json,scheduled_business_rule,ScheduledBusinessRule,定时业务规则,endDateGmt,DateTime,物理字段 EndDateGMT,ScheduledBusinessRuleEntity,property_not_exposed_or_name_differs
scheduled_business_rule_ontology.json,scheduled_business_rule,ScheduledBusinessRule,定时业务规则,lockGuid,String,物理字段 LockGUID,ScheduledBusinessRuleEntity,property_not_exposed_or_name_differs
scheduling_route_ontology.json,scheduling_route,SchedulingRoute,排程路由,schedulingRouteBase,Navigation,物理字段 SchedulingRouteBaseId → SchedulingRouteBase,SchedulingRouteEntity,property_not_exposed_or_name_differs
semiconductor_action_approval_esign_ontology.json,semiconductor_action_approval_esign,ActionCategory,动作类别,setupAccess,Navigation,物理字段 SetupAccessId → A_SetupAccess,,no_matching_swagger_schema
semiconductor_action_approval_esign_ontology.json,semiconductor_action_approval_esign,ActionCategory,动作类别,sequence,Integer,物理字段 Sequence,,no_matching_swagger_schema
semiconductor_action_approval_esign_ontology.json,semiconductor_action_approval_esign,ActionCategory,动作类别,notes,String,物理字段 Notes,,no_matching_swagger_schema
semiconductor_action_approval_esign_ontology.json,semiconductor_action_approval_esign,ActionCategory,动作类别,changeHistory,Navigation,物理字段 ChangeHistoryId → ChangeStatus,,no_matching_swagger_schema
semiconductor_action_approval_esign_ontology.json,semiconductor_action_approval_esign,ActionCategory,动作类别,description,String,物理字段 Description,,no_matching_swagger_schema
semiconductor_action_approval_esign_ontology.json,semiconductor_action_approval_esign,ActionCategory,动作类别,iconId,Integer,物理字段 IconId,,no_matching_swagger_schema
semiconductor_action_approval_esign_ontology.json,semiconductor_action_approval_esign,ActionCategory,动作类别,name,String,物理字段 ActionCategoryName,,no_matching_swagger_schema
semiconductor_action_approval_esign_ontology.json,semiconductor_action_approval_esign,ActionCategory,动作类别,labelName,String,物理字段 LabelName,,no_matching_swagger_schema
semiconductor_action_approval_esign_ontology.json,semiconductor_action_approval_esign,ActionCategory,动作类别,labelText,String,物理字段 LabelText,,no_matching_swagger_schema
semiconductor_action_approval_esign_ontology.json,semiconductor_action_approval_esign,ActionCategory,动作类别,isFrozen,Boolean,物理字段 IsFrozen,,no_matching_swagger_schema
semiconductor_action_approval_esign_ontology.json,semiconductor_action_approval_esign,ActionCategory,动作类别,filterTags,String,物理字段 FilterTags,,no_matching_swagger_schema
semiconductor_action_approval_esign_ontology.json,semiconductor_action_approval_esign,ActionDef,动作定义,setupAccess,Navigation,物理字段 SetupAccessId → A_SetupAccess,,no_matching_swagger_schema
semiconductor_action_approval_esign_ontology.json,semiconductor_action_approval_esign,ActionDef,动作定义,uiAction,Navigation,物理字段 UIActionId → UIAction,,no_matching_swagger_schema
semiconductor_action_approval_esign_ontology.json,semiconductor_action_approval_esign,ActionDef,动作定义,notes,String,物理字段 Notes,,no_matching_swagger_schema
semiconductor_action_approval_esign_ontology.json,semiconductor_action_approval_esign,ActionDef,动作定义,changeHistory,Navigation,物理字段 ChangeHistoryId → ChangeStatus,,no_matching_swagger_schema
semiconductor_action_approval_esign_ontology.json,semiconductor_action_approval_esign,ActionDef,动作定义,description,String,物理字段 Description,,no_matching_swagger_schema
semiconductor_action_approval_esign_ontology.json,semiconductor_action_approval_esign,ActionDef,动作定义,iconId,Integer,物理字段 IconId,,no_matching_swagger_schema
semiconductor_action_approval_esign_ontology.json,semiconductor_action_approval_esign,ActionDef,动作定义,isFrozen,Boolean,物理字段 IsFrozen,,no_matching_swagger_schema
semiconductor_action_approval_esign_ontology.json,semiconductor_action_approval_esign,ActionDef,动作定义,name,String,物理字段 ActionName,,no_matching_swagger_schema
semiconductor_action_approval_esign_ontology.json,semiconductor_action_approval_esign,ActionDef,动作定义,actionType,Integer,物理字段 ActionType,,no_matching_swagger_schema
semiconductor_action_approval_esign_ontology.json,semiconductor_action_approval_esign,ActionDef,动作定义,filterTags,String,物理字段 FilterTags,,no_matching_swagger_schema
semiconductor_action_approval_esign_ontology.json,semiconductor_action_approval_esign,ActionRule,动作规则,setupAccess,Navigation,物理字段 SetupAccessId → A_SetupAccess,,no_matching_swagger_schema
semiconductor_action_approval_esign_ontology.json,semiconductor_action_approval_esign,ActionRule,动作规则,notes,String,物理字段 Notes,,no_matching_swagger_schema
semiconductor_action_approval_esign_ontology.json,semiconductor_action_approval_esign,ActionRule,动作规则,changeHistory,Navigation,物理字段 ChangeHistoryId → ChangeStatus,,no_matching_swagger_schema
semiconductor_action_approval_esign_ontology.json,semiconductor_action_approval_esign,ActionRule,动作规则,description,String,物理字段 Description,,no_matching_swagger_schema
semiconductor_action_approval_esign_ontology.json,semiconductor_action_approval_esign,ActionRule,动作规则,iconId,Integer,物理字段 IconId,,no_matching_swagger_schema
semiconductor_action_approval_esign_ontology.json,semiconductor_action_approval_esign,ActionRule,动作规则,isFrozen,Boolean,物理字段 IsFrozen,,no_matching_swagger_schema
semiconductor_action_approval_esign_ontology.json,semiconductor_action_approval_esign,ActionRule,动作规则,name,String,物理字段 ActionRuleName,,no_matching_swagger_schema
semiconductor_action_approval_esign_ontology.json,semiconductor_action_approval_esign,ActionRule,动作规则,expression,String,物理字段 Expression,,no_matching_swagger_schema
semiconductor_action_approval_esign_ontology.json,semiconductor_action_approval_esign,ActionRule,动作规则,filterTags,String,物理字段 FilterTags,,no_matching_swagger_schema
semiconductor_action_approval_esign_ontology.json,semiconductor_action_approval_esign,Activity,活动,firstRoutedOn,DateTime,物理字段 FirstRoutedOn,,no_matching_swagger_schema
semiconductor_action_approval_esign_ontology.json,semiconductor_action_approval_esign,Activity,活动,lastCompletedOn,DateTime,物理字段 LastCompletedOn,,no_matching_swagger_schema
semiconductor_action_approval_esign_ontology.json,semiconductor_action_approval_esign,Activity,活动,lastCompletedOnGmt,DateTime,物理字段 LastCompletedOnGMT,,no_matching_swagger_schema
semiconductor_action_approval_esign_ontology.json,semiconductor_action_approval_esign,Activity,活动,firstRoutedOnGmt,DateTime,物理字段 FirstRoutedOnGMT,,no_matching_swagger_schema
semiconductor_action_approval_esign_ontology.json,semiconductor_action_approval_esign,Activity,活动,comments,String,物理字段 Comments,,no_matching_swagger_schema
semiconductor_action_approval_esign_ontology.json,semiconductor_action_approval_esign,Activity,活动,autoComplete,Boolean,物理字段 AutoComplete,,no_matching_swagger_schema
semiconductor_action_approval_esign_ontology.json,semiconductor_action_approval_esign,Activity,活动,reassignmentComments,String,物理字段 ReassignmentComments,,no_matching_swagger_schema
semiconductor_action_approval_esign_ontology.json,semiconductor_action_approval_esign,Activity,活动,assigneeRole,Navigation,物理字段 AssigneeRoleId → RoleDef,,no_matching_swagger_schema
semiconductor_action_approval_esign_ontology.json,semiconductor_action_approval_esign,Activity,活动,autoExecute,Boolean,物理字段 AutoExecute,,no_matching_swagger_schema
semiconductor_action_approval_esign_ontology.json,semiconductor_action_approval_esign,Activity,活动,stage,Integer,物理字段 Stage,,no_matching_swagger_schema
semiconductor_action_approval_esign_ontology.json,semiconductor_action_approval_esign,Activity,活动,changeHistory,Navigation,物理字段 ChangeHistoryId → ChangeStatus,,no_matching_swagger_schema
semiconductor_action_approval_esign_ontology.json,semiconductor_action_approval_esign,Activity,活动,allowReassignment,Integer,物理字段 AllowReassignment,,no_matching_swagger_schema
semiconductor_action_approval_esign_ontology.json,semiconductor_action_approval_esign,Activity,活动,completeBy,DateTime,物理字段 CompleteBy,,no_matching_swagger_schema
semiconductor_action_approval_esign_ontology.json,semiconductor_action_approval_esign,Activity,活动,completeWithinQty,Integer,物理字段 CompleteWithinQty,,no_matching_swagger_schema
semiconductor_action_approval_esign_ontology.json,semiconductor_action_approval_esign,Activity,活动,completeWithinUom,Float,物理字段 CompleteWithinUOM,,no_matching_swagger_schema
semiconductor_action_approval_esign_ontology.json,semiconductor_action_approval_esign,Activity,活动,autoStart,Boolean,物理字段 AutoStart,,no_matching_swagger_schema
semiconductor_action_approval_esign_ontology.json,semiconductor_action_approval_esign,Activity,活动,attachments,Navigation,物理字段 AttachmentsId → DocAttachments,,no_matching_swagger_schema
semiconductor_action_approval_esign_ontology.json,semiconductor_action_approval_esign,Activity,活动,parent,Integer,物理字段 ParentId,,no_matching_swagger_schema
semiconductor_action_approval_esign_ontology.json,semiconductor_action_approval_esign,Activity,活动,isFrozen,Boolean,物理字段 IsFrozen,,no_matching_swagger_schema
semiconductor_action_approval_esign_ontology.json,semiconductor_action_approval_esign,Activity,活动,name,String,物理字段 ActivityName,,no_matching_swagger_schema
semiconductor_action_approval_esign_ontology.json,semiconductor_action_approval_esign,Activity,活动,assignee,Navigation,物理字段 AssigneeId → Employee,,no_matching_swagger_schema
semiconductor_action_approval_esign_ontology.json,semiconductor_action_approval_esign,Activity,活动,isRequired,Boolean,物理字段 IsRequired,,no_matching_swagger_schema
semiconductor_action_approval_esign_ontology.json,semiconductor_action_approval_esign,Activity,活动,completionAttachments,Navigation,物理字段 CompletionAttachmentsId → DocAttachments,,no_matching_swagger_schema
semiconductor_action_approval_esign_ontology.json,semiconductor_action_approval_esign,Activity,活动,description,String,物理字段 Description,,no_matching_swagger_schema
semiconductor_action_approval_esign_ontology.json,semiconductor_action_approval_esign,Activity,活动,completionComments,String,物理字段 CompletionComments,,no_matching_swagger_schema
semiconductor_action_approval_esign_ontology.json,semiconductor_action_approval_esign,Activity,活动,designated,Boolean,物理字段 Designated,,no_matching_swagger_schema
semiconductor_action_approval_esign_ontology.json,semiconductor_action_approval_esign,Activity,活动,lastDesignatedOn,DateTime,物理字段 LastDesignatedOn,,no_matching_swagger_schema
semiconductor_action_approval_esign_ontology.json,semiconductor_action_approval_esign,Activity,活动,lastDesignatedOnGmt,DateTime,物理字段 LastDesignatedOnGMT,,no_matching_swagger_schema
semiconductor_action_approval_esign_ontology.json,semiconductor_action_approval_esign,Activity,活动,assigneeOption,Integer,物理字段 AssigneeOption,,no_matching_swagger_schema
semiconductor_action_approval_esign_ontology.json,semiconductor_action_approval_esign,Activity,活动,lastStage,Integer,物理字段 LastStage,,no_matching_swagger_schema
semiconductor_action_approval_esign_ontology.json,semiconductor_action_approval_esign,Activity,活动,completeByGmt,DateTime,物理字段 CompleteByGMT,,no_matching_swagger_schema
semiconductor_action_approval_esign_ontology.json,semiconductor_action_approval_esign,Activity,活动,defaultAssigneeInfo,Boolean,物理字段 DefaultAssigneeInfo,,no_matching_swagger_schema
semiconductor_action_approval_esign_ontology.json,semiconductor_action_approval_esign,Activity,活动,disposition,Navigation,物理字段 DispositionId → Disposition,,no_matching_swagger_schema
semiconductor_action_approval_esign_ontology.json,semiconductor_action_approval_esign,Activity,活动,reconcileQuantity,Boolean,物理字段 ReconcileQuantity,,no_matching_swagger_schema
semiconductor_action_approval_esign_ontology.json,semiconductor_action_approval_esign,Activity,活动,displayConformingQuantity,Boolean,物理字段 DisplayConformingQuantity,,no_matching_swagger_schema
semiconductor_action_approval_esign_ontology.json,semiconductor_action_approval_esign,Activity,活动,lastCompletedBy,Navigation,物理字段 LastCompletedById → Employee,,no_matching_swagger_schema
semiconductor_action_approval_esign_ontology.json,semiconductor_action_approval_esign,Activity,活动,documentSet,Navigation,物理字段 DocumentSetId → DocumentSet,,no_matching_swagger_schema
semiconductor_action_approval_esign_ontology.json,semiconductor_action_approval_esign,Activity,活动,autoCompleteFailure,Boolean,物理字段 AutoCompleteFailure,,no_matching_swagger_schema
semiconductor_action_approval_esign_ontology.json,semiconductor_action_approval_esign,Activity,活动,outstandingDetailStatus,Integer,物理字段 OutstandingDetailStatus,,no_matching_swagger_schema
semiconductor_action_approval_esign_ontology.json,semiconductor_action_approval_esign,Activity,活动,sequence,Integer,物理字段 Sequence,,no_matching_swagger_schema
semiconductor_action_approval_esign_ontology.json,semiconductor_action_approval_esign,Activity,活动,dataPointCollection,Navigation,物理字段 DataPointCollectionId → DataPointCollection,,no_matching_swagger_schema
semiconductor_action_approval_esign_ontology.json,semiconductor_action_approval_esign,Activity,活动,checklist,Navigation,物理字段 ChecklistId → Checklist,,no_matching_swagger_schema
semiconductor_action_approval_esign_ontology.json,semiconductor_action_approval_esign,ActivityPlan,活动计划,firstRoutedOn,DateTime,物理字段 FirstRoutedOn,,no_matching_swagger_schema
semiconductor_action_approval_esign_ontology.json,semiconductor_action_approval_esign,ActivityPlan,活动计划,lastCompletedOn,DateTime,物理字段 LastCompletedOn,,no_matching_swagger_schema
semiconductor_action_approval_esign_ontology.json,semiconductor_action_approval_esign,ActivityPlan,活动计划,lastCompletedOnGmt,DateTime,物理字段 LastCompletedOnGMT,,no_matching_swagger_schema
semiconductor_action_approval_esign_ontology.json,semiconductor_action_approval_esign,ActivityPlan,活动计划,firstRoutedOnGmt,DateTime,物理字段 FirstRoutedOnGMT,,no_matching_swagger_schema
semiconductor_action_approval_esign_ontology.json,semiconductor_action_approval_esign,ActivityPlan,活动计划,autoComplete,Boolean,物理字段 AutoComplete,,no_matching_swagger_schema
semiconductor_action_approval_esign_ontology.json,semiconductor_action_approval_esign,ActivityPlan,活动计划,reassignmentComments,String,物理字段 ReassignmentComments,,no_matching_swagger_schema
semiconductor_action_approval_esign_ontology.json,semiconductor_action_approval_esign,ActivityPlan,活动计划,assigneeRole,Navigation,物理字段 AssigneeRoleId → RoleDef,,no_matching_swagger_schema
semiconductor_action_approval_esign_ontology.json,semiconductor_action_approval_esign,ActivityPlan,活动计划,completeWithinUom,Float,物理字段 CompleteWithinUOM,,no_matching_swagger_schema
semiconductor_action_approval_esign_ontology.json,semiconductor_action_approval_esign,ActivityPlan,活动计划,changeHistory,Navigation,物理字段 ChangeHistoryId → ChangeStatus,,no_matching_swagger_schema
semiconductor_action_approval_esign_ontology.json,semiconductor_action_approval_esign,ActivityPlan,活动计划,allowReassignment,Integer,物理字段 AllowReassignment,,no_matching_swagger_schema
semiconductor_action_approval_esign_ontology.json,semiconductor_action_approval_esign,ActivityPlan,活动计划,attachments,Navigation,物理字段 AttachmentsId → DocAttachments,,no_matching_swagger_schema
semiconductor_action_approval_esign_ontology.json,semiconductor_action_approval_esign,ActivityPlan,活动计划,parent,Integer,物理字段 ParentId,,no_matching_swagger_schema
semiconductor_action_approval_esign_ontology.json,semiconductor_action_approval_esign,ActivityPlan,活动计划,stage,Integer,物理字段 Stage,,no_matching_swagger_schema
semiconductor_action_approval_esign_ontology.json,semiconductor_action_approval_esign,ActivityPlan,活动计划,completeWithinQty,Integer,物理字段 CompleteWithinQty,,no_matching_swagger_schema
semiconductor_action_approval_esign_ontology.json,semiconductor_action_approval_esign,ActivityPlan,活动计划,isFrozen,Boolean,物理字段 IsFrozen,,no_matching_swagger_schema
semiconductor_action_approval_esign_ontology.json,semiconductor_action_approval_esign,ActivityPlan,活动计划,planName,String,物理字段 PlanName,,no_matching_swagger_schema
semiconductor_action_approval_esign_ontology.json,semiconductor_action_approval_esign,ActivityPlan,活动计划,description,String,物理字段 Description,,no_matching_swagger_schema
semiconductor_action_approval_esign_ontology.json,semiconductor_action_approval_esign,ActivityPlan,活动计划,notes,String,物理字段 Notes,,no_matching_swagger_schema
semiconductor_action_approval_esign_ontology.json,semiconductor_action_approval_esign,ActivityPlan,活动计划,assignee,Navigation,物理字段 AssigneeId → Employee,,no_matching_swagger_schema
semiconductor_action_approval_esign_ontology.json,semiconductor_action_approval_esign,ActivityPlan,活动计划,isRequired,Boolean,物理字段 IsRequired,,no_matching_swagger_schema
semiconductor_action_approval_esign_ontology.json,semiconductor_action_approval_esign,ActivityPlan,活动计划,autoStart,Boolean,物理字段 AutoStart,,no_matching_swagger_schema
semiconductor_action_approval_esign_ontology.json,semiconductor_action_approval_esign,ActivityPlan,活动计划,completeBy,DateTime,物理字段 CompleteBy,,no_matching_swagger_schema
semiconductor_action_approval_esign_ontology.json,semiconductor_action_approval_esign,ActivityPlan,活动计划,completionComments,String,物理字段 CompletionComments,,no_matching_swagger_schema
semiconductor_action_approval_esign_ontology.json,semiconductor_action_approval_esign,ActivityPlan,活动计划,designated,Boolean,物理字段 Designated,,no_matching_swagger_schema
semiconductor_action_approval_esign_ontology.json,semiconductor_action_approval_esign,ActivityPlan,活动计划,lastDesignatedOn,DateTime,物理字段 LastDesignatedOn,,no_matching_swagger_schema
semiconductor_action_approval_esign_ontology.json,semiconductor_action_approval_esign,ActivityPlan,活动计划,assigneeOption,Integer,物理字段 AssigneeOption,,no_matching_swagger_schema
semiconductor_action_approval_esign_ontology.json,semiconductor_action_approval_esign,ActivityPlan,活动计划,lastDesignatedOnGmt,DateTime,物理字段 LastDesignatedOnGMT,,no_matching_swagger_schema
semiconductor_action_approval_esign_ontology.json,semiconductor_action_approval_esign,ActivityPlan,活动计划,completeByGmt,DateTime,物理字段 CompleteByGMT,,no_matching_swagger_schema
semiconductor_action_approval_esign_ontology.json,semiconductor_action_approval_esign,ActivityPlan,活动计划,defaultAssigneeInfo,Boolean,物理字段 DefaultAssigneeInfo,,no_matching_swagger_schema
semiconductor_action_approval_esign_ontology.json,semiconductor_action_approval_esign,ActivityPlan,活动计划,lastStage,Integer,物理字段 LastStage,,no_matching_swagger_schema
semiconductor_action_approval_esign_ontology.json,semiconductor_action_approval_esign,ActivityPlan,活动计划,lastCompletedBy,Navigation,物理字段 LastCompletedById → Employee,,no_matching_swagger_schema
semiconductor_action_approval_esign_ontology.json,semiconductor_action_approval_esign,ActivityPlan,活动计划,documentSet,Navigation,物理字段 DocumentSetId → DocumentSet,,no_matching_swagger_schema
semiconductor_action_approval_esign_ontology.json,semiconductor_action_approval_esign,ActivityPlan,活动计划,lastApprovalRouted,Navigation,物理字段 LastApprovalRoutedId → ApprovalSheet,,no_matching_swagger_schema
semiconductor_action_approval_esign_ontology.json,semiconductor_action_approval_esign,ActivityPlan,活动计划,autoCompleteFailure,Boolean,物理字段 AutoCompleteFailure,,no_matching_swagger_schema
semiconductor_action_approval_esign_ontology.json,semiconductor_action_approval_esign,ActivityPlan,活动计划,outstandingDetailStatus,Integer,物理字段 OutstandingDetailStatus,,no_matching_swagger_schema
semiconductor_action_approval_esign_ontology.json,semiconductor_action_approval_esign,ActivityPlan,活动计划,sequence,Integer,物理字段 Sequence,,no_matching_swagger_schema
semiconductor_action_approval_esign_ontology.json,semiconductor_action_approval_esign,ActivityPlan,活动计划,dataPointCollection,Navigation,物理字段 DataPointCollectionId → DataPointCollection,,no_matching_swagger_schema
semiconductor_action_approval_esign_ontology.json,semiconductor_action_approval_esign,ActivityPlan,活动计划,checklist,Navigation,物理字段 ChecklistId → Checklist,,no_matching_swagger_schema
semiconductor_action_approval_esign_ontology.json,semiconductor_action_approval_esign,Phase,阶段,firstRoutedOn,DateTime,物理字段 FirstRoutedOn,,no_matching_swagger_schema
semiconductor_action_approval_esign_ontology.json,semiconductor_action_approval_esign,Phase,阶段,lastCompletedOn,DateTime,物理字段 LastCompletedOn,,no_matching_swagger_schema
semiconductor_action_approval_esign_ontology.json,semiconductor_action_approval_esign,Phase,阶段,lastCompletedOnGmt,DateTime,物理字段 LastCompletedOnGMT,,no_matching_swagger_schema
semiconductor_action_approval_esign_ontology.json,semiconductor_action_approval_esign,Phase,阶段,firstRoutedOnGmt,DateTime,物理字段 FirstRoutedOnGMT,,no_matching_swagger_schema
semiconductor_action_approval_esign_ontology.json,semiconductor_action_approval_esign,Phase,阶段,autoComplete,Boolean,物理字段 AutoComplete,,no_matching_swagger_schema
semiconductor_action_approval_esign_ontology.json,semiconductor_action_approval_esign,Phase,阶段,reassignmentComments,String,物理字段 ReassignmentComments,,no_matching_swagger_schema
semiconductor_action_approval_esign_ontology.json,semiconductor_action_approval_esign,Phase,阶段,assigneeRole,Navigation,物理字段 AssigneeRoleId → RoleDef,,no_matching_swagger_schema
semiconductor_action_approval_esign_ontology.json,semiconductor_action_approval_esign,Phase,阶段,allowReassignment,Integer,物理字段 AllowReassignment,,no_matching_swagger_schema
semiconductor_action_approval_esign_ontology.json,semiconductor_action_approval_esign,Phase,阶段,notes,String,物理字段 Notes,,no_matching_swagger_schema
semiconductor_action_approval_esign_ontology.json,semiconductor_action_approval_esign,Phase,阶段,assignee,Navigation,物理字段 AssigneeId → Employee,,no_matching_swagger_schema
semiconductor_action_approval_esign_ontology.json,semiconductor_action_approval_esign,Phase,阶段,isRequired,Boolean,物理字段 IsRequired,,no_matching_swagger_schema
semiconductor_action_approval_esign_ontology.json,semiconductor_action_approval_esign,Phase,阶段,autoStart,Boolean,物理字段 AutoStart,,no_matching_swagger_schema
semiconductor_action_approval_esign_ontology.json,semiconductor_action_approval_esign,Phase,阶段,completeBy,DateTime,物理字段 CompleteBy,,no_matching_swagger_schema
semiconductor_action_approval_esign_ontology.json,semiconductor_action_approval_esign,Phase,阶段,attachments,Navigation,物理字段 AttachmentsId → DocAttachments,,no_matching_swagger_schema
semiconductor_action_approval_esign_ontology.json,semiconductor_action_approval_esign,Phase,阶段,completeWithinQty,Integer,物理字段 CompleteWithinQty,,no_matching_swagger_schema
semiconductor_action_approval_esign_ontology.json,semiconductor_action_approval_esign,Phase,阶段,stage,Integer,物理字段 Stage,,no_matching_swagger_schema
semiconductor_action_approval_esign_ontology.json,semiconductor_action_approval_esign,Phase,阶段,changeHistory,Navigation,物理字段 ChangeHistoryId → ChangeStatus,,no_matching_swagger_schema
semiconductor_action_approval_esign_ontology.json,semiconductor_action_approval_esign,Phase,阶段,isFrozen,Boolean,物理字段 IsFrozen,,no_matching_swagger_schema
semiconductor_action_approval_esign_ontology.json,semiconductor_action_approval_esign,Phase,阶段,completeWithinUom,Float,物理字段 CompleteWithinUOM,,no_matching_swagger_schema
semiconductor_action_approval_esign_ontology.json,semiconductor_action_approval_esign,Phase,阶段,description,String,物理字段 Description,,no_matching_swagger_schema
semiconductor_action_approval_esign_ontology.json,semiconductor_action_approval_esign,Phase,阶段,name,String,物理字段 PhaseName,,no_matching_swagger_schema
semiconductor_action_approval_esign_ontology.json,semiconductor_action_approval_esign,Phase,阶段,parent,Integer,物理字段 ParentId,,no_matching_swagger_schema
semiconductor_action_approval_esign_ontology.json,semiconductor_action_approval_esign,Phase,阶段,designated,Boolean,物理字段 Designated,,no_matching_swagger_schema
semiconductor_action_approval_esign_ontology.json,semiconductor_action_approval_esign,Phase,阶段,lastDesignatedOn,DateTime,物理字段 LastDesignatedOn,,no_matching_swagger_schema
semiconductor_action_approval_esign_ontology.json,semiconductor_action_approval_esign,Phase,阶段,lastDesignatedOnGmt,DateTime,物理字段 LastDesignatedOnGMT,,no_matching_swagger_schema
semiconductor_action_approval_esign_ontology.json,semiconductor_action_approval_esign,Phase,阶段,completionComments,String,物理字段 CompletionComments,,no_matching_swagger_schema
semiconductor_action_approval_esign_ontology.json,semiconductor_action_approval_esign,Phase,阶段,assigneeOption,Integer,物理字段 AssigneeOption,,no_matching_swagger_schema
semiconductor_action_approval_esign_ontology.json,semiconductor_action_approval_esign,Phase,阶段,lastStage,Integer,物理字段 LastStage,,no_matching_swagger_schema
semiconductor_action_approval_esign_ontology.json,semiconductor_action_approval_esign,Phase,阶段,completeByGmt,DateTime,物理字段 CompleteByGMT,,no_matching_swagger_schema
semiconductor_action_approval_esign_ontology.json,semiconductor_action_approval_esign,Phase,阶段,defaultAssigneeInfo,Boolean,物理字段 DefaultAssigneeInfo,,no_matching_swagger_schema
semiconductor_action_approval_esign_ontology.json,semiconductor_action_approval_esign,Phase,阶段,lastCompletedBy,Navigation,物理字段 LastCompletedById → Employee,,no_matching_swagger_schema
semiconductor_action_approval_esign_ontology.json,semiconductor_action_approval_esign,Phase,阶段,documentSet,Navigation,物理字段 DocumentSetId → DocumentSet,,no_matching_swagger_schema
semiconductor_action_approval_esign_ontology.json,semiconductor_action_approval_esign,Phase,阶段,lastApprovalRouted,Navigation,物理字段 LastApprovalRoutedId → ApprovalSheet,,no_matching_swagger_schema
semiconductor_action_approval_esign_ontology.json,semiconductor_action_approval_esign,Phase,阶段,autoCompleteFailure,Boolean,物理字段 AutoCompleteFailure,,no_matching_swagger_schema
semiconductor_action_approval_esign_ontology.json,semiconductor_action_approval_esign,Phase,阶段,outstandingDetailStatus,Integer,物理字段 OutstandingDetailStatus,,no_matching_swagger_schema
semiconductor_action_approval_esign_ontology.json,semiconductor_action_approval_esign,Phase,阶段,sequence,Integer,物理字段 Sequence,,no_matching_swagger_schema
semiconductor_action_approval_esign_ontology.json,semiconductor_action_approval_esign,Phase,阶段,dataPointCollection,Navigation,物理字段 DataPointCollectionId → DataPointCollection,,no_matching_swagger_schema
semiconductor_action_approval_esign_ontology.json,semiconductor_action_approval_esign,Phase,阶段,checklist,Navigation,物理字段 ChecklistId → Checklist,,no_matching_swagger_schema
semiconductor_action_approval_esign_ontology.json,semiconductor_action_approval_esign,ApprovalDecision,审批决定,approvalDecisionList,Navigation,物理字段 ApprovalDecisionListId → ApprovalDecisionList,,no_matching_swagger_schema
semiconductor_action_approval_esign_ontology.json,semiconductor_action_approval_esign,ApprovalDecision,审批决定,name,String,物理字段 ApprovalDecisionName,,no_matching_swagger_schema
semiconductor_action_approval_esign_ontology.json,semiconductor_action_approval_esign,ApprovalDecision,审批决定,decisionType,Integer,物理字段 DecisionType,,no_matching_swagger_schema
semiconductor_action_approval_esign_ontology.json,semiconductor_action_approval_esign,ApprovalDecision,审批决定,includeComments,Boolean,物理字段 IncludeComments,,no_matching_swagger_schema
semiconductor_action_approval_esign_ontology.json,semiconductor_action_approval_esign,ApprovalDecision,审批决定,isFrozen,Boolean,物理字段 IsFrozen,,no_matching_swagger_schema
semiconductor_action_approval_esign_ontology.json,semiconductor_action_approval_esign,ApprovalDecisionList,审批决定列表,setupAccess,Navigation,物理字段 SetupAccessId → A_SetupAccess,,no_matching_swagger_schema
semiconductor_action_approval_esign_ontology.json,semiconductor_action_approval_esign,ApprovalDecisionList,审批决定列表,changeHistory,Navigation,物理字段 ChangeHistoryId → ChangeStatus,,no_matching_swagger_schema
semiconductor_action_approval_esign_ontology.json,semiconductor_action_approval_esign,ApprovalDecisionList,审批决定列表,description,String,物理字段 Description,,no_matching_swagger_schema
semiconductor_action_approval_esign_ontology.json,semiconductor_action_approval_esign,ApprovalDecisionList,审批决定列表,iconId,Integer,物理字段 IconId,,no_matching_swagger_schema
semiconductor_action_approval_esign_ontology.json,semiconductor_action_approval_esign,ApprovalDecisionList,审批决定列表,isFrozen,Boolean,物理字段 IsFrozen,,no_matching_swagger_schema
semiconductor_action_approval_esign_ontology.json,semiconductor_action_approval_esign,ApprovalDecisionList,审批决定列表,name,String,物理字段 ApprovalDecisionListName,,no_matching_swagger_schema
semiconductor_action_approval_esign_ontology.json,semiconductor_action_approval_esign,ApprovalDecisionList,审批决定列表,notes,String,物理字段 Notes,,no_matching_swagger_schema
semiconductor_action_approval_esign_ontology.json,semiconductor_action_approval_esign,ApprovalDecisionList,审批决定列表,filterTags,String,物理字段 FilterTags,,no_matching_swagger_schema
semiconductor_action_approval_esign_ontology.json,semiconductor_action_approval_esign,ApprovalSheet,审批表,name,String,物理字段 ApprovalSheetName,,no_matching_swagger_schema
semiconductor_action_approval_esign_ontology.json,semiconductor_action_approval_esign,ApprovalSheet,审批表,isFrozen,Boolean,物理字段 IsFrozen,,no_matching_swagger_schema
semiconductor_action_approval_esign_ontology.json,semiconductor_action_approval_esign,ApprovalSheet,审批表,approvalDecisionList,Navigation,物理字段 ApprovalDecisionListId → ApprovalDecisionList,,no_matching_swagger_schema
semiconductor_action_approval_esign_ontology.json,semiconductor_action_approval_esign,ApprovalSheet,审批表,description,String,物理字段 Description,,no_matching_swagger_schema
semiconductor_action_approval_esign_ontology.json,semiconductor_action_approval_esign,ApprovalSheet,审批表,parent,Navigation,物理字段 ParentId → Event,,no_matching_swagger_schema
semiconductor_action_approval_esign_ontology.json,semiconductor_action_approval_esign,ApprovalSheet,审批表,status,Integer,物理字段 Status,,no_matching_swagger_schema
semiconductor_action_approval_esign_ontology.json,semiconductor_action_approval_esign,ApprovalSheet,审批表,generalInstructions,String,物理字段 GeneralInstructions,,no_matching_swagger_schema
semiconductor_action_approval_esign_ontology.json,semiconductor_action_approval_esign,ApprovalSheet,审批表,fromStage,Integer,物理字段 FromStage,,no_matching_swagger_schema
semiconductor_action_approval_esign_ontology.json,semiconductor_action_approval_esign,ApprovalSheet,审批表,toStage,Integer,物理字段 ToStage,,no_matching_swagger_schema
semiconductor_action_approval_esign_ontology.json,semiconductor_action_approval_esign,ApprovalSheet,审批表,approvalRequired,Boolean,物理字段 ApprovalRequired,,no_matching_swagger_schema
semiconductor_action_approval_esign_ontology.json,semiconductor_action_approval_esign,ApprovalSheet,审批表,childRoutingOption,Integer,物理字段 ChildRoutingOption,,no_matching_swagger_schema
semiconductor_action_approval_esign_ontology.json,semiconductor_action_approval_esign,ApprovalSheet,审批表,childOpenOption,Integer,物理字段 ChildOpenOption,,no_matching_swagger_schema
semiconductor_action_approval_esign_ontology.json,semiconductor_action_approval_esign,ApprovalSheet,审批表,comments,String,物理字段 Comments,,no_matching_swagger_schema
semiconductor_action_approval_esign_ontology.json,semiconductor_action_approval_esign,ApprovalSheet,审批表,lastApprovalCycleGmt,DateTime,物理字段 LastApprovalCycleGMT,,no_matching_swagger_schema
semiconductor_action_approval_esign_ontology.json,semiconductor_action_approval_esign,ApprovalSheet,审批表,lastApprovalCycle,DateTime,物理字段 LastApprovalCycle,,no_matching_swagger_schema
semiconductor_action_approval_esign_ontology.json,semiconductor_action_approval_esign,ApprovalSheet,审批表,approvalRoutingInfo,Navigation,物理字段 ApprovalRoutingInfoId → ApprovalRoutingInfo,,no_matching_swagger_schema
semiconductor_action_approval_esign_ontology.json,semiconductor_action_approval_esign,ApprovalSheet,审批表,designateOnApproval,Boolean,物理字段 DesignateOnApproval,,no_matching_swagger_schema
semiconductor_action_approval_esign_ontology.json,semiconductor_action_approval_esign,AlarmDefinition,告警定义,setupAccess,Navigation,物理字段 SetupAccessId → A_SetupAccess,,no_matching_swagger_schema
semiconductor_action_approval_esign_ontology.json,semiconductor_action_approval_esign,AlarmDefinition,告警定义,notes,String,物理字段 Notes,,no_matching_swagger_schema
semiconductor_action_approval_esign_ontology.json,semiconductor_action_approval_esign,AlarmDefinition,告警定义,documentSet,Navigation,物理字段 DocumentSetId → DocumentSet,,no_matching_swagger_schema
semiconductor_action_approval_esign_ontology.json,semiconductor_action_approval_esign,AlarmDefinition,告警定义,alarmPriority,Integer,物理字段 AlarmPriority,,no_matching_swagger_schema
semiconductor_action_approval_esign_ontology.json,semiconductor_action_approval_esign,AlarmDefinition,告警定义,alarmIconId,Integer,物理字段 AlarmIconId,,no_matching_swagger_schema
semiconductor_action_approval_esign_ontology.json,semiconductor_action_approval_esign,AlarmDefinition,告警定义,action,Navigation,物理字段 ActionId → ActionDefinition,,no_matching_swagger_schema
semiconductor_action_approval_esign_ontology.json,semiconductor_action_approval_esign,AlarmDefinition,告警定义,notificationTarget,Navigation,物理字段 NotificationTargetId → NotificationTarget,,no_matching_swagger_schema
semiconductor_action_approval_esign_ontology.json,semiconductor_action_approval_esign,AlarmDefinition,告警定义,notificationText,String,物理字段 NotificationText,,no_matching_swagger_schema
semiconductor_action_approval_esign_ontology.json,semiconductor_action_approval_esign,AlarmDefinition,告警定义,iconId,Integer,物理字段 IconId,,no_matching_swagger_schema
semiconductor_action_approval_esign_ontology.json,semiconductor_action_approval_esign,AlarmDefinition,告警定义,name,String,物理字段 AlarmDefinitionName,,no_matching_swagger_schema
semiconductor_action_approval_esign_ontology.json,semiconductor_action_approval_esign,AlarmDefinition,告警定义,messageText,String,物理字段 MessageText,,no_matching_swagger_schema
semiconductor_action_approval_esign_ontology.json,semiconductor_action_approval_esign,AlarmDefinition,告警定义,description,String,物理字段 Description,,no_matching_swagger_schema
semiconductor_action_approval_esign_ontology.json,semiconductor_action_approval_esign,AlarmDefinition,告警定义,isFrozen,Boolean,物理字段 IsFrozen,,no_matching_swagger_schema
semiconductor_action_approval_esign_ontology.json,semiconductor_action_approval_esign,AlarmDefinition,告警定义,changeStatus,Navigation,物理字段 ChangeStatusId → ChangeStatus,,no_matching_swagger_schema
semiconductor_action_approval_esign_ontology.json,semiconductor_action_approval_esign,AlarmDefinition,告警定义,triggerAction,Boolean,物理字段 TriggerAction,,no_matching_swagger_schema
semiconductor_action_approval_esign_ontology.json,semiconductor_action_approval_esign,AlarmDefinition,告警定义,sendNotification,Boolean,物理字段 SendNotification,,no_matching_swagger_schema
semiconductor_action_approval_esign_ontology.json,semiconductor_action_approval_esign,AlarmDefinition,告警定义,filterTags,String,物理字段 FilterTags,,no_matching_swagger_schema
semiconductor_action_approval_esign_ontology.json,semiconductor_action_approval_esign,AttachedDocs,附件文档配置,docAttachments,Navigation,物理字段 DocAttachmentsId → DocAttachments,,no_matching_swagger_schema
semiconductor_action_approval_esign_ontology.json,semiconductor_action_approval_esign,AttachedDocs,附件文档配置,originalFilePath,String,物理字段 OriginalFilePath,,no_matching_swagger_schema
semiconductor_action_approval_esign_ontology.json,semiconductor_action_approval_esign,AttachedDocs,附件文档配置,isFrozen,Boolean,物理字段 IsFrozen,,no_matching_swagger_schema
semiconductor_action_approval_esign_ontology.json,semiconductor_action_approval_esign,AttachedDocs,附件文档配置,documentName,String,物理字段 DocumentName,,no_matching_swagger_schema
semiconductor_action_approval_esign_ontology.json,semiconductor_action_approval_esign,AttachedDocs,附件文档配置,version,String,物理字段 Version,,no_matching_swagger_schema
semiconductor_action_approval_esign_ontology.json,semiconductor_action_approval_esign,AttachedDocs,附件文档配置,description,String,物理字段 Description,,no_matching_swagger_schema
semiconductor_action_approval_esign_ontology.json,semiconductor_action_approval_esign,AttachedDocs,附件文档配置,fileName,String,物理字段 FileName,,no_matching_swagger_schema
semiconductor_action_approval_esign_ontology.json,semiconductor_action_approval_esign,AttachedDocs,附件文档配置,originalFileName,String,物理字段 OriginalFileName,,no_matching_swagger_schema
semiconductor_action_approval_esign_ontology.json,semiconductor_action_approval_esign,AttachedDocs,附件文档配置,fileExtension,String,物理字段 FileExtension,,no_matching_swagger_schema
semiconductor_action_approval_esign_ontology.json,semiconductor_action_approval_esign,AttachedDocs,附件文档配置,docContentsId,Integer,物理字段 DocContentsId,,no_matching_swagger_schema
semiconductor_bin_overlay_ontology.json,semiconductor_bin_overlay,scsBinCode,Bin代码,scsBinCodeMap,Navigation,物理字段 scsBinCodeMapId → scsBinCodeMap,,no_matching_swagger_schema
semiconductor_bin_overlay_ontology.json,semiconductor_bin_overlay,scsBinCode,Bin代码,name,String,物理字段 scsBinCodeName,,no_matching_swagger_schema
semiconductor_bin_overlay_ontology.json,semiconductor_bin_overlay,scsBinCode,Bin代码,binCodeSequence,Integer,物理字段 BinCodeSequence,,no_matching_swagger_schema
semiconductor_bin_overlay_ontology.json,semiconductor_bin_overlay,scsBinCode,Bin代码,binCodeValues,String,物理字段 BinCodeValues,,no_matching_swagger_schema
semiconductor_bin_overlay_ontology.json,semiconductor_bin_overlay,scsBinCode,Bin代码,binCodeX,Integer,物理字段 BinCodeX,,no_matching_swagger_schema
semiconductor_bin_overlay_ontology.json,semiconductor_bin_overlay,scsBinCode,Bin代码,binCodeNumber,Integer,物理字段 BinCodeNumber,,no_matching_swagger_schema
semiconductor_bin_overlay_ontology.json,semiconductor_bin_overlay,scsBinCode,Bin代码,binCodeY,Integer,物理字段 BinCodeY,,no_matching_swagger_schema
semiconductor_bin_overlay_ontology.json,semiconductor_bin_overlay,scsBinDefinition,Bin定义,scsBinCodeMap,Navigation,物理字段 scsBinCodeMapId → scsBinCodeMap,,no_matching_swagger_schema
semiconductor_bin_overlay_ontology.json,semiconductor_bin_overlay,scsBinDefinition,Bin定义,displaySequence,Integer,物理字段 DisplaySequence,,no_matching_swagger_schema
semiconductor_bin_overlay_ontology.json,semiconductor_bin_overlay,scsBinDefinition,Bin定义,name,String,物理字段 scsBinDefinitionName,,no_matching_swagger_schema
semiconductor_bin_overlay_ontology.json,semiconductor_bin_overlay,scsBinDefinition,Bin定义,pick,Boolean,物理字段 Pick,,no_matching_swagger_schema
semiconductor_bin_overlay_ontology.json,semiconductor_bin_overlay,scsBinDefinition,Bin定义,binDescription,String,物理字段 BinDescription,,no_matching_swagger_schema
semiconductor_bin_overlay_ontology.json,semiconductor_bin_overlay,scsBinDefinition,Bin定义,binQuality,String,物理字段 BinQuality,,no_matching_swagger_schema
semiconductor_bin_overlay_ontology.json,semiconductor_bin_overlay,scsBinDefinition,Bin定义,binCount,Integer,物理字段 BinCount,,no_matching_swagger_schema
semiconductor_bin_overlay_ontology.json,semiconductor_bin_overlay,scsBinDefinition,Bin定义,binCode,String,物理字段 BinCode,,no_matching_swagger_schema
semiconductor_bin_overlay_ontology.json,semiconductor_bin_overlay,scsOverlay,Overlay定义,scsMapDataSubstrateMap,Navigation,物理字段 scsMapDataSubstrateMapId → scsMapDataSubstrateMap,,no_matching_swagger_schema
semiconductor_bin_overlay_ontology.json,semiconductor_bin_overlay,scsOverlay,Overlay定义,name,String,物理字段 scsOverlayName,,no_matching_swagger_schema
semiconductor_bin_overlay_ontology.json,semiconductor_bin_overlay,scsOverlay,Overlay定义,displaySequence,Integer,物理字段 DisplaySequence,,no_matching_swagger_schema
semiconductor_bin_overlay_ontology.json,semiconductor_bin_overlay,scsOverlay,Overlay定义,mapName,String,物理字段 MapName,,no_matching_swagger_schema
semiconductor_bin_overlay_ontology.json,semiconductor_bin_overlay,scsOverlay,Overlay定义,mapVersion,String,物理字段 MapVersion,,no_matching_swagger_schema
semiconductor_carrier_material_tool_ontology.json,semiconductor_carrier_material_tool,A_AttributeAccess,属性访问,notes,String,物理字段 Notes,,no_matching_swagger_schema
semiconductor_carrier_material_tool_ontology.json,semiconductor_carrier_material_tool,A_AttributeAccess,属性访问,attributeDisplayName,String,物理字段 AttributeDisplayName,,no_matching_swagger_schema
semiconductor_carrier_material_tool_ontology.json,semiconductor_carrier_material_tool,A_AttributeAccess,属性访问,setupAccess,Navigation,物理字段 SetupAccessId → A_SetupAccess,,no_matching_swagger_schema
semiconductor_carrier_material_tool_ontology.json,semiconductor_carrier_material_tool,A_AttributeAccess,属性访问,description,String,物理字段 Description,,no_matching_swagger_schema
semiconductor_carrier_material_tool_ontology.json,semiconductor_carrier_material_tool,A_AttributeAccess,属性访问,serviceName,String,物理字段 ServiceName,,no_matching_swagger_schema
semiconductor_carrier_material_tool_ontology.json,semiconductor_carrier_material_tool,A_AttributeAccess,属性访问,isFrozen,Boolean,物理字段 IsFrozen,,no_matching_swagger_schema
semiconductor_carrier_material_tool_ontology.json,semiconductor_carrier_material_tool,A_AttributeAccess,属性访问,changeHistory,Navigation,物理字段 ChangeHistoryId → ChangeStatus,,no_matching_swagger_schema
semiconductor_carrier_material_tool_ontology.json,semiconductor_carrier_material_tool,A_AttributeAccess,属性访问,iconId,Integer,物理字段 IconId,,no_matching_swagger_schema
semiconductor_carrier_material_tool_ontology.json,semiconductor_carrier_material_tool,A_AttributeAccess,属性访问,attributeField,String,物理字段 AttributeField,,no_matching_swagger_schema
semiconductor_carrier_material_tool_ontology.json,semiconductor_carrier_material_tool,A_AttributeAccess,属性访问,fieldType,String,物理字段 FieldType,,no_matching_swagger_schema
semiconductor_carrier_material_tool_ontology.json,semiconductor_carrier_material_tool,A_AttributeAccess,属性访问,attributeList,String,物理字段 AttributeList,,no_matching_swagger_schema
semiconductor_carrier_material_tool_ontology.json,semiconductor_carrier_material_tool,A_AttributeAccess,属性访问,name,String,物理字段 AttributeAccessName,,no_matching_swagger_schema
semiconductor_carrier_material_tool_ontology.json,semiconductor_carrier_material_tool,A_AttributeAccess,属性访问,filterTags,String,物理字段 FilterTags,,no_matching_swagger_schema
semiconductor_carrier_material_tool_ontology.json,semiconductor_carrier_material_tool,A_CarrierValidationSetup,载具验证配置,description,String,物理字段 Description,,no_matching_swagger_schema
semiconductor_carrier_material_tool_ontology.json,semiconductor_carrier_material_tool,A_CarrierValidationSetup,载具验证配置,wipMainTxn,Integer,物理字段 WIPMainTxn,,no_matching_swagger_schema
semiconductor_carrier_material_tool_ontology.json,semiconductor_carrier_material_tool,A_CarrierValidationSetup,载具验证配置,iconId,Integer,物理字段 IconId,,no_matching_swagger_schema
semiconductor_carrier_material_tool_ontology.json,semiconductor_carrier_material_tool,A_CarrierValidationSetup,载具验证配置,notes,String,物理字段 Notes,,no_matching_swagger_schema
semiconductor_carrier_material_tool_ontology.json,semiconductor_carrier_material_tool,A_CarrierValidationSetup,载具验证配置,isFrozen,Boolean,物理字段 IsFrozen,,no_matching_swagger_schema
semiconductor_carrier_material_tool_ontology.json,semiconductor_carrier_material_tool,A_CarrierValidationSetup,载具验证配置,setupAccess,Navigation,物理字段 SetupAccessId → A_SetupAccess,,no_matching_swagger_schema
semiconductor_carrier_material_tool_ontology.json,semiconductor_carrier_material_tool,A_CarrierValidationSetup,载具验证配置,name,String,物理字段 CarrierValidationSetupName,,no_matching_swagger_schema
semiconductor_carrier_material_tool_ontology.json,semiconductor_carrier_material_tool,A_CarrierValidationSetup,载具验证配置,isValidateAll,Boolean,物理字段 IsValidateAll,,no_matching_swagger_schema
semiconductor_carrier_material_tool_ontology.json,semiconductor_carrier_material_tool,A_CarrierValidationSetup,载具验证配置,minCarriersToValidate,Integer,物理字段 MinCarriersToValidate,,no_matching_swagger_schema
semiconductor_carrier_material_tool_ontology.json,semiconductor_carrier_material_tool,A_CarrierValidationSetup,载具验证配置,spec,Navigation,物理字段 SpecId → Spec,,no_matching_swagger_schema
semiconductor_carrier_material_tool_ontology.json,semiconductor_carrier_material_tool,A_CarrierValidationSetup,载具验证配置,changeHistory,Navigation,物理字段 ChangeHistoryId → ChangeStatus,,no_matching_swagger_schema
semiconductor_carrier_material_tool_ontology.json,semiconductor_carrier_material_tool,A_CarrierValidationSetup,载具验证配置,filterTags,String,物理字段 FilterTags,,no_matching_swagger_schema
semiconductor_carrier_material_tool_ontology.json,semiconductor_carrier_material_tool,A_CarrierValidationSetup,载具验证配置,ssWfStackSteps,String,物理字段 ss_WfStackSteps,,no_matching_swagger_schema
semiconductor_carrier_material_tool_ontology.json,semiconductor_carrier_material_tool,A_CarrierValidationSetup,载具验证配置,ssWfStackKey,String,物理字段 ss_WfStackKey,,no_matching_swagger_schema
semiconductor_carrier_material_tool_ontology.json,semiconductor_carrier_material_tool,A_CarrierValidationSetup,载具验证配置,ssWipStep,Navigation,物理字段 ss_WIPStepId → WorkflowStep,,no_matching_swagger_schema
semiconductor_carrier_material_tool_ontology.json,semiconductor_carrier_material_tool,A_CarrierValidationSetup,载具验证配置,ssWipStepMainWorkflowName,String,物理字段 ss_WIPStepMainWorkflowName,,no_matching_swagger_schema
semiconductor_carrier_material_tool_ontology.json,semiconductor_carrier_material_tool,A_CarrierValidationSetup,载具验证配置,ssWipStepWorkflow,Navigation,物理字段 ss_WIPStepWorkflowId → Workflow,,no_matching_swagger_schema
semiconductor_carrier_material_tool_ontology.json,semiconductor_carrier_material_tool,A_ModifyAttrsReason,属性修改原因,name,String,物理字段 ModifyAttrsReasonName,,no_matching_swagger_schema
semiconductor_carrier_material_tool_ontology.json,semiconductor_carrier_material_tool,A_ModifyAttrsReason,属性修改原因,notes,String,物理字段 Notes,,no_matching_swagger_schema
semiconductor_carrier_material_tool_ontology.json,semiconductor_carrier_material_tool,A_ModifyAttrsReason,属性修改原因,setupAccess,Navigation,物理字段 SetupAccessId → A_SetupAccess,,no_matching_swagger_schema
semiconductor_carrier_material_tool_ontology.json,semiconductor_carrier_material_tool,A_ModifyAttrsReason,属性修改原因,isFrozen,Boolean,物理字段 IsFrozen,,no_matching_swagger_schema
semiconductor_carrier_material_tool_ontology.json,semiconductor_carrier_material_tool,A_ModifyAttrsReason,属性修改原因,changeHistory,Navigation,物理字段 ChangeHistoryId → ChangeStatus,,no_matching_swagger_schema
semiconductor_carrier_material_tool_ontology.json,semiconductor_carrier_material_tool,A_ModifyAttrsReason,属性修改原因,iconId,Integer,物理字段 IconId,,no_matching_swagger_schema
semiconductor_carrier_material_tool_ontology.json,semiconductor_carrier_material_tool,A_ModifyAttrsReason,属性修改原因,description,String,物理字段 Description,,no_matching_swagger_schema
semiconductor_carrier_material_tool_ontology.json,semiconductor_carrier_material_tool,A_ModifyAttrsReason,属性修改原因,filterTags,String,物理字段 FilterTags,,no_matching_swagger_schema
semiconductor_carrier_material_tool_ontology.json,semiconductor_carrier_material_tool,A_ParamName,参数名称,isFrozen,Boolean,物理字段 IsFrozen,,no_matching_swagger_schema
semiconductor_carrier_material_tool_ontology.json,semiconductor_carrier_material_tool,A_ParamName,参数名称,name,String,物理字段 ParamNameName,,no_matching_swagger_schema
semiconductor_carrier_material_tool_ontology.json,semiconductor_carrier_material_tool,A_ParamName,参数名称,requireSetupCorrelation,Boolean,物理字段 RequireSetupCorrelation,,no_matching_swagger_schema
semiconductor_carrier_material_tool_ontology.json,semiconductor_carrier_material_tool,A_ParamName,参数名称,changeHistory,Navigation,物理字段 ChangeHistoryId → ChangeStatus,,no_matching_swagger_schema
semiconductor_carrier_material_tool_ontology.json,semiconductor_carrier_material_tool,A_ParamName,参数名称,iconId,Integer,物理字段 IconId,,no_matching_swagger_schema
semiconductor_carrier_material_tool_ontology.json,semiconductor_carrier_material_tool,A_ParamName,参数名称,ssDefaultValue,String,物理字段 ss_DefaultValue,,no_matching_swagger_schema
semiconductor_carrier_material_tool_ontology.json,semiconductor_carrier_material_tool,A_ParamName,参数名称,ssIsDynamicValue,Boolean,物理字段 ss_IsDynamicValue,,no_matching_swagger_schema
semiconductor_carrier_material_tool_ontology.json,semiconductor_carrier_material_tool,A_ParamName,参数名称,filterTags,String,物理字段 FilterTags,,no_matching_swagger_schema
semiconductor_carrier_material_tool_ontology.json,semiconductor_carrier_material_tool,A_ParamName,参数名称,notes,String,物理字段 Notes,,no_matching_swagger_schema
semiconductor_carrier_material_tool_ontology.json,semiconductor_carrier_material_tool,A_ParamName,参数名称,setupAccess,Navigation,物理字段 SetupAccessId → A_SetupAccess,,no_matching_swagger_schema
semiconductor_carrier_material_tool_ontology.json,semiconductor_carrier_material_tool,A_ParamName,参数名称,description,String,物理字段 Description,,no_matching_swagger_schema
semiconductor_carrier_material_tool_ontology.json,semiconductor_carrier_material_tool,A_ProcessData,工艺数据,notes,String,物理字段 Notes,,no_matching_swagger_schema
semiconductor_carrier_material_tool_ontology.json,semiconductor_carrier_material_tool,A_ProcessData,工艺数据,setupAccess,Navigation,物理字段 SetupAccessId → A_SetupAccess,,no_matching_swagger_schema
semiconductor_carrier_material_tool_ontology.json,semiconductor_carrier_material_tool,A_ProcessData,工艺数据,isFrozen,Boolean,物理字段 IsFrozen,,no_matching_swagger_schema
semiconductor_carrier_material_tool_ontology.json,semiconductor_carrier_material_tool,A_ProcessData,工艺数据,name,String,物理字段 ProcessDataName,,no_matching_swagger_schema
semiconductor_carrier_material_tool_ontology.json,semiconductor_carrier_material_tool,A_ProcessData,工艺数据,changeHistory,Navigation,物理字段 ChangeHistoryId → ChangeStatus,,no_matching_swagger_schema
semiconductor_carrier_material_tool_ontology.json,semiconductor_carrier_material_tool,A_ProcessData,工艺数据,iconId,Integer,物理字段 IconId,,no_matching_swagger_schema
semiconductor_carrier_material_tool_ontology.json,semiconductor_carrier_material_tool,A_ProcessData,工艺数据,description,String,物理字段 Description,,no_matching_swagger_schema
semiconductor_carrier_material_tool_ontology.json,semiconductor_carrier_material_tool,A_ProcessData,工艺数据,filterTags,String,物理字段 FilterTags,,no_matching_swagger_schema
semiconductor_carrier_material_tool_ontology.json,semiconductor_carrier_material_tool,A_ProductBOM,半导体产品BOM,productBomBase,Navigation,物理字段 ProductBOMBaseId → A_ProductBOMBase,,no_matching_swagger_schema
semiconductor_carrier_material_tool_ontology.json,semiconductor_carrier_material_tool,A_ProductBOM,半导体产品BOM,wipMsgDefMgr,Navigation,物理字段 WIPMsgDefMgrId → WIPMsgDefMgr,,no_matching_swagger_schema
semiconductor_carrier_material_tool_ontology.json,semiconductor_carrier_material_tool,A_ProductBOM,半导体产品BOM,billType,Navigation,物理字段 BillTypeId → BillType,,no_matching_swagger_schema
semiconductor_carrier_material_tool_ontology.json,semiconductor_carrier_material_tool,A_ProductBOM,半导体产品BOM,status,Integer,物理字段 Status,,no_matching_swagger_schema
semiconductor_carrier_material_tool_ontology.json,semiconductor_carrier_material_tool,A_ProductBOM,半导体产品BOM,revision,String,物理字段 Revision,,no_matching_swagger_schema
semiconductor_carrier_material_tool_ontology.json,semiconductor_carrier_material_tool,A_ProductBOM,半导体产品BOM,isFrozen,Boolean,物理字段 IsFrozen,,no_matching_swagger_schema
semiconductor_carrier_material_tool_ontology.json,semiconductor_carrier_material_tool,A_ProductBOM,半导体产品BOM,iconId,Integer,物理字段 IconId,,no_matching_swagger_schema
semiconductor_carrier_material_tool_ontology.json,semiconductor_carrier_material_tool,A_ProductBOM,半导体产品BOM,description,String,物理字段 Description,,no_matching_swagger_schema
semiconductor_carrier_material_tool_ontology.json,semiconductor_carrier_material_tool,A_ProductBOM,半导体产品BOM,changeHistory,Navigation,物理字段 ChangeHistoryId → ChangeStatus,,no_matching_swagger_schema
semiconductor_carrier_material_tool_ontology.json,semiconductor_carrier_material_tool,A_ProductBOM,半导体产品BOM,eco,String,物理字段 ECO,,no_matching_swagger_schema
semiconductor_carrier_material_tool_ontology.json,semiconductor_carrier_material_tool,A_ProductBOM,半导体产品BOM,packingType,Navigation,物理字段 PackingTypeId → A_PackingType,,no_matching_swagger_schema
semiconductor_carrier_material_tool_ontology.json,semiconductor_carrier_material_tool,A_ProductBOM,半导体产品BOM,notes,String,物理字段 Notes,,no_matching_swagger_schema
semiconductor_carrier_material_tool_ontology.json,semiconductor_carrier_material_tool,A_ProductBOM,半导体产品BOM,setupAccess,Navigation,物理字段 SetupAccessId → A_SetupAccess,,no_matching_swagger_schema
semiconductor_carrier_material_tool_ontology.json,semiconductor_carrier_material_tool,A_ProductBOM,半导体产品BOM,ssStep,Navigation,物理字段 ss_StepId → WorkflowStep,,no_matching_swagger_schema
semiconductor_carrier_material_tool_ontology.json,semiconductor_carrier_material_tool,A_ProductBOM,半导体产品BOM,filterTags,String,物理字段 FilterTags,,no_matching_swagger_schema
semiconductor_carrier_material_tool_ontology.json,semiconductor_carrier_material_tool,A_ResourceIcon,资源图标,iconId,Integer,物理字段 IconId,,no_matching_swagger_schema
semiconductor_carrier_material_tool_ontology.json,semiconductor_carrier_material_tool,A_ResourceIcon,资源图标,notes,String,物理字段 Notes,,no_matching_swagger_schema
semiconductor_carrier_material_tool_ontology.json,semiconductor_carrier_material_tool,A_ResourceIcon,资源图标,iconFilename,String,物理字段 IconFilename,,no_matching_swagger_schema
semiconductor_carrier_material_tool_ontology.json,semiconductor_carrier_material_tool,A_ResourceIcon,资源图标,isFrozen,Boolean,物理字段 IsFrozen,,no_matching_swagger_schema
semiconductor_carrier_material_tool_ontology.json,semiconductor_carrier_material_tool,A_ResourceIcon,资源图标,changeHistory,Navigation,物理字段 ChangeHistoryId → ChangeStatus,,no_matching_swagger_schema
semiconductor_carrier_material_tool_ontology.json,semiconductor_carrier_material_tool,A_ResourceIcon,资源图标,description,String,物理字段 Description,,no_matching_swagger_schema
semiconductor_carrier_material_tool_ontology.json,semiconductor_carrier_material_tool,A_ResourceIcon,资源图标,iconHeight,Integer,物理字段 IconHeight,,no_matching_swagger_schema
semiconductor_carrier_material_tool_ontology.json,semiconductor_carrier_material_tool,A_ResourceIcon,资源图标,iconWidth,Integer,物理字段 IconWidth,,no_matching_swagger_schema
semiconductor_carrier_material_tool_ontology.json,semiconductor_carrier_material_tool,A_ResourceIcon,资源图标,setupAccess,Navigation,物理字段 SetupAccessId → A_SetupAccess,,no_matching_swagger_schema
semiconductor_carrier_material_tool_ontology.json,semiconductor_carrier_material_tool,A_ResourceIcon,资源图标,name,String,物理字段 ResourceIconName,,no_matching_swagger_schema
semiconductor_carrier_material_tool_ontology.json,semiconductor_carrier_material_tool,A_ResourceIcon,资源图标,filterTags,String,物理字段 FilterTags,,no_matching_swagger_schema
semiconductor_carrier_material_tool_ontology.json,semiconductor_carrier_material_tool,A_ToolPlanMatrix,工装计划矩阵,name,String,物理字段 ToolPlanMatrixName,,no_matching_swagger_schema
semiconductor_carrier_material_tool_ontology.json,semiconductor_carrier_material_tool,A_ToolPlanMatrix,工装计划矩阵,iconId,Integer,物理字段 IconId,,no_matching_swagger_schema
semiconductor_carrier_material_tool_ontology.json,semiconductor_carrier_material_tool,A_ToolPlanMatrix,工装计划矩阵,changeHistory,Navigation,物理字段 ChangeHistoryId → ChangeStatus,,no_matching_swagger_schema
semiconductor_carrier_material_tool_ontology.json,semiconductor_carrier_material_tool,A_ToolPlanMatrix,工装计划矩阵,notes,String,物理字段 Notes,,no_matching_swagger_schema
semiconductor_carrier_material_tool_ontology.json,semiconductor_carrier_material_tool,A_ToolPlanMatrix,工装计划矩阵,toolPlan,Navigation,物理字段 ToolPlanId → A_ToolPlan,,no_matching_swagger_schema
semiconductor_carrier_material_tool_ontology.json,semiconductor_carrier_material_tool,A_ToolPlanMatrix,工装计划矩阵,description,String,物理字段 Description,,no_matching_swagger_schema
semiconductor_carrier_material_tool_ontology.json,semiconductor_carrier_material_tool,A_ToolPlanMatrix,工装计划矩阵,setupAccess,Navigation,物理字段 SetupAccessId → A_SetupAccess,,no_matching_swagger_schema
semiconductor_carrier_material_tool_ontology.json,semiconductor_carrier_material_tool,A_ToolPlanMatrix,工装计划矩阵,equipment,Navigation,物理字段 EquipmentId → ResourceDef,,no_matching_swagger_schema
semiconductor_carrier_material_tool_ontology.json,semiconductor_carrier_material_tool,A_ToolPlanMatrix,工装计划矩阵,equipmentFamily,Navigation,物理字段 EquipmentFamilyId → ResourceFamily,,no_matching_swagger_schema
semiconductor_carrier_material_tool_ontology.json,semiconductor_carrier_material_tool,A_ToolPlanMatrix,工装计划矩阵,isFrozen,Boolean,物理字段 IsFrozen,,no_matching_swagger_schema
semiconductor_carrier_material_tool_ontology.json,semiconductor_carrier_material_tool,A_ToolPlanMatrix,工装计划矩阵,owner,Navigation,物理字段 OwnerId → Owner,,no_matching_swagger_schema
semiconductor_carrier_material_tool_ontology.json,semiconductor_carrier_material_tool,A_ToolPlanMatrix,工装计划矩阵,filterTags,String,物理字段 FilterTags,,no_matching_swagger_schema
semiconductor_carrier_material_tool_ontology.json,semiconductor_carrier_material_tool,A_ToolPlanMatrix,工装计划矩阵,ssWfStackKey,String,物理字段 ss_WfStackKey,,no_matching_swagger_schema
semiconductor_carrier_material_tool_ontology.json,semiconductor_carrier_material_tool,A_ToolPlanMatrix,工装计划矩阵,ssWfStackSteps,String,物理字段 ss_WfStackSteps,,no_matching_swagger_schema
semiconductor_carrier_material_tool_ontology.json,semiconductor_carrier_material_tool,A_ToolPlanMatrix,工装计划矩阵,ssWipStepWorkflow,Navigation,物理字段 ss_WIPStepWorkflowId → Workflow,,no_matching_swagger_schema
semiconductor_carrier_material_tool_ontology.json,semiconductor_carrier_material_tool,A_ToolPlanMatrix,工装计划矩阵,ssWipStep,Navigation,物理字段 ss_WIPStepId → WorkflowStep,,no_matching_swagger_schema
semiconductor_carrier_material_tool_ontology.json,semiconductor_carrier_material_tool,A_ToolPlanMatrix,工装计划矩阵,ssWipStepMainWorkflowName,String,物理字段 ss_WIPStepMainWorkflowName,,no_matching_swagger_schema
semiconductor_carrier_material_tool_ontology.json,semiconductor_carrier_material_tool,A_ToolPlanMatrix,工装计划矩阵,productBase,Integer,物理字段 ProductBaseId,,no_matching_swagger_schema
semiconductor_carrier_material_tool_ontology.json,semiconductor_carrier_material_tool,A_ToolPlanMatrix,工装计划矩阵,specBase,Integer,物理字段 SpecBaseId,,no_matching_swagger_schema
semiconductor_carrier_material_tool_ontology.json,semiconductor_carrier_material_tool,A_ToolPlanMatrix,工装计划矩阵,processSpecBase,Integer,物理字段 ProcessSpecBaseId,,no_matching_swagger_schema
semiconductor_carrier_material_tool_ontology.json,semiconductor_carrier_material_tool,A_ToolPlanMatrix,工装计划矩阵,product,Navigation,物理字段 ProductId → Product,,no_matching_swagger_schema
semiconductor_carrier_material_tool_ontology.json,semiconductor_carrier_material_tool,A_ToolPlanMatrix,工装计划矩阵,processSpec,Navigation,物理字段 ProcessSpecId → A_ProcessSpec,,no_matching_swagger_schema
semiconductor_carrier_material_tool_ontology.json,semiconductor_carrier_material_tool,A_ToolPlanMatrix,工装计划矩阵,spec,Navigation,物理字段 SpecId → Spec,,no_matching_swagger_schema
semiconductor_carrier_material_tool_ontology.json,semiconductor_carrier_material_tool,scsCarrierFamilyMatrix,载具家族矩阵,scsInnerInputCarrierFamily,Navigation,物理字段 scsInnerInputCarrierFamilyId → ResourceFamily,,no_matching_swagger_schema
semiconductor_carrier_material_tool_ontology.json,semiconductor_carrier_material_tool,scsCarrierFamilyMatrix,载具家族矩阵,scsInnerOutputCarrierFamily,Navigation,物理字段 scsInnerOutputCarrierFamilyId → ResourceFamily,,no_matching_swagger_schema
semiconductor_carrier_material_tool_ontology.json,semiconductor_carrier_material_tool,scsCarrierFamilyMatrix,载具家族矩阵,scsWipStep,Navigation,物理字段 scsWIPStepId → WorkflowStep,,no_matching_swagger_schema
semiconductor_carrier_material_tool_ontology.json,semiconductor_carrier_material_tool,scsCarrierFamilyMatrix,载具家族矩阵,scsWipStepMainWorkflowName,String,物理字段 scsWIPStepMainWorkflowName,,no_matching_swagger_schema
semiconductor_carrier_material_tool_ontology.json,semiconductor_carrier_material_tool,scsCarrierFamilyMatrix,载具家族矩阵,scsWipStepWorkflow,Navigation,物理字段 scsWIPStepWorkflowId → Workflow,,no_matching_swagger_schema
semiconductor_carrier_material_tool_ontology.json,semiconductor_carrier_material_tool,scsCarrierFamilyMatrix,载具家族矩阵,scsInputCarrierFamily,Navigation,物理字段 scsInputCarrierFamilyId → ResourceFamily,,no_matching_swagger_schema
semiconductor_carrier_material_tool_ontology.json,semiconductor_carrier_material_tool,scsCarrierFamilyMatrix,载具家族矩阵,scsOutputCarrierFamily,Navigation,物理字段 scsOutputCarrierFamilyId → ResourceFamily,,no_matching_swagger_schema
semiconductor_carrier_material_tool_ontology.json,semiconductor_carrier_material_tool,scsCarrierFamilyMatrix,载具家族矩阵,scsSpec,Navigation,物理字段 scsSpecId → Spec,,no_matching_swagger_schema
semiconductor_carrier_material_tool_ontology.json,semiconductor_carrier_material_tool,scsCarrierFamilyMatrix,载具家族矩阵,scsWfStackSteps,String,物理字段 scsWfStackSteps,,no_matching_swagger_schema
semiconductor_carrier_material_tool_ontology.json,semiconductor_carrier_material_tool,scsCarrierFamilyMatrix,载具家族矩阵,name,String,物理字段 scsCarrierFamilyMatrixName,,no_matching_swagger_schema
semiconductor_carrier_material_tool_ontology.json,semiconductor_carrier_material_tool,scsCarrierFamilyMatrix,载具家族矩阵,filterTags,String,物理字段 FilterTags,,no_matching_swagger_schema
semiconductor_carrier_material_tool_ontology.json,semiconductor_carrier_material_tool,scsCarrierFamilyMatrix,载具家族矩阵,notes,String,物理字段 Notes,,no_matching_swagger_schema
semiconductor_carrier_material_tool_ontology.json,semiconductor_carrier_material_tool,scsCarrierFamilyMatrix,载具家族矩阵,changeHistory,Navigation,物理字段 ChangeHistoryId → ChangeStatus,,no_matching_swagger_schema
semiconductor_carrier_material_tool_ontology.json,semiconductor_carrier_material_tool,scsCarrierFamilyMatrix,载具家族矩阵,description,String,物理字段 Description,,no_matching_swagger_schema
semiconductor_carrier_material_tool_ontology.json,semiconductor_carrier_material_tool,scsCarrierFamilyMatrix,载具家族矩阵,iconId,Integer,物理字段 IconId,,no_matching_swagger_schema
semiconductor_carrier_material_tool_ontology.json,semiconductor_carrier_material_tool,scsCarrierFamilyMatrix,载具家族矩阵,setupAccess,Navigation,物理字段 SetupAccessId → A_SetupAccess,,no_matching_swagger_schema
semiconductor_carrier_material_tool_ontology.json,semiconductor_carrier_material_tool,scsCarrierFamilyMatrix,载具家族矩阵,scsEquipment,Navigation,物理字段 scsEquipmentId → ResourceDef,,no_matching_swagger_schema
semiconductor_carrier_material_tool_ontology.json,semiconductor_carrier_material_tool,scsCarrierFamilyMatrix,载具家族矩阵,scsEquipmentFamily,Navigation,物理字段 scsEquipmentFamilyId → ResourceFamily,,no_matching_swagger_schema
semiconductor_carrier_material_tool_ontology.json,semiconductor_carrier_material_tool,scsCarrierFamilyMatrix,载具家族矩阵,scsProcessSpec,Navigation,物理字段 scsProcessSpecId → A_ProcessSpec,,no_matching_swagger_schema
semiconductor_carrier_material_tool_ontology.json,semiconductor_carrier_material_tool,scsCarrierFamilyMatrix,载具家族矩阵,scsProcessType,Navigation,物理字段 scsProcessTypeId → A_ProcessType,,no_matching_swagger_schema
semiconductor_carrier_material_tool_ontology.json,semiconductor_carrier_material_tool,scsCarrierFamilyMatrix,载具家族矩阵,scsProduct,Navigation,物理字段 scsProductId → Product,,no_matching_swagger_schema
semiconductor_carrier_material_tool_ontology.json,semiconductor_carrier_material_tool,scsCarrierFamilyMatrix,载具家族矩阵,scsProductLine,Navigation,物理字段 scsProductLineId → A_ProductLine,,no_matching_swagger_schema
semiconductor_carrier_material_tool_ontology.json,semiconductor_carrier_material_tool,scsCarrierFamilyMatrix,载具家族矩阵,isFrozen,Boolean,物理字段 IsFrozen,,no_matching_swagger_schema
semiconductor_carrier_material_tool_ontology.json,semiconductor_carrier_material_tool,scsCarrierFamilyMatrix,载具家族矩阵,scsWfStackKey,String,物理字段 scsWfStackKey,,no_matching_swagger_schema
semiconductor_carrier_material_tool_ontology.json,semiconductor_carrier_material_tool,ss_ContainerDimension,容器尺寸,xDimension,Integer,物理字段 XDimension,,no_matching_swagger_schema
semiconductor_carrier_material_tool_ontology.json,semiconductor_carrier_material_tool,ss_ContainerDimension,容器尺寸,changeHistory,Navigation,物理字段 ChangeHistoryId → ChangeStatus,,no_matching_swagger_schema
semiconductor_carrier_material_tool_ontology.json,semiconductor_carrier_material_tool,ss_ContainerDimension,容器尺寸,yDimension,Integer,物理字段 YDimension,,no_matching_swagger_schema
semiconductor_carrier_material_tool_ontology.json,semiconductor_carrier_material_tool,ss_ContainerDimension,容器尺寸,name,String,物理字段 ss_ContainerDimensionName,,no_matching_swagger_schema
semiconductor_carrier_material_tool_ontology.json,semiconductor_carrier_material_tool,ss_ContainerDimension,容器尺寸,setupAccess,Navigation,物理字段 SetupAccessId → A_SetupAccess,,no_matching_swagger_schema
semiconductor_carrier_material_tool_ontology.json,semiconductor_carrier_material_tool,ss_ContainerDimension,容器尺寸,isFrozen,Boolean,物理字段 IsFrozen,,no_matching_swagger_schema
semiconductor_carrier_material_tool_ontology.json,semiconductor_carrier_material_tool,ss_ContainerDimension,容器尺寸,description,String,物理字段 Description,,no_matching_swagger_schema
semiconductor_carrier_material_tool_ontology.json,semiconductor_carrier_material_tool,ss_ContainerDimension,容器尺寸,notes,String,物理字段 Notes,,no_matching_swagger_schema
semiconductor_carrier_material_tool_ontology.json,semiconductor_carrier_material_tool,ss_ContainerDimension,容器尺寸,startingXy,Integer,物理字段 StartingXY,,no_matching_swagger_schema
semiconductor_carrier_material_tool_ontology.json,semiconductor_carrier_material_tool,ss_ContainerDimension,容器尺寸,filterTags,String,物理字段 FilterTags,,no_matching_swagger_schema
semiconductor_carrier_material_tool_ontology.json,semiconductor_carrier_material_tool,ss_ContainerDimension,容器尺寸,iconId,Integer,物理字段 IconId,,no_matching_swagger_schema
semiconductor_carrier_material_tool_ontology.json,semiconductor_carrier_material_tool,ss_FeederPlan,供料器计划,filterTags,String,物理字段 FilterTags,,no_matching_swagger_schema
semiconductor_carrier_material_tool_ontology.json,semiconductor_carrier_material_tool,ss_FeederPlan,供料器计划,eco,String,物理字段 ECO,,no_matching_swagger_schema
semiconductor_carrier_material_tool_ontology.json,semiconductor_carrier_material_tool,ss_FeederPlan,供料器计划,description,String,物理字段 Description,,no_matching_swagger_schema
semiconductor_carrier_material_tool_ontology.json,semiconductor_carrier_material_tool,ss_FeederPlan,供料器计划,setupAccess,Navigation,物理字段 SetupAccessId → A_SetupAccess,,no_matching_swagger_schema
semiconductor_carrier_material_tool_ontology.json,semiconductor_carrier_material_tool,ss_FeederPlan,供料器计划,wipMsgDefMgr,Navigation,物理字段 WIPMsgDefMgrId → WIPMsgDefMgr,,no_matching_swagger_schema
semiconductor_carrier_material_tool_ontology.json,semiconductor_carrier_material_tool,ss_FeederPlan,供料器计划,status,Integer,物理字段 Status,,no_matching_swagger_schema
semiconductor_carrier_material_tool_ontology.json,semiconductor_carrier_material_tool,ss_FeederPlan,供料器计划,revision,String,物理字段 Revision,,no_matching_swagger_schema
semiconductor_carrier_material_tool_ontology.json,semiconductor_carrier_material_tool,ss_FeederPlan,供料器计划,iconId,Integer,物理字段 IconId,,no_matching_swagger_schema
semiconductor_carrier_material_tool_ontology.json,semiconductor_carrier_material_tool,ss_FeederPlan,供料器计划,changeHistory,Navigation,物理字段 ChangeHistoryId → ChangeStatus,,no_matching_swagger_schema
semiconductor_carrier_material_tool_ontology.json,semiconductor_carrier_material_tool,ss_FeederPlan,供料器计划,notes,String,物理字段 Notes,,no_matching_swagger_schema
semiconductor_carrier_material_tool_ontology.json,semiconductor_carrier_material_tool,ss_FeederPlan,供料器计划,isFrozen,Boolean,物理字段 IsFrozen,,no_matching_swagger_schema
semiconductor_carrier_material_tool_ontology.json,semiconductor_carrier_material_tool,ss_FeederPlan,供料器计划,ssFeederPlanBase,Navigation,物理字段 ss_FeederPlanBaseId → ss_FeederPlanBase,,no_matching_swagger_schema
semiconductor_carrier_material_tool_ontology.json,semiconductor_carrier_material_tool,ss_FeederSlot,供料器槽位,filterTags,String,物理字段 FilterTags,,no_matching_swagger_schema
semiconductor_carrier_material_tool_ontology.json,semiconductor_carrier_material_tool,ss_FeederSlot,供料器槽位,changeHistory,Navigation,物理字段 ChangeHistoryId → ChangeStatus,,no_matching_swagger_schema
semiconductor_carrier_material_tool_ontology.json,semiconductor_carrier_material_tool,ss_FeederSlot,供料器槽位,description,String,物理字段 Description,,no_matching_swagger_schema
semiconductor_carrier_material_tool_ontology.json,semiconductor_carrier_material_tool,ss_FeederSlot,供料器槽位,isFrozen,Boolean,物理字段 IsFrozen,,no_matching_swagger_schema
semiconductor_carrier_material_tool_ontology.json,semiconductor_carrier_material_tool,ss_FeederSlot,供料器槽位,setupAccess,Navigation,物理字段 SetupAccessId → A_SetupAccess,,no_matching_swagger_schema
semiconductor_carrier_material_tool_ontology.json,semiconductor_carrier_material_tool,ss_FeederSlot,供料器槽位,iconId,Integer,物理字段 IconId,,no_matching_swagger_schema
semiconductor_carrier_material_tool_ontology.json,semiconductor_carrier_material_tool,ss_FeederSlot,供料器槽位,notes,String,物理字段 Notes,,no_matching_swagger_schema
semiconductor_carrier_material_tool_ontology.json,semiconductor_carrier_material_tool,ss_FeederSlot,供料器槽位,name,String,物理字段 ss_FeederSlotName,,no_matching_swagger_schema
semiconductor_carrier_material_tool_ontology.json,semiconductor_carrier_material_tool,ss_ParameterMatrix,参数矩阵,ssProcessSpec,Navigation,物理字段 ss_ProcessSpecId → A_ProcessSpec,,no_matching_swagger_schema
semiconductor_carrier_material_tool_ontology.json,semiconductor_carrier_material_tool,ss_ParameterMatrix,参数矩阵,ssOwner,Navigation,物理字段 ss_OwnerId → Owner,,no_matching_swagger_schema
semiconductor_carrier_material_tool_ontology.json,semiconductor_carrier_material_tool,ss_ParameterMatrix,参数矩阵,iconId,Integer,物理字段 IconId,,no_matching_swagger_schema
semiconductor_carrier_material_tool_ontology.json,semiconductor_carrier_material_tool,ss_ParameterMatrix,参数矩阵,isFrozen,Boolean,物理字段 IsFrozen,,no_matching_swagger_schema
semiconductor_carrier_material_tool_ontology.json,semiconductor_carrier_material_tool,ss_ParameterMatrix,参数矩阵,setupAccess,Navigation,物理字段 SetupAccessId → A_SetupAccess,,no_matching_swagger_schema
semiconductor_carrier_material_tool_ontology.json,semiconductor_carrier_material_tool,ss_ParameterMatrix,参数矩阵,ssProduct,Navigation,物理字段 ss_ProductId → Product,,no_matching_swagger_schema
semiconductor_carrier_material_tool_ontology.json,semiconductor_carrier_material_tool,ss_ParameterMatrix,参数矩阵,changeHistory,Navigation,物理字段 ChangeHistoryId → ChangeStatus,,no_matching_swagger_schema
semiconductor_carrier_material_tool_ontology.json,semiconductor_carrier_material_tool,ss_ParameterMatrix,参数矩阵,ssSpec,Navigation,物理字段 ss_SpecId → Spec,,no_matching_swagger_schema
semiconductor_carrier_material_tool_ontology.json,semiconductor_carrier_material_tool,ss_ParameterMatrix,参数矩阵,notes,String,物理字段 Notes,,no_matching_swagger_schema
semiconductor_carrier_material_tool_ontology.json,semiconductor_carrier_material_tool,ss_ParameterMatrix,参数矩阵,ssProductLine,Navigation,物理字段 ss_ProductLineId → A_ProductLine,,no_matching_swagger_schema
semiconductor_carrier_material_tool_ontology.json,semiconductor_carrier_material_tool,ss_ParameterMatrix,参数矩阵,description,String,物理字段 Description,,no_matching_swagger_schema
semiconductor_carrier_material_tool_ontology.json,semiconductor_carrier_material_tool,ss_ParameterMatrix,参数矩阵,name,String,物理字段 ss_ParameterMatrixName,,no_matching_swagger_schema
semiconductor_carrier_material_tool_ontology.json,semiconductor_carrier_material_tool,ss_ParameterMatrix,参数矩阵,filterTags,String,物理字段 FilterTags,,no_matching_swagger_schema
semiconductor_carrier_material_tool_ontology.json,semiconductor_carrier_material_tool,ss_ParameterMatrix,参数矩阵,ssWipStepMainWorkflowName,String,物理字段 ss_WIPStepMainWorkflowName,,no_matching_swagger_schema
semiconductor_carrier_material_tool_ontology.json,semiconductor_carrier_material_tool,ss_ParameterMatrix,参数矩阵,ssWipStep,Navigation,物理字段 ss_WIPStepId → WorkflowStep,,no_matching_swagger_schema
semiconductor_carrier_material_tool_ontology.json,semiconductor_carrier_material_tool,ss_ParameterMatrix,参数矩阵,ssWfStackSteps,String,物理字段 ss_WfStackSteps,,no_matching_swagger_schema
semiconductor_carrier_material_tool_ontology.json,semiconductor_carrier_material_tool,ss_ParameterMatrix,参数矩阵,ssWipStepWorkflow,Navigation,物理字段 ss_WIPStepWorkflowId → Workflow,,no_matching_swagger_schema
semiconductor_carrier_material_tool_ontology.json,semiconductor_carrier_material_tool,ss_ParameterMatrix,参数矩阵,ssWfStackKey,String,物理字段 ss_WfStackKey,,no_matching_swagger_schema
semiconductor_carrier_material_tool_ontology.json,semiconductor_carrier_material_tool,ss_ToolAction,工装动作,ssIsClearReserveEquip,Boolean,物理字段 ss_IsClearReserveEquip,,no_matching_swagger_schema
semiconductor_carrier_material_tool_ontology.json,semiconductor_carrier_material_tool,ss_ToolAction,工装动作,ssDefaultLoc,Navigation,物理字段 ss_DefaultLocId → A_PhysicalLocation,,no_matching_swagger_schema
semiconductor_carrier_material_tool_ontology.json,semiconductor_carrier_material_tool,ss_ToolAction,工装动作,ssIsSetReserveEquip,Boolean,物理字段 ss_IsSetReserveEquip,,no_matching_swagger_schema
semiconductor_carrier_material_tool_ontology.json,semiconductor_carrier_material_tool,ss_ToolAction,工装动作,ssIsClearReserveEmp,Boolean,物理字段 ss_IsClearReserveEmp,,no_matching_swagger_schema
semiconductor_carrier_material_tool_ontology.json,semiconductor_carrier_material_tool,ss_ToolAction,工装动作,ssIsClearLocation,Boolean,物理字段 ss_IsClearLocation,,no_matching_swagger_schema
semiconductor_carrier_material_tool_ontology.json,semiconductor_carrier_material_tool,ss_ToolAction,工装动作,isFrozen,Boolean,物理字段 IsFrozen,,no_matching_swagger_schema
semiconductor_carrier_material_tool_ontology.json,semiconductor_carrier_material_tool,ss_ToolAction,工装动作,ssIsSetLocation,Boolean,物理字段 ss_IsSetLocation,,no_matching_swagger_schema
semiconductor_carrier_material_tool_ontology.json,semiconductor_carrier_material_tool,ss_ToolAction,工装动作,description,String,物理字段 Description,,no_matching_swagger_schema
semiconductor_carrier_material_tool_ontology.json,semiconductor_carrier_material_tool,ss_ToolAction,工装动作,setupAccess,Navigation,物理字段 SetupAccessId → A_SetupAccess,,no_matching_swagger_schema
semiconductor_carrier_material_tool_ontology.json,semiconductor_carrier_material_tool,ss_ToolAction,工装动作,ssToStatus,Navigation,物理字段 ss_ToStatusId → ResourceStatusCode,,no_matching_swagger_schema
semiconductor_carrier_material_tool_ontology.json,semiconductor_carrier_material_tool,ss_ToolAction,工装动作,iconId,Integer,物理字段 IconId,,no_matching_swagger_schema
semiconductor_carrier_material_tool_ontology.json,semiconductor_carrier_material_tool,ss_ToolAction,工装动作,notes,String,物理字段 Notes,,no_matching_swagger_schema
semiconductor_carrier_material_tool_ontology.json,semiconductor_carrier_material_tool,ss_ToolAction,工装动作,ssIsSetReserveEmp,Boolean,物理字段 ss_IsSetReserveEmp,,no_matching_swagger_schema
semiconductor_carrier_material_tool_ontology.json,semiconductor_carrier_material_tool,ss_ToolAction,工装动作,changeHistory,Navigation,物理字段 ChangeHistoryId → ChangeStatus,,no_matching_swagger_schema
semiconductor_carrier_material_tool_ontology.json,semiconductor_carrier_material_tool,ss_ToolAction,工装动作,name,String,物理字段 ss_ToolActionName,,no_matching_swagger_schema
semiconductor_carrier_material_tool_ontology.json,semiconductor_carrier_material_tool,ss_ToolAction,工装动作,filterTags,String,物理字段 FilterTags,,no_matching_swagger_schema
semiconductor_cio_bases_ontology.json,semiconductor_cio_bases,A_ExperimentPlanBase,实验计划Base,revOfRcd,Navigation,物理字段 RevOfRcdId → A_ExperimentPlan,,no_matching_swagger_schema
semiconductor_cio_bases_ontology.json,semiconductor_cio_bases,A_ExperimentPlanBase,实验计划Base,name,String,物理字段 ExperimentPlanName,,no_matching_swagger_schema
semiconductor_cio_bases_ontology.json,semiconductor_cio_bases,A_ExperimentPlanBase,实验计划Base,iconId,Integer,物理字段 IconId,,no_matching_swagger_schema
semiconductor_cio_bases_ontology.json,semiconductor_cio_bases,A_ProcessSpecBase,工艺规格Base,iconId,Integer,物理字段 IconId,,no_matching_swagger_schema
semiconductor_cio_bases_ontology.json,semiconductor_cio_bases,A_ProcessSpecBase,工艺规格Base,name,String,物理字段 ProcessSpecName,,no_matching_swagger_schema
semiconductor_cio_bases_ontology.json,semiconductor_cio_bases,A_ProcessSpecBase,工艺规格Base,revOfRcd,Navigation,物理字段 RevOfRcdId → A_ProcessSpec,,no_matching_swagger_schema
semiconductor_cio_bases_ontology.json,semiconductor_cio_bases,A_ProcessSpecBase,工艺规格Base,revOfRcdBase,Integer,物理字段 RevOfRcdBaseId,,no_matching_swagger_schema
semiconductor_cio_bases_ontology.json,semiconductor_cio_bases,A_ProductBOMBase,产品BOM Base,name,String,物理字段 ProductBOMName,,no_matching_swagger_schema
semiconductor_cio_bases_ontology.json,semiconductor_cio_bases,A_ProductBOMBase,产品BOM Base,revOfRcd,Navigation,物理字段 RevOfRcdId → A_ProductBOM,,no_matching_swagger_schema
semiconductor_cio_bases_ontology.json,semiconductor_cio_bases,A_ProductBOMBase,产品BOM Base,iconId,Integer,物理字段 IconId,,no_matching_swagger_schema
semiconductor_cio_bases_ontology.json,semiconductor_cio_bases,ss_FeederPlanBase,供料器计划Base,iconId,Integer,物理字段 IconId,,no_matching_swagger_schema
semiconductor_cio_bases_ontology.json,semiconductor_cio_bases,ss_FeederPlanBase,供料器计划Base,ssFeederPlanName,String,物理字段 ss_FeederPlanName,,no_matching_swagger_schema
semiconductor_cio_bases_ontology.json,semiconductor_cio_bases,ss_FeederPlanBase,供料器计划Base,revOfRcd,Navigation,物理字段 RevOfRcdId → ss_FeederPlan,,no_matching_swagger_schema
semiconductor_cio_bases_ontology.json,semiconductor_cio_bases,ss_SurveillanceBase,过程监控Base,revOfRcd,Navigation,物理字段 RevOfRcdId → ss_Surveillance,,no_matching_swagger_schema
semiconductor_cio_bases_ontology.json,semiconductor_cio_bases,ss_SurveillanceBase,过程监控Base,ssSurveillanceName,String,物理字段 ss_SurveillanceName,,no_matching_swagger_schema
semiconductor_cio_bases_ontology.json,semiconductor_cio_bases,ss_SurveillanceBase,过程监控Base,iconId,Integer,物理字段 IconId,,no_matching_swagger_schema
semiconductor_foundation_ontology.json,semiconductor_foundation,A_ProductLine,半导体产品线,name,String,物理字段 ProductLineName,,no_matching_swagger_schema
semiconductor_foundation_ontology.json,semiconductor_foundation,A_ProductLine,半导体产品线,notes,String,物理字段 Notes,,no_matching_swagger_schema
semiconductor_foundation_ontology.json,semiconductor_foundation,A_ProductLine,半导体产品线,setupAccess,Navigation,物理字段 SetupAccessId → A_SetupAccess,,no_matching_swagger_schema
semiconductor_foundation_ontology.json,semiconductor_foundation,A_ProductLine,半导体产品线,iconId,Integer,物理字段 IconId,,no_matching_swagger_schema
semiconductor_foundation_ontology.json,semiconductor_foundation,A_ProductLine,半导体产品线,description,String,物理字段 Description,,no_matching_swagger_schema
semiconductor_foundation_ontology.json,semiconductor_foundation,A_ProductLine,半导体产品线,isFrozen,Boolean,物理字段 IsFrozen,,no_matching_swagger_schema
semiconductor_foundation_ontology.json,semiconductor_foundation,A_ProductLine,半导体产品线,changeHistory,Navigation,物理字段 ChangeHistoryId → ChangeStatus,,no_matching_swagger_schema
semiconductor_foundation_ontology.json,semiconductor_foundation,A_ProductLine,半导体产品线,filterTags,String,物理字段 FilterTags,,no_matching_swagger_schema
semiconductor_foundation_ontology.json,semiconductor_foundation,A_ProcessArea,半导体工艺区域,notes,String,物理字段 Notes,,no_matching_swagger_schema
semiconductor_foundation_ontology.json,semiconductor_foundation,A_ProcessArea,半导体工艺区域,setupAccess,Navigation,物理字段 SetupAccessId → A_SetupAccess,,no_matching_swagger_schema
semiconductor_foundation_ontology.json,semiconductor_foundation,A_ProcessArea,半导体工艺区域,isFrozen,Boolean,物理字段 IsFrozen,,no_matching_swagger_schema
semiconductor_foundation_ontology.json,semiconductor_foundation,A_ProcessArea,半导体工艺区域,name,String,物理字段 ProcessAreaName,,no_matching_swagger_schema
semiconductor_foundation_ontology.json,semiconductor_foundation,A_ProcessArea,半导体工艺区域,changeHistory,Navigation,物理字段 ChangeHistoryId → ChangeStatus,,no_matching_swagger_schema
semiconductor_foundation_ontology.json,semiconductor_foundation,A_ProcessArea,半导体工艺区域,iconId,Integer,物理字段 IconId,,no_matching_swagger_schema
semiconductor_foundation_ontology.json,semiconductor_foundation,A_ProcessArea,半导体工艺区域,description,String,物理字段 Description,,no_matching_swagger_schema
semiconductor_foundation_ontology.json,semiconductor_foundation,A_ProcessArea,半导体工艺区域,filterTags,String,物理字段 FilterTags,,no_matching_swagger_schema
semiconductor_foundation_ontology.json,semiconductor_foundation,A_ProcessType,半导体工艺类型,changeHistory,Navigation,物理字段 ChangeHistoryId → ChangeStatus,,no_matching_swagger_schema
semiconductor_foundation_ontology.json,semiconductor_foundation,A_ProcessType,半导体工艺类型,notes,String,物理字段 Notes,,no_matching_swagger_schema
semiconductor_foundation_ontology.json,semiconductor_foundation,A_ProcessType,半导体工艺类型,setupAccess,Navigation,物理字段 SetupAccessId → A_SetupAccess,,no_matching_swagger_schema
semiconductor_foundation_ontology.json,semiconductor_foundation,A_ProcessType,半导体工艺类型,name,String,物理字段 ProcessTypeName,,no_matching_swagger_schema
semiconductor_foundation_ontology.json,semiconductor_foundation,A_ProcessType,半导体工艺类型,isFrozen,Boolean,物理字段 IsFrozen,,no_matching_swagger_schema
semiconductor_foundation_ontology.json,semiconductor_foundation,A_ProcessType,半导体工艺类型,iconId,Integer,物理字段 IconId,,no_matching_swagger_schema
semiconductor_foundation_ontology.json,semiconductor_foundation,A_ProcessType,半导体工艺类型,description,String,物理字段 Description,,no_matching_swagger_schema
semiconductor_foundation_ontology.json,semiconductor_foundation,A_ProcessType,半导体工艺类型,filterTags,String,物理字段 FilterTags,,no_matching_swagger_schema
semiconductor_foundation_ontology.json,semiconductor_foundation,A_ProcessCode,半导体工艺代码,iconId,Integer,物理字段 IconId,,no_matching_swagger_schema
semiconductor_foundation_ontology.json,semiconductor_foundation,A_ProcessCode,半导体工艺代码,name,String,物理字段 ProcessCodeName,,no_matching_swagger_schema
semiconductor_foundation_ontology.json,semiconductor_foundation,A_ProcessCode,半导体工艺代码,isFrozen,Boolean,物理字段 IsFrozen,,no_matching_swagger_schema
semiconductor_foundation_ontology.json,semiconductor_foundation,A_ProcessCode,半导体工艺代码,notes,String,物理字段 Notes,,no_matching_swagger_schema
semiconductor_foundation_ontology.json,semiconductor_foundation,A_ProcessCode,半导体工艺代码,setupAccess,Navigation,物理字段 SetupAccessId → A_SetupAccess,,no_matching_swagger_schema
semiconductor_foundation_ontology.json,semiconductor_foundation,A_ProcessCode,半导体工艺代码,changeHistory,Navigation,物理字段 ChangeHistoryId → ChangeStatus,,no_matching_swagger_schema
semiconductor_foundation_ontology.json,semiconductor_foundation,A_ProcessCode,半导体工艺代码,description,String,物理字段 Description,,no_matching_swagger_schema
semiconductor_foundation_ontology.json,semiconductor_foundation,A_ProcessCode,半导体工艺代码,filterTags,String,物理字段 FilterTags,,no_matching_swagger_schema
semiconductor_foundation_ontology.json,semiconductor_foundation,A_MachineGroup,半导体机台组,notes,String,物理字段 Notes,,no_matching_swagger_schema
semiconductor_foundation_ontology.json,semiconductor_foundation,A_MachineGroup,半导体机台组,setupAccess,Navigation,物理字段 SetupAccessId → A_SetupAccess,,no_matching_swagger_schema
semiconductor_foundation_ontology.json,semiconductor_foundation,A_MachineGroup,半导体机台组,description,String,物理字段 Description,,no_matching_swagger_schema
semiconductor_foundation_ontology.json,semiconductor_foundation,A_MachineGroup,半导体机台组,isFrozen,Boolean,物理字段 IsFrozen,,no_matching_swagger_schema
semiconductor_foundation_ontology.json,semiconductor_foundation,A_MachineGroup,半导体机台组,changeHistory,Navigation,物理字段 ChangeHistoryId → ChangeStatus,,no_matching_swagger_schema
semiconductor_foundation_ontology.json,semiconductor_foundation,A_MachineGroup,半导体机台组,name,String,物理字段 MachineGroupName,,no_matching_swagger_schema
semiconductor_foundation_ontology.json,semiconductor_foundation,A_MachineGroup,半导体机台组,iconId,Integer,物理字段 IconId,,no_matching_swagger_schema
semiconductor_foundation_ontology.json,semiconductor_foundation,A_MachineGroup,半导体机台组,filterTags,String,物理字段 FilterTags,,no_matching_swagger_schema
semiconductor_foundation_ontology.json,semiconductor_foundation,A_OperationGroup,半导体工序组,filterTags,String,物理字段 FilterTags,,no_matching_swagger_schema
semiconductor_foundation_ontology.json,semiconductor_foundation,A_OperationGroup,半导体工序组,notes,String,物理字段 Notes,,no_matching_swagger_schema
semiconductor_foundation_ontology.json,semiconductor_foundation,A_OperationGroup,半导体工序组,setupAccess,Navigation,物理字段 SetupAccessId → A_SetupAccess,,no_matching_swagger_schema
semiconductor_foundation_ontology.json,semiconductor_foundation,A_OperationGroup,半导体工序组,name,String,物理字段 OperationGroupName,,no_matching_swagger_schema
semiconductor_foundation_ontology.json,semiconductor_foundation,A_OperationGroup,半导体工序组,changeHistory,Navigation,物理字段 ChangeHistoryId → ChangeStatus,,no_matching_swagger_schema
semiconductor_foundation_ontology.json,semiconductor_foundation,A_OperationGroup,半导体工序组,description,String,物理字段 Description,,no_matching_swagger_schema
semiconductor_foundation_ontology.json,semiconductor_foundation,A_OperationGroup,半导体工序组,iconId,Integer,物理字段 IconId,,no_matching_swagger_schema
semiconductor_foundation_ontology.json,semiconductor_foundation,A_OperationGroup,半导体工序组,isFrozen,Boolean,物理字段 IsFrozen,,no_matching_swagger_schema
semiconductor_foundation_ontology.json,semiconductor_foundation,A_MaskSet,光罩集合,notes,String,物理字段 Notes,,no_matching_swagger_schema
semiconductor_foundation_ontology.json,semiconductor_foundation,A_MaskSet,光罩集合,iconId,Integer,物理字段 IconId,,no_matching_swagger_schema
semiconductor_foundation_ontology.json,semiconductor_foundation,A_MaskSet,光罩集合,name,String,物理字段 MaskSetName,,no_matching_swagger_schema
semiconductor_foundation_ontology.json,semiconductor_foundation,A_MaskSet,光罩集合,description,String,物理字段 Description,,no_matching_swagger_schema
semiconductor_foundation_ontology.json,semiconductor_foundation,A_MaskSet,光罩集合,changeHistory,Navigation,物理字段 ChangeHistoryId → ChangeStatus,,no_matching_swagger_schema
semiconductor_foundation_ontology.json,semiconductor_foundation,A_MaskSet,光罩集合,setupAccess,Navigation,物理字段 SetupAccessId → A_SetupAccess,,no_matching_swagger_schema
semiconductor_foundation_ontology.json,semiconductor_foundation,A_MaskSet,光罩集合,isFrozen,Boolean,物理字段 IsFrozen,,no_matching_swagger_schema
semiconductor_foundation_ontology.json,semiconductor_foundation,A_MaskSet,光罩集合,filterTags,String,物理字段 FilterTags,,no_matching_swagger_schema
semiconductor_foundation_ontology.json,semiconductor_foundation,A_MaskLayer,光罩层,changeHistory,Navigation,物理字段 ChangeHistoryId → ChangeStatus,,no_matching_swagger_schema
semiconductor_foundation_ontology.json,semiconductor_foundation,A_MaskLayer,光罩层,notes,String,物理字段 Notes,,no_matching_swagger_schema
semiconductor_foundation_ontology.json,semiconductor_foundation,A_MaskLayer,光罩层,isFrozen,Boolean,物理字段 IsFrozen,,no_matching_swagger_schema
semiconductor_foundation_ontology.json,semiconductor_foundation,A_MaskLayer,光罩层,description,String,物理字段 Description,,no_matching_swagger_schema
semiconductor_foundation_ontology.json,semiconductor_foundation,A_MaskLayer,光罩层,name,String,物理字段 MaskLayerName,,no_matching_swagger_schema
semiconductor_foundation_ontology.json,semiconductor_foundation,A_MaskLayer,光罩层,setupAccess,Navigation,物理字段 SetupAccessId → A_SetupAccess,,no_matching_swagger_schema
semiconductor_foundation_ontology.json,semiconductor_foundation,A_MaskLayer,光罩层,iconId,Integer,物理字段 IconId,,no_matching_swagger_schema
semiconductor_foundation_ontology.json,semiconductor_foundation,A_MaskLayer,光罩层,filterTags,String,物理字段 FilterTags,,no_matching_swagger_schema
semiconductor_foundation_ontology.json,semiconductor_foundation,A_MaterialCategory,半导体物料类别,notes,String,物理字段 Notes,,no_matching_swagger_schema
semiconductor_foundation_ontology.json,semiconductor_foundation,A_MaterialCategory,半导体物料类别,changeHistory,Navigation,物理字段 ChangeHistoryId → ChangeStatus,,no_matching_swagger_schema
semiconductor_foundation_ontology.json,semiconductor_foundation,A_MaterialCategory,半导体物料类别,description,String,物理字段 Description,,no_matching_swagger_schema
semiconductor_foundation_ontology.json,semiconductor_foundation,A_MaterialCategory,半导体物料类别,iconId,Integer,物理字段 IconId,,no_matching_swagger_schema
semiconductor_foundation_ontology.json,semiconductor_foundation,A_MaterialCategory,半导体物料类别,name,String,物理字段 MaterialCategoryName,,no_matching_swagger_schema
semiconductor_foundation_ontology.json,semiconductor_foundation,A_MaterialCategory,半导体物料类别,isFrozen,Boolean,物理字段 IsFrozen,,no_matching_swagger_schema
semiconductor_foundation_ontology.json,semiconductor_foundation,A_MaterialCategory,半导体物料类别,setupAccess,Navigation,物理字段 SetupAccessId → A_SetupAccess,,no_matching_swagger_schema
semiconductor_foundation_ontology.json,semiconductor_foundation,A_MaterialCategory,半导体物料类别,filterTags,String,物理字段 FilterTags,,no_matching_swagger_schema
semiconductor_foundation_ontology.json,semiconductor_foundation,A_MaterialType,半导体物料类型,iconId,Integer,物理字段 IconId,,no_matching_swagger_schema
semiconductor_foundation_ontology.json,semiconductor_foundation,A_MaterialType,半导体物料类型,notes,String,物理字段 Notes,,no_matching_swagger_schema
semiconductor_foundation_ontology.json,semiconductor_foundation,A_MaterialType,半导体物料类型,attributeToMatchBatch,Navigation,物理字段 AttributeToMatchBatchId → A_ModifyAttrsSetup,,no_matching_swagger_schema
semiconductor_foundation_ontology.json,semiconductor_foundation,A_MaterialType,半导体物料类型,setupAccess,Navigation,物理字段 SetupAccessId → A_SetupAccess,,no_matching_swagger_schema
semiconductor_foundation_ontology.json,semiconductor_foundation,A_MaterialType,半导体物料类型,consumeType,String,物理字段 ConsumeType,,no_matching_swagger_schema
semiconductor_foundation_ontology.json,semiconductor_foundation,A_MaterialType,半导体物料类型,consumeQty,Boolean,物理字段 ConsumeQty,,no_matching_swagger_schema
semiconductor_foundation_ontology.json,semiconductor_foundation,A_MaterialType,半导体物料类型,description,String,物理字段 Description,,no_matching_swagger_schema
semiconductor_foundation_ontology.json,semiconductor_foundation,A_MaterialType,半导体物料类型,isFrozen,Boolean,物理字段 IsFrozen,,no_matching_swagger_schema
semiconductor_foundation_ontology.json,semiconductor_foundation,A_MaterialType,半导体物料类型,isSerialized,Boolean,物理字段 IsSerialized,,no_matching_swagger_schema
semiconductor_foundation_ontology.json,semiconductor_foundation,A_MaterialType,半导体物料类型,name,String,物理字段 MaterialTypeName,,no_matching_swagger_schema
semiconductor_foundation_ontology.json,semiconductor_foundation,A_MaterialType,半导体物料类型,referenceAttributeNumber,String,物理字段 ReferenceAttributeNumber,,no_matching_swagger_schema
semiconductor_foundation_ontology.json,semiconductor_foundation,A_MaterialType,半导体物料类型,changeHistory,Navigation,物理字段 ChangeHistoryId → ChangeStatus,,no_matching_swagger_schema
semiconductor_foundation_ontology.json,semiconductor_foundation,A_MaterialType,半导体物料类型,ssIsFeederType,Boolean,物理字段 ss_IsFeederType,,no_matching_swagger_schema
semiconductor_foundation_ontology.json,semiconductor_foundation,A_MaterialType,半导体物料类型,filterTags,String,物理字段 FilterTags,,no_matching_swagger_schema
semiconductor_legacy_name_replacements_ontology.json,semiconductor_legacy_name_replacements,QtyAdjustGroup,数量调整原因组,setupAccess,Navigation,物理字段 SetupAccessId → A_SetupAccess,,no_matching_swagger_schema
semiconductor_legacy_name_replacements_ontology.json,semiconductor_legacy_name_replacements,QtyAdjustGroup,数量调整原因组,iconId,Integer,物理字段 IconId,,no_matching_swagger_schema
semiconductor_legacy_name_replacements_ontology.json,semiconductor_legacy_name_replacements,QtyAdjustGroup,数量调整原因组,isFrozen,Boolean,物理字段 IsFrozen,,no_matching_swagger_schema
semiconductor_legacy_name_replacements_ontology.json,semiconductor_legacy_name_replacements,QtyAdjustGroup,数量调整原因组,name,String,物理字段 QtyAdjustGroupName,,no_matching_swagger_schema
semiconductor_legacy_name_replacements_ontology.json,semiconductor_legacy_name_replacements,QtyAdjustGroup,数量调整原因组,entryType,String,物理字段 EntryType,,no_matching_swagger_schema
semiconductor_legacy_name_replacements_ontology.json,semiconductor_legacy_name_replacements,QtyAdjustGroup,数量调整原因组,description,String,物理字段 Description,,no_matching_swagger_schema
semiconductor_legacy_name_replacements_ontology.json,semiconductor_legacy_name_replacements,QtyAdjustGroup,数量调整原因组,changeHistory,Navigation,物理字段 ChangeHistoryId → ChangeStatus,,no_matching_swagger_schema
semiconductor_legacy_name_replacements_ontology.json,semiconductor_legacy_name_replacements,QtyAdjustGroup,数量调整原因组,notes,String,物理字段 Notes,,no_matching_swagger_schema
semiconductor_legacy_name_replacements_ontology.json,semiconductor_legacy_name_replacements,QtyAdjustGroup,数量调整原因组,filterTags,String,物理字段 FilterTags,,no_matching_swagger_schema
semiconductor_physical_resource_replacements_ontology.json,semiconductor_physical_resource_replacements,A_PhysicalLocationPosition,物理位置关联,physicalLocation,Navigation,物理字段 PhysicalLocationId → A_PhysicalLocation,,no_matching_swagger_schema
semiconductor_physical_resource_replacements_ontology.json,semiconductor_physical_resource_replacements,A_PhysicalLocationPosition,物理位置关联,isFrozen,Boolean,物理字段 IsFrozen,,no_matching_swagger_schema
semiconductor_physical_resource_replacements_ontology.json,semiconductor_physical_resource_replacements,A_PhysicalLocationPosition,物理位置关联,position,Navigation,物理字段 PositionId → A_PhysicalPosition,,no_matching_swagger_schema
semiconductor_physical_resource_replacements_ontology.json,semiconductor_physical_resource_replacements,A_PhysicalLocationPosition,物理位置关联,positionSequence,Integer,物理字段 PositionSequence,,no_matching_swagger_schema
semiconductor_physical_resource_replacements_ontology.json,semiconductor_physical_resource_replacements,A_ResourceBOM,资源BOM,resourceBomBase,Navigation,物理字段 ResourceBOMBaseId → A_ResourceBOMBase,ResourceBOMEntity,property_not_exposed_or_name_differs
semiconductor_physical_resource_replacements_ontology.json,semiconductor_physical_resource_replacements,A_ResourceBOMBase,资源BOM基础,iconId,Integer,物理字段 IconId,,no_matching_swagger_schema
semiconductor_physical_resource_replacements_ontology.json,semiconductor_physical_resource_replacements,A_ResourceBOMBase,资源BOM基础,revOfRcd,Navigation,物理字段 RevOfRcdId → A_ResourceBOM,,no_matching_swagger_schema
semiconductor_physical_resource_replacements_ontology.json,semiconductor_physical_resource_replacements,A_ResourceBOMBase,资源BOM基础,name,String,物理字段 ResourceBOMName,,no_matching_swagger_schema
semiconductor_print_interface_details_ontology.json,semiconductor_print_interface_details,A_PrintDataItem,打印数据项,callByCdoName,String,物理字段 CallByCDOName,,no_matching_swagger_schema
semiconductor_print_interface_details_ontology.json,semiconductor_print_interface_details,A_PrintDataItem,打印数据项,itemSequence,Integer,物理字段 ItemSequence,,no_matching_swagger_schema
semiconductor_print_interface_details_ontology.json,semiconductor_print_interface_details,A_PrintDataItem,打印数据项,printData,Navigation,物理字段 PrintDataId → A_PrintData,,no_matching_swagger_schema
semiconductor_print_interface_details_ontology.json,semiconductor_print_interface_details,A_PrintDataItem,打印数据项,printingSetup,Navigation,物理字段 PrintingSetupId → A_PrintingSetup,,no_matching_swagger_schema
semiconductor_print_interface_details_ontology.json,semiconductor_print_interface_details,A_PrintDataItem,打印数据项,printStatus,String,物理字段 PrintStatus,,no_matching_swagger_schema
semiconductor_print_interface_details_ontology.json,semiconductor_print_interface_details,A_PrintDataItem,打印数据项,isFrozen,Boolean,物理字段 IsFrozen,,no_matching_swagger_schema
semiconductor_print_interface_details_ontology.json,semiconductor_print_interface_details,A_PrintDataItem,打印数据项,printer,Navigation,物理字段 PrinterId → A_Printer,,no_matching_swagger_schema
semiconductor_print_interface_details_ontology.json,semiconductor_print_interface_details,A_PrintDataItem,打印数据项,spec,Navigation,物理字段 SpecId → Spec,,no_matching_swagger_schema
semiconductor_print_interface_details_ontology.json,semiconductor_print_interface_details,A_PrintDataItem,打印数据项,fromSpec,Navigation,物理字段 FromSpecId → Spec,,no_matching_swagger_schema
semiconductor_print_interface_details_ontology.json,semiconductor_print_interface_details,A_PrintDataItem,打印数据项,cdoTxnSequence,Integer,物理字段 CDOTxnSequence,,no_matching_swagger_schema
semiconductor_print_interface_details_ontology.json,semiconductor_print_interface_details,A_PrintDataItem,打印数据项,numberOfCopies,Integer,物理字段 NumberOfCopies,,no_matching_swagger_schema
semiconductor_print_interface_details_ontology.json,semiconductor_print_interface_details,A_PrintDataItem,打印数据项,printerName,String,物理字段 PrinterName,,no_matching_swagger_schema
semiconductor_print_interface_details_ontology.json,semiconductor_print_interface_details,A_PrintDataItem,打印数据项,historyMainline,Navigation,物理字段 HistoryMainlineId → HistoryMainline,,no_matching_swagger_schema
semiconductor_print_interface_details_ontology.json,semiconductor_print_interface_details,A_PrintDataItem,打印数据项,container,Navigation,物理字段 ContainerId → Container,,no_matching_swagger_schema
semiconductor_print_interface_details_ontology.json,semiconductor_print_interface_details,A_PrintDataItem,打印数据项,specName,String,物理字段 SpecName,,no_matching_swagger_schema
semiconductor_print_interface_details_ontology.json,semiconductor_print_interface_details,A_PrintDataItem,打印数据项,cdoName,String,物理字段 CDOName,,no_matching_swagger_schema
semiconductor_print_interface_details_ontology.json,semiconductor_print_interface_details,A_PrintDataItem,打印数据项,packingType,Navigation,物理字段 PackingTypeId → A_PackingType,,no_matching_swagger_schema
semiconductor_print_interface_details_ontology.json,semiconductor_print_interface_details,A_PrintDataItem,打印数据项,printingRequired,Boolean,物理字段 PrintingRequired,,no_matching_swagger_schema
semiconductor_print_interface_details_ontology.json,semiconductor_print_interface_details,A_PrintDataItem,打印数据项,packingTypeName,String,物理字段 PackingTypeName,,no_matching_swagger_schema
semiconductor_print_interface_details_ontology.json,semiconductor_print_interface_details,A_PrintDataItem,打印数据项,mainQty,Float,物理字段 MainQty,,no_matching_swagger_schema
semiconductor_print_interface_details_ontology.json,semiconductor_print_interface_details,A_PrintDataItem,打印数据项,qty2,Float,物理字段 Qty2,,no_matching_swagger_schema
semiconductor_print_interface_details_ontology.json,semiconductor_print_interface_details,A_PrintDataItem,打印数据项,qty,Float,物理字段 Qty,,no_matching_swagger_schema
semiconductor_print_interface_details_ontology.json,semiconductor_print_interface_details,A_PrintDataItem,打印数据项,printingSetupName,String,物理字段 PrintingSetupName,,no_matching_swagger_schema
semiconductor_print_interface_details_ontology.json,semiconductor_print_interface_details,A_PrintDataItem,打印数据项,fromSpecRevision,String,物理字段 FromSpecRevision,,no_matching_swagger_schema
semiconductor_print_interface_details_ontology.json,semiconductor_print_interface_details,A_PrintDataItem,打印数据项,fromSpecName,String,物理字段 FromSpecName,,no_matching_swagger_schema
semiconductor_print_interface_details_ontology.json,semiconductor_print_interface_details,A_PrintDataItem,打印数据项,containerName,String,物理字段 ContainerName,,no_matching_swagger_schema
semiconductor_print_interface_details_ontology.json,semiconductor_print_interface_details,A_PrintDataItem,打印数据项,specRevision,String,物理字段 SpecRevision,,no_matching_swagger_schema
semiconductor_print_interface_details_ontology.json,semiconductor_print_interface_details,A_PrintDataItemParams,打印数据项参数,printDataItem,Navigation,物理字段 PrintDataItemId → A_PrintDataItem,,no_matching_swagger_schema
semiconductor_print_interface_details_ontology.json,semiconductor_print_interface_details,A_PrintDataItemParams,打印数据项参数,isFrozen,Boolean,物理字段 IsFrozen,,no_matching_swagger_schema
semiconductor_print_interface_details_ontology.json,semiconductor_print_interface_details,A_PrintDataItemParams,打印数据项参数,paramSequence,Integer,物理字段 ParamSequence,,no_matching_swagger_schema
semiconductor_print_interface_details_ontology.json,semiconductor_print_interface_details,A_PrintDataItemParams,打印数据项参数,paramValue,String,物理字段 ParamValue,,no_matching_swagger_schema
semiconductor_print_interface_details_ontology.json,semiconductor_print_interface_details,A_PrintDataItemParams,打印数据项参数,paramName,String,物理字段 ParamName,,no_matching_swagger_schema
semiconductor_print_interface_details_ontology.json,semiconductor_print_interface_details,A_PrintingSetupParameters,打印配置参数,printingSetup,Navigation,物理字段 PrintingSetupId → A_PrintingSetup,,no_matching_swagger_schema
semiconductor_print_interface_details_ontology.json,semiconductor_print_interface_details,A_PrintingSetupParameters,打印配置参数,paramType,String,物理字段 ParamType,,no_matching_swagger_schema
semiconductor_print_interface_details_ontology.json,semiconductor_print_interface_details,A_PrintingSetupParameters,打印配置参数,formulaParam03,String,物理字段 FormulaParam03,,no_matching_swagger_schema
semiconductor_print_interface_details_ontology.json,semiconductor_print_interface_details,A_PrintingSetupParameters,打印配置参数,formulaParam02,String,物理字段 FormulaParam02,,no_matching_swagger_schema
semiconductor_print_interface_details_ontology.json,semiconductor_print_interface_details,A_PrintingSetupParameters,打印配置参数,formulaParam01,String,物理字段 FormulaParam01,,no_matching_swagger_schema
semiconductor_print_interface_details_ontology.json,semiconductor_print_interface_details,A_PrintingSetupParameters,打印配置参数,formulaCode,String,物理字段 FormulaCode,,no_matching_swagger_schema
semiconductor_print_interface_details_ontology.json,semiconductor_print_interface_details,A_PrintingSetupParameters,打印配置参数,isFrozen,Boolean,物理字段 IsFrozen,,no_matching_swagger_schema
semiconductor_print_interface_details_ontology.json,semiconductor_print_interface_details,A_PrintingSetupParameters,打印配置参数,defaultValueIsDynamic,Boolean,物理字段 DefaultValueIsDynamic,,no_matching_swagger_schema
semiconductor_print_interface_details_ontology.json,semiconductor_print_interface_details,A_PrintingSetupParameters,打印配置参数,paramSequence,Integer,物理字段 ParamSequence,,no_matching_swagger_schema
semiconductor_print_interface_details_ontology.json,semiconductor_print_interface_details,A_PrintingSetupParameters,打印配置参数,defaultValue,String,物理字段 DefaultValue,,no_matching_swagger_schema
semiconductor_print_interface_details_ontology.json,semiconductor_print_interface_details,A_PrintingSetupParameters,打印配置参数,displayText,String,物理字段 DisplayText,,no_matching_swagger_schema
semiconductor_print_interface_details_ontology.json,semiconductor_print_interface_details,A_PrintingSetupParameters,打印配置参数,sendToPrinter,Boolean,物理字段 SendToPrinter,,no_matching_swagger_schema
semiconductor_print_interface_details_ontology.json,semiconductor_print_interface_details,A_PrintingSetupParameters,打印配置参数,paramName,String,物理字段 ParamName,,no_matching_swagger_schema
semiconductor_print_interface_details_ontology.json,semiconductor_print_interface_details,A_ExternalInterfaceDetail,外部接口明细,serviceName,String,物理字段 ServiceName,,no_matching_swagger_schema
semiconductor_print_interface_details_ontology.json,semiconductor_print_interface_details,A_ExternalInterfaceDetail,外部接口明细,className,String,物理字段 ClassName,,no_matching_swagger_schema
semiconductor_print_interface_details_ontology.json,semiconductor_print_interface_details,A_ExternalInterfaceDetail,外部接口明细,enablePreValidateEvent,Boolean,物理字段 EnablePreValidateEvent,,no_matching_swagger_schema
semiconductor_print_interface_details_ontology.json,semiconductor_print_interface_details,A_ExternalInterfaceDetail,外部接口明细,enablePreExecuteEvent,Boolean,物理字段 EnablePreExecuteEvent,,no_matching_swagger_schema
semiconductor_print_interface_details_ontology.json,semiconductor_print_interface_details,A_ExternalInterfaceDetail,外部接口明细,enablePostValidateEvent,Boolean,物理字段 EnablePostValidateEvent,,no_matching_swagger_schema
semiconductor_print_interface_details_ontology.json,semiconductor_print_interface_details,A_ExternalInterfaceDetail,外部接口明细,enablePostExecuteEvent,Boolean,物理字段 EnablePostExecuteEvent,,no_matching_swagger_schema
semiconductor_print_interface_details_ontology.json,semiconductor_print_interface_details,A_ExternalInterfaceDetail,外部接口明细,isFrozen,Boolean,物理字段 IsFrozen,,no_matching_swagger_schema
semiconductor_print_interface_details_ontology.json,semiconductor_print_interface_details,A_ExternalInterfaceDetail,外部接口明细,externalInterface,Navigation,物理字段 ExternalInterfaceId → A_ExternalInterface,,no_matching_swagger_schema
semiconductor_print_interface_details_ontology.json,semiconductor_print_interface_details,A_ExternalInterfaceDetail,外部接口明细,enableAfterCommitEvent,Boolean,物理字段 EnableAfterCommitEvent,,no_matching_swagger_schema
semiconductor_print_interface_details_ontology.json,semiconductor_print_interface_details,A_ExternalInterfaceDetailParam,外部接口明细参数,paramValue,String,物理字段 ParamValue,,no_matching_swagger_schema
semiconductor_print_interface_details_ontology.json,semiconductor_print_interface_details,A_ExternalInterfaceDetailParam,外部接口明细参数,paramName,String,物理字段 ParamName,,no_matching_swagger_schema
semiconductor_print_interface_details_ontology.json,semiconductor_print_interface_details,A_ExternalInterfaceDetailParam,外部接口明细参数,isFrozen,Boolean,物理字段 IsFrozen,,no_matching_swagger_schema
semiconductor_print_interface_details_ontology.json,semiconductor_print_interface_details,A_ExternalInterfaceDetailParam,外部接口明细参数,externalInterfaceDetail,Navigation,物理字段 ExternalInterfaceDetailId → A_ExternalInterfaceDetail,,no_matching_swagger_schema
semiconductor_print_interface_details_ontology.json,semiconductor_print_interface_details,A_ExternalInterfaceDetailRule,外部接口明细规则,externalInterfaceDetail,Navigation,物理字段 ExternalInterfaceDetailId → A_ExternalInterfaceDetail,,no_matching_swagger_schema
semiconductor_print_interface_details_ontology.json,semiconductor_print_interface_details,A_ExternalInterfaceDetailRule,外部接口明细规则,isFrozen,Boolean,物理字段 IsFrozen,,no_matching_swagger_schema
semiconductor_print_interface_details_ontology.json,semiconductor_print_interface_details,A_ExternalInterfaceDetailRule,外部接口明细规则,ruleSequence,Integer,物理字段 RuleSequence,,no_matching_swagger_schema
semiconductor_print_interface_details_ontology.json,semiconductor_print_interface_details,A_ExternalInterfaceDetailRule,外部接口明细规则,eventName,String,物理字段 EventName,,no_matching_swagger_schema
semiconductor_print_interface_details_ontology.json,semiconductor_print_interface_details,A_ExternalInterfaceDetailRule,外部接口明细规则,businessRule,Navigation,物理字段 BusinessRuleId → BusinessRule,,no_matching_swagger_schema
semiconductor_print_interface_details_ontology.json,semiconductor_print_interface_details,A_RunNumberSetupData,运行号配置数据,runNumberSetup,Navigation,物理字段 RunNumberSetupId → A_RunNumberSetup,,no_matching_swagger_schema
semiconductor_print_interface_details_ontology.json,semiconductor_print_interface_details,A_RunNumberSetupData,运行号配置数据,containerName,String,物理字段 ContainerName,,no_matching_swagger_schema
semiconductor_print_interface_details_ontology.json,semiconductor_print_interface_details,A_RunNumberSetupData,运行号配置数据,processType,Navigation,物理字段 ProcessTypeId → A_ProcessType,,no_matching_swagger_schema
semiconductor_print_interface_details_ontology.json,semiconductor_print_interface_details,A_RunNumberSetupData,运行号配置数据,serviceName,String,物理字段 ServiceName,,no_matching_swagger_schema
semiconductor_print_interface_details_ontology.json,semiconductor_print_interface_details,A_RunNumberSetupData,运行号配置数据,isFrozen,Boolean,物理字段 IsFrozen,,no_matching_swagger_schema
semiconductor_print_interface_details_ontology.json,semiconductor_print_interface_details,A_RunNumberSetupData,运行号配置数据,wipDataCount,Integer,物理字段 WIPDataCount,,no_matching_swagger_schema
semiconductor_print_interface_details_ontology.json,semiconductor_print_interface_details,A_RunNumberSetupData,运行号配置数据,waferScribeNumber,String,物理字段 WaferScribeNumber,,no_matching_swagger_schema
semiconductor_print_interface_details_ontology.json,semiconductor_print_interface_details,A_RunNumberSetupData,运行号配置数据,spec,Navigation,物理字段 SpecId → Spec,,no_matching_swagger_schema
semiconductor_print_interface_details_ontology.json,semiconductor_print_interface_details,A_RunNumberSetupData,运行号配置数据,processSpec,Navigation,物理字段 ProcessSpecId → A_ProcessSpec,,no_matching_swagger_schema
semiconductor_print_interface_details_ontology.json,semiconductor_print_interface_details,A_RunNumberSetupData,运行号配置数据,wipDataValue,String,物理字段 WIPDataValue,,no_matching_swagger_schema
semiconductor_print_interface_details_ontology.json,semiconductor_print_interface_details,A_RunNumberSetupData,运行号配置数据,wipDataName,Navigation,物理字段 WIPDataNameId → A_WIPDataName,,no_matching_swagger_schema
semiconductor_print_interface_details_ontology.json,semiconductor_print_interface_details,A_RunNumberSetupData,运行号配置数据,runNumber,String,物理字段 RunNumber,,no_matching_swagger_schema
semiconductor_print_interface_details_ontology.json,semiconductor_print_interface_details,A_ServiceRulesValidations,服务规则验证,serviceRules,Navigation,物理字段 ServiceRulesId → A_ServiceRules,,no_matching_swagger_schema
semiconductor_print_interface_details_ontology.json,semiconductor_print_interface_details,A_ServiceRulesValidations,服务规则验证,failureLabelParam1,String,物理字段 FailureLabelParam1,,no_matching_swagger_schema
semiconductor_print_interface_details_ontology.json,semiconductor_print_interface_details,A_ServiceRulesValidations,服务规则验证,displaySequence,Integer,物理字段 DisplaySequence,,no_matching_swagger_schema
semiconductor_print_interface_details_ontology.json,semiconductor_print_interface_details,A_ServiceRulesValidations,服务规则验证,failureLabelParam5,String,物理字段 FailureLabelParam5,,no_matching_swagger_schema
semiconductor_print_interface_details_ontology.json,semiconductor_print_interface_details,A_ServiceRulesValidations,服务规则验证,failureLabelParam4,String,物理字段 FailureLabelParam4,,no_matching_swagger_schema
semiconductor_print_interface_details_ontology.json,semiconductor_print_interface_details,A_ServiceRulesValidations,服务规则验证,failureLabelParam2,String,物理字段 FailureLabelParam2,,no_matching_swagger_schema
semiconductor_print_interface_details_ontology.json,semiconductor_print_interface_details,A_ServiceRulesValidations,服务规则验证,failureLabelName,String,物理字段 FailureLabelName,,no_matching_swagger_schema
semiconductor_print_interface_details_ontology.json,semiconductor_print_interface_details,A_ServiceRulesValidations,服务规则验证,isFrozen,Boolean,物理字段 IsFrozen,,no_matching_swagger_schema
semiconductor_print_interface_details_ontology.json,semiconductor_print_interface_details,A_ServiceRulesValidations,服务规则验证,failureExpression,String,物理字段 FailureExpression,,no_matching_swagger_schema
semiconductor_print_interface_details_ontology.json,semiconductor_print_interface_details,A_ServiceRulesValidations,服务规则验证,failureLabelParam3,String,物理字段 FailureLabelParam3,,no_matching_swagger_schema
semiconductor_print_interface_details_ontology.json,semiconductor_print_interface_details,A_ServiceSetupBusinessRules,服务业务规则,serviceSetup,Navigation,物理字段 ServiceSetupId → A_ServiceSetup,,no_matching_swagger_schema
semiconductor_print_interface_details_ontology.json,semiconductor_print_interface_details,A_ServiceSetupBusinessRules,服务业务规则,eventName,String,物理字段 EventName,,no_matching_swagger_schema
semiconductor_print_interface_details_ontology.json,semiconductor_print_interface_details,A_ServiceSetupBusinessRules,服务业务规则,ruleSequence,Integer,物理字段 RuleSequence,,no_matching_swagger_schema
semiconductor_print_interface_details_ontology.json,semiconductor_print_interface_details,A_ServiceSetupBusinessRules,服务业务规则,businessRule,Navigation,物理字段 BusinessRuleId → BusinessRule,,no_matching_swagger_schema
semiconductor_print_interface_details_ontology.json,semiconductor_print_interface_details,A_ServiceSetupBusinessRules,服务业务规则,isFrozen,Boolean,物理字段 IsFrozen,,no_matching_swagger_schema
semiconductor_print_interface_details_ontology.json,semiconductor_print_interface_details,ss_LabelPlanDetails,标签计划明细,generateAt,Integer,物理字段 GenerateAt,,no_matching_swagger_schema
semiconductor_print_interface_details_ontology.json,semiconductor_print_interface_details,ss_LabelPlanDetails,标签计划明细,labelStatus,Integer,物理字段 LabelStatus,,no_matching_swagger_schema
semiconductor_print_interface_details_ontology.json,semiconductor_print_interface_details,ss_LabelPlanDetails,标签计划明细,name,String,物理字段 ss_LabelPlanDetailsName,,no_matching_swagger_schema
semiconductor_print_interface_details_ontology.json,semiconductor_print_interface_details,ss_LabelPlanDetails,标签计划明细,skipPrintout,Boolean,物理字段 SkipPrintout,,no_matching_swagger_schema
semiconductor_print_interface_details_ontology.json,semiconductor_print_interface_details,ss_LabelPlanDetails,标签计划明细,qtyPerLabel,Integer,物理字段 QtyPerLabel,,no_matching_swagger_schema
semiconductor_print_interface_details_ontology.json,semiconductor_print_interface_details,ss_LabelPlanDetails,标签计划明细,sourceLevelId,Integer,物理字段 SourceLevelID,,no_matching_swagger_schema
semiconductor_print_interface_details_ontology.json,semiconductor_print_interface_details,ss_LabelPlanDetails,标签计划明细,ssLabelSetup,Navigation,物理字段 ss_LabelSetupId → ss_LabelSetup,,no_matching_swagger_schema
semiconductor_print_interface_details_ontology.json,semiconductor_print_interface_details,ss_LabelPlanDetails,标签计划明细,levelId,Integer,物理字段 LevelID,,no_matching_swagger_schema
semiconductor_print_interface_details_ontology.json,semiconductor_print_interface_details,ss_LabelPlanDetails,标签计划明细,isFrozen,Boolean,物理字段 IsFrozen,,no_matching_swagger_schema
semiconductor_print_interface_details_ontology.json,semiconductor_print_interface_details,ss_LabelPlanDetails,标签计划明细,parent,Navigation,物理字段 ParentId → ss_LabelPlan,,no_matching_swagger_schema
semiconductor_print_interface_details_ontology.json,semiconductor_print_interface_details,ss_LabelPlanDetails,标签计划明细,usePackingQtyMatrix,Boolean,物理字段 UsePackingQtyMatrix,,no_matching_swagger_schema
semiconductor_print_interface_details_ontology.json,semiconductor_print_interface_details,ss_LabelSourceInput,标签源输入,qtyRemaining,Float,物理字段 QtyRemaining,,no_matching_swagger_schema
semiconductor_print_interface_details_ontology.json,semiconductor_print_interface_details,ss_LabelSourceInput,标签源输入,sourceQty,Float,物理字段 SourceQty,,no_matching_swagger_schema
semiconductor_print_interface_details_ontology.json,semiconductor_print_interface_details,ss_LabelSourceInput,标签源输入,sourceId,String,物理字段 SourceID,,no_matching_swagger_schema
semiconductor_print_interface_details_ontology.json,semiconductor_print_interface_details,ss_LabelSourceInput,标签源输入,isFrozen,Boolean,物理字段 IsFrozen,,no_matching_swagger_schema
semiconductor_print_interface_details_ontology.json,semiconductor_print_interface_details,ss_LabelSourceInput,标签源输入,parent,Integer,物理字段 ParentId,,no_matching_swagger_schema
semiconductor_print_interface_details_ontology.json,semiconductor_print_interface_details,ss_LabelSourceInput,标签源输入,name,String,物理字段 ss_LabelSourceInputName,,no_matching_swagger_schema
semiconductor_print_interface_details_ontology.json,semiconductor_print_interface_details,ss_TrackLabelDetails,追踪标签明细,packedIntoId,String,物理字段 PackedIntoID,,no_matching_swagger_schema
semiconductor_print_interface_details_ontology.json,semiconductor_print_interface_details,ss_TrackLabelDetails,追踪标签明细,labelStatus,String,物理字段 LabelStatus,,no_matching_swagger_schema
semiconductor_print_interface_details_ontology.json,semiconductor_print_interface_details,ss_TrackLabelDetails,追踪标签明细,qty,Float,物理字段 Qty,,no_matching_swagger_schema
semiconductor_print_interface_details_ontology.json,semiconductor_print_interface_details,ss_TrackLabelDetails,追踪标签明细,labelSequence,Integer,物理字段 LabelSequence,,no_matching_swagger_schema
semiconductor_print_interface_details_ontology.json,semiconductor_print_interface_details,ss_TrackLabelDetails,追踪标签明细,labelId,String,物理字段 LabelID,,no_matching_swagger_schema
semiconductor_print_interface_details_ontology.json,semiconductor_print_interface_details,ss_TrackLabelDetails,追踪标签明细,isFrozen,Boolean,物理字段 IsFrozen,,no_matching_swagger_schema
semiconductor_print_interface_details_ontology.json,semiconductor_print_interface_details,ss_TrackLabelDetails,追踪标签明细,parent,Navigation,物理字段 ParentId → ss_TrackLabel,,no_matching_swagger_schema
semiconductor_print_interface_details_ontology.json,semiconductor_print_interface_details,ss_TrackLabelDetails,追踪标签明细,name,String,物理字段 ss_TrackLabelDetailsName,,no_matching_swagger_schema
semiconductor_print_interface_details_ontology.json,semiconductor_print_interface_details,ss_TrackLabelDetails,追踪标签明细,linkId,String,物理字段 LinkID,,no_matching_swagger_schema
semiconductor_print_interface_details_ontology.json,semiconductor_print_interface_details,ss_TrackLabelDetailsSource,追踪标签明细来源,qty,Float,物理字段 Qty,,no_matching_swagger_schema
semiconductor_print_interface_details_ontology.json,semiconductor_print_interface_details,ss_TrackLabelDetailsSource,追踪标签明细来源,sourceId,String,物理字段 SourceID,,no_matching_swagger_schema
semiconductor_print_interface_details_ontology.json,semiconductor_print_interface_details,ss_TrackLabelDetailsSource,追踪标签明细来源,isFrozen,Boolean,物理字段 IsFrozen,,no_matching_swagger_schema
semiconductor_print_interface_details_ontology.json,semiconductor_print_interface_details,ss_TrackLabelDetailsSource,追踪标签明细来源,parent,Navigation,物理字段 ParentId → ss_TrackLabelDetails,,no_matching_swagger_schema
semiconductor_print_interface_details_ontology.json,semiconductor_print_interface_details,ss_TrackLabelDetailsSource,追踪标签明细来源,name,String,物理字段 ss_TrackLabelDetailsSourceName,,no_matching_swagger_schema
semiconductor_print_interface_details_ontology.json,semiconductor_print_interface_details,ss_TrackLabelSource,追踪标签来源,sourceId,String,物理字段 SourceID,,no_matching_swagger_schema
semiconductor_print_interface_details_ontology.json,semiconductor_print_interface_details,ss_TrackLabelSource,追踪标签来源,isFrozen,Boolean,物理字段 IsFrozen,,no_matching_swagger_schema
semiconductor_print_interface_details_ontology.json,semiconductor_print_interface_details,ss_TrackLabelSource,追踪标签来源,parent,Navigation,物理字段 ParentId → ss_TrackLabel,,no_matching_swagger_schema
semiconductor_print_interface_details_ontology.json,semiconductor_print_interface_details,ss_TrackLabelSource,追踪标签来源,name,String,物理字段 ss_TrackLabelSourceName,,no_matching_swagger_schema
semiconductor_print_interface_details_ontology.json,semiconductor_print_interface_details,ss_SlotWaferInstruction,槽位晶圆指令,experimentPlanDetails,Navigation,物理字段 ExperimentPlanDetailsId → A_ExperimentPlanDetails,,no_matching_swagger_schema
semiconductor_print_interface_details_ontology.json,semiconductor_print_interface_details,ss_SlotWaferInstruction,槽位晶圆指令,ssExpSpecialInstructions,Navigation,物理字段 ss_ExpSpecialInstructionsId → A_ExpSpecialInstructions,,no_matching_swagger_schema
semiconductor_print_interface_details_ontology.json,semiconductor_print_interface_details,ss_SlotWaferInstruction,槽位晶圆指令,name,String,物理字段 ss_SlotWaferInstructionName,,no_matching_swagger_schema
semiconductor_print_interface_details_ontology.json,semiconductor_print_interface_details,ss_SlotWaferInstruction,槽位晶圆指令,isFrozen,Boolean,物理字段 IsFrozen,,no_matching_swagger_schema
semiconductor_print_interface_details_ontology.json,semiconductor_print_interface_details,ss_SlotWaferInstruction,槽位晶圆指令,ssSlotWaferNumber,String,物理字段 ss_SlotWaferNumber,,no_matching_swagger_schema
semiconductor_print_pack_ship_ontology.json,semiconductor_print_pack_ship,A_PrintData,打印数据,printStatus,String,物理字段 PrintStatus,,no_matching_swagger_schema
semiconductor_print_pack_ship_ontology.json,semiconductor_print_pack_ship,A_PrintData,打印数据,printErrorItemSequence,Integer,物理字段 PrintErrorItemSequence,,no_matching_swagger_schema
semiconductor_print_pack_ship_ontology.json,semiconductor_print_pack_ship,A_PrintData,打印数据,setupAccess,Navigation,物理字段 SetupAccessId → A_SetupAccess,,no_matching_swagger_schema
semiconductor_print_pack_ship_ontology.json,semiconductor_print_pack_ship,A_PrintData,打印数据,txnDate,String,物理字段 TxnDate,,no_matching_swagger_schema
semiconductor_print_pack_ship_ontology.json,semiconductor_print_pack_ship,A_PrintData,打印数据,printErrorMessage,String,物理字段 PrintErrorMessage,,no_matching_swagger_schema
semiconductor_print_pack_ship_ontology.json,semiconductor_print_pack_ship,A_PrintData,打印数据,employeeName,String,物理字段 EmployeeName,,no_matching_swagger_schema
semiconductor_print_pack_ship_ontology.json,semiconductor_print_pack_ship,A_PrintData,打印数据,integrationTxn,Integer,物理字段 IntegrationTxnId,,no_matching_swagger_schema
semiconductor_print_pack_ship_ontology.json,semiconductor_print_pack_ship,A_PrintData,打印数据,name,String,物理字段 PrintDataName,,no_matching_swagger_schema
semiconductor_print_pack_ship_ontology.json,semiconductor_print_pack_ship,A_PrintData,打印数据,isFrozen,Boolean,物理字段 IsFrozen,,no_matching_swagger_schema
semiconductor_print_pack_ship_ontology.json,semiconductor_print_pack_ship,A_PrintData,打印数据,iconId,Integer,物理字段 IconId,,no_matching_swagger_schema
semiconductor_print_pack_ship_ontology.json,semiconductor_print_pack_ship,A_PrintData,打印数据,description,String,物理字段 Description,,no_matching_swagger_schema
semiconductor_print_pack_ship_ontology.json,semiconductor_print_pack_ship,A_PrintData,打印数据,changeHistory,Navigation,物理字段 ChangeHistoryId → ChangeStatus,,no_matching_swagger_schema
semiconductor_print_pack_ship_ontology.json,semiconductor_print_pack_ship,A_PrintData,打印数据,itemsCount,Integer,物理字段 ItemsCount,,no_matching_swagger_schema
semiconductor_print_pack_ship_ontology.json,semiconductor_print_pack_ship,A_PrintData,打印数据,computerName,String,物理字段 ComputerName,,no_matching_swagger_schema
semiconductor_print_pack_ship_ontology.json,semiconductor_print_pack_ship,A_PrintData,打印数据,employee,Navigation,物理字段 EmployeeId → Employee,,no_matching_swagger_schema
semiconductor_print_pack_ship_ontology.json,semiconductor_print_pack_ship,A_PrintData,打印数据,username,String,物理字段 Username,,no_matching_swagger_schema
semiconductor_print_pack_ship_ontology.json,semiconductor_print_pack_ship,A_PrintData,打印数据,user,Navigation,物理字段 UserId → Employee,,no_matching_swagger_schema
semiconductor_print_pack_ship_ontology.json,semiconductor_print_pack_ship,A_PrintData,打印数据,updateUsername,String,物理字段 UpdateUsername,,no_matching_swagger_schema
semiconductor_print_pack_ship_ontology.json,semiconductor_print_pack_ship,A_PrintData,打印数据,updateTimestamp,DateTime,物理字段 UpdateTimestamp,,no_matching_swagger_schema
semiconductor_print_pack_ship_ontology.json,semiconductor_print_pack_ship,A_PrintData,打印数据,updateComputerName,String,物理字段 UpdateComputerName,,no_matching_swagger_schema
semiconductor_print_pack_ship_ontology.json,semiconductor_print_pack_ship,A_PrintData,打印数据,updateAction,String,物理字段 UpdateAction,,no_matching_swagger_schema
semiconductor_print_pack_ship_ontology.json,semiconductor_print_pack_ship,A_PrintData,打印数据,notes,String,物理字段 Notes,,no_matching_swagger_schema
semiconductor_print_pack_ship_ontology.json,semiconductor_print_pack_ship,A_PrintData,打印数据,filterTags,String,物理字段 FilterTags,,no_matching_swagger_schema
semiconductor_print_pack_ship_ontology.json,semiconductor_print_pack_ship,A_Printer,打印机,isFrozen,Boolean,物理字段 IsFrozen,,no_matching_swagger_schema
semiconductor_print_pack_ship_ontology.json,semiconductor_print_pack_ship,A_Printer,打印机,name,String,物理字段 PrinterName,,no_matching_swagger_schema
semiconductor_print_pack_ship_ontology.json,semiconductor_print_pack_ship,A_Printer,打印机,printingInterval,Float,物理字段 PrintingInterval,,no_matching_swagger_schema
semiconductor_print_pack_ship_ontology.json,semiconductor_print_pack_ship,A_Printer,打印机,lastPrintingTimestamp,DateTime,物理字段 LastPrintingTimestamp,,no_matching_swagger_schema
semiconductor_print_pack_ship_ontology.json,semiconductor_print_pack_ship,A_Printer,打印机,changeHistory,Navigation,物理字段 ChangeHistoryId → ChangeStatus,,no_matching_swagger_schema
semiconductor_print_pack_ship_ontology.json,semiconductor_print_pack_ship,A_Printer,打印机,setupAccess,Navigation,物理字段 SetupAccessId → A_SetupAccess,,no_matching_swagger_schema
semiconductor_print_pack_ship_ontology.json,semiconductor_print_pack_ship,A_Printer,打印机,printerType,Navigation,物理字段 PrinterTypeId → A_PrinterType,,no_matching_swagger_schema
semiconductor_print_pack_ship_ontology.json,semiconductor_print_pack_ship,A_Printer,打印机,iconId,Integer,物理字段 IconId,,no_matching_swagger_schema
semiconductor_print_pack_ship_ontology.json,semiconductor_print_pack_ship,A_Printer,打印机,description,String,物理字段 Description,,no_matching_swagger_schema
semiconductor_print_pack_ship_ontology.json,semiconductor_print_pack_ship,A_Printer,打印机,notes,String,物理字段 Notes,,no_matching_swagger_schema
semiconductor_print_pack_ship_ontology.json,semiconductor_print_pack_ship,A_Printer,打印机,printServerName,String,物理字段 PrintServerName,,no_matching_swagger_schema
semiconductor_print_pack_ship_ontology.json,semiconductor_print_pack_ship,A_Printer,打印机,inUseTimeout,Float,物理字段 InUseTimeout,,no_matching_swagger_schema
semiconductor_print_pack_ship_ontology.json,semiconductor_print_pack_ship,A_Printer,打印机,inUseBy,String,物理字段 InUseBy,,no_matching_swagger_schema
semiconductor_print_pack_ship_ontology.json,semiconductor_print_pack_ship,A_Printer,打印机,inUseByTimestamp,DateTime,物理字段 InUseByTimestamp,,no_matching_swagger_schema
semiconductor_print_pack_ship_ontology.json,semiconductor_print_pack_ship,A_Printer,打印机,filterTags,String,物理字段 FilterTags,,no_matching_swagger_schema
semiconductor_print_pack_ship_ontology.json,semiconductor_print_pack_ship,A_PrinterType,打印机类型,description,String,物理字段 Description,,no_matching_swagger_schema
semiconductor_print_pack_ship_ontology.json,semiconductor_print_pack_ship,A_PrinterType,打印机类型,notes,String,物理字段 Notes,,no_matching_swagger_schema
semiconductor_print_pack_ship_ontology.json,semiconductor_print_pack_ship,A_PrinterType,打印机类型,setupAccess,Navigation,物理字段 SetupAccessId → A_SetupAccess,,no_matching_swagger_schema
semiconductor_print_pack_ship_ontology.json,semiconductor_print_pack_ship,A_PrinterType,打印机类型,printingType,Navigation,物理字段 PrintingTypeId → A_PrintingType,,no_matching_swagger_schema
semiconductor_print_pack_ship_ontology.json,semiconductor_print_pack_ship,A_PrinterType,打印机类型,changeHistory,Navigation,物理字段 ChangeHistoryId → ChangeStatus,,no_matching_swagger_schema
semiconductor_print_pack_ship_ontology.json,semiconductor_print_pack_ship,A_PrinterType,打印机类型,iconId,Integer,物理字段 IconId,,no_matching_swagger_schema
semiconductor_print_pack_ship_ontology.json,semiconductor_print_pack_ship,A_PrinterType,打印机类型,isFrozen,Boolean,物理字段 IsFrozen,,no_matching_swagger_schema
semiconductor_print_pack_ship_ontology.json,semiconductor_print_pack_ship,A_PrinterType,打印机类型,name,String,物理字段 PrinterTypeName,,no_matching_swagger_schema
semiconductor_print_pack_ship_ontology.json,semiconductor_print_pack_ship,A_PrinterType,打印机类型,filterTags,String,物理字段 FilterTags,,no_matching_swagger_schema
semiconductor_print_pack_ship_ontology.json,semiconductor_print_pack_ship,A_PrintingAutomation,打印自动化,isFrozen,Boolean,物理字段 IsFrozen,,no_matching_swagger_schema
semiconductor_print_pack_ship_ontology.json,semiconductor_print_pack_ship,A_PrintingAutomation,打印自动化,notes,String,物理字段 Notes,,no_matching_swagger_schema
semiconductor_print_pack_ship_ontology.json,semiconductor_print_pack_ship,A_PrintingAutomation,打印自动化,customerCode,String,物理字段 CustomerCode,,no_matching_swagger_schema
semiconductor_print_pack_ship_ontology.json,semiconductor_print_pack_ship,A_PrintingAutomation,打印自动化,setupAccess,Navigation,物理字段 SetupAccessId → A_SetupAccess,,no_matching_swagger_schema
semiconductor_print_pack_ship_ontology.json,semiconductor_print_pack_ship,A_PrintingAutomation,打印自动化,processSpecObjectType,String,物理字段 ProcessSpecObjectType,,no_matching_swagger_schema
semiconductor_print_pack_ship_ontology.json,semiconductor_print_pack_ship,A_PrintingAutomation,打印自动化,description,String,物理字段 Description,,no_matching_swagger_schema
semiconductor_print_pack_ship_ontology.json,semiconductor_print_pack_ship,A_PrintingAutomation,打印自动化,changeHistory,Navigation,物理字段 ChangeHistoryId → ChangeStatus,,no_matching_swagger_schema
semiconductor_print_pack_ship_ontology.json,semiconductor_print_pack_ship,A_PrintingAutomation,打印自动化,name,String,物理字段 PrintingAutomationName,,no_matching_swagger_schema
semiconductor_print_pack_ship_ontology.json,semiconductor_print_pack_ship,A_PrintingAutomation,打印自动化,spec,Navigation,物理字段 SpecId → Spec,,no_matching_swagger_schema
semiconductor_print_pack_ship_ontology.json,semiconductor_print_pack_ship,A_PrintingAutomation,打印自动化,serviceName,String,物理字段 ServiceName,,no_matching_swagger_schema
semiconductor_print_pack_ship_ontology.json,semiconductor_print_pack_ship,A_PrintingAutomation,打印自动化,iconId,Integer,物理字段 IconId,,no_matching_swagger_schema
semiconductor_print_pack_ship_ontology.json,semiconductor_print_pack_ship,A_PrintingAutomation,打印自动化,filterTags,String,物理字段 FilterTags,,no_matching_swagger_schema
semiconductor_print_pack_ship_ontology.json,semiconductor_print_pack_ship,A_PrintingComputer,打印计算机,computerName,String,物理字段 ComputerName,,no_matching_swagger_schema
semiconductor_print_pack_ship_ontology.json,semiconductor_print_pack_ship,A_PrintingComputer,打印计算机,setupAccess,Navigation,物理字段 SetupAccessId → A_SetupAccess,,no_matching_swagger_schema
semiconductor_print_pack_ship_ontology.json,semiconductor_print_pack_ship,A_PrintingComputer,打印计算机,notes,String,物理字段 Notes,,no_matching_swagger_schema
semiconductor_print_pack_ship_ontology.json,semiconductor_print_pack_ship,A_PrintingComputer,打印计算机,description,String,物理字段 Description,,no_matching_swagger_schema
semiconductor_print_pack_ship_ontology.json,semiconductor_print_pack_ship,A_PrintingComputer,打印计算机,changeHistory,Navigation,物理字段 ChangeHistoryId → ChangeStatus,,no_matching_swagger_schema
semiconductor_print_pack_ship_ontology.json,semiconductor_print_pack_ship,A_PrintingComputer,打印计算机,iconId,Integer,物理字段 IconId,,no_matching_swagger_schema
semiconductor_print_pack_ship_ontology.json,semiconductor_print_pack_ship,A_PrintingComputer,打印计算机,isFrozen,Boolean,物理字段 IsFrozen,,no_matching_swagger_schema
semiconductor_print_pack_ship_ontology.json,semiconductor_print_pack_ship,A_PrintingComputer,打印计算机,name,String,物理字段 PrintingComputerName,,no_matching_swagger_schema
semiconductor_print_pack_ship_ontology.json,semiconductor_print_pack_ship,A_PrintingComputer,打印计算机,printingSetup,Navigation,物理字段 PrintingSetupId → A_PrintingSetup,,no_matching_swagger_schema
semiconductor_print_pack_ship_ontology.json,semiconductor_print_pack_ship,A_PrintingComputer,打印计算机,filterTags,String,物理字段 FilterTags,,no_matching_swagger_schema
semiconductor_print_pack_ship_ontology.json,semiconductor_print_pack_ship,A_PrintingConnection,打印连接,name,String,物理字段 PrintingConnectionName,,no_matching_swagger_schema
semiconductor_print_pack_ship_ontology.json,semiconductor_print_pack_ship,A_PrintingConnection,打印连接,iconId,Integer,物理字段 IconId,,no_matching_swagger_schema
semiconductor_print_pack_ship_ontology.json,semiconductor_print_pack_ship,A_PrintingConnection,打印连接,setupAccess,Navigation,物理字段 SetupAccessId → A_SetupAccess,,no_matching_swagger_schema
semiconductor_print_pack_ship_ontology.json,semiconductor_print_pack_ship,A_PrintingConnection,打印连接,changeHistory,Navigation,物理字段 ChangeHistoryId → ChangeStatus,,no_matching_swagger_schema
semiconductor_print_pack_ship_ontology.json,semiconductor_print_pack_ship,A_PrintingConnection,打印连接,username,String,物理字段 Username,,no_matching_swagger_schema
semiconductor_print_pack_ship_ontology.json,semiconductor_print_pack_ship,A_PrintingConnection,打印连接,password,String,物理字段 Password,,no_matching_swagger_schema
semiconductor_print_pack_ship_ontology.json,semiconductor_print_pack_ship,A_PrintingConnection,打印连接,serverName,String,物理字段 ServerName,,no_matching_swagger_schema
semiconductor_print_pack_ship_ontology.json,semiconductor_print_pack_ship,A_PrintingConnection,打印连接,databaseName,String,物理字段 DatabaseName,,no_matching_swagger_schema
semiconductor_print_pack_ship_ontology.json,semiconductor_print_pack_ship,A_PrintingConnection,打印连接,description,String,物理字段 Description,,no_matching_swagger_schema
semiconductor_print_pack_ship_ontology.json,semiconductor_print_pack_ship,A_PrintingConnection,打印连接,isFrozen,Boolean,物理字段 IsFrozen,,no_matching_swagger_schema
semiconductor_print_pack_ship_ontology.json,semiconductor_print_pack_ship,A_PrintingConnection,打印连接,notes,String,物理字段 Notes,,no_matching_swagger_schema
semiconductor_print_pack_ship_ontology.json,semiconductor_print_pack_ship,A_PrintingConnection,打印连接,filterTags,String,物理字段 FilterTags,,no_matching_swagger_schema
semiconductor_print_pack_ship_ontology.json,semiconductor_print_pack_ship,A_PrintingSetup,打印配置,notes,String,物理字段 Notes,,no_matching_swagger_schema
semiconductor_print_pack_ship_ontology.json,semiconductor_print_pack_ship,A_PrintingSetup,打印配置,enableBoxCountOffset,Boolean,物理字段 EnableBoxCountOffset,,no_matching_swagger_schema
semiconductor_print_pack_ship_ontology.json,semiconductor_print_pack_ship,A_PrintingSetup,打印配置,postTxnSql,String,物理字段 PostTxnSQL,,no_matching_swagger_schema
semiconductor_print_pack_ship_ontology.json,semiconductor_print_pack_ship,A_PrintingSetup,打印配置,preTxnSql,String,物理字段 PreTxnSQL,,no_matching_swagger_schema
semiconductor_print_pack_ship_ontology.json,semiconductor_print_pack_ship,A_PrintingSetup,打印配置,setupAccess,Navigation,物理字段 SetupAccessId → A_SetupAccess,,no_matching_swagger_schema
semiconductor_print_pack_ship_ontology.json,semiconductor_print_pack_ship,A_PrintingSetup,打印配置,description,String,物理字段 Description,,no_matching_swagger_schema
semiconductor_print_pack_ship_ontology.json,semiconductor_print_pack_ship,A_PrintingSetup,打印配置,iconId,Integer,物理字段 IconId,,no_matching_swagger_schema
semiconductor_print_pack_ship_ontology.json,semiconductor_print_pack_ship,A_PrintingSetup,打印配置,isFrozen,Boolean,物理字段 IsFrozen,,no_matching_swagger_schema
semiconductor_print_pack_ship_ontology.json,semiconductor_print_pack_ship,A_PrintingSetup,打印配置,changeHistory,Navigation,物理字段 ChangeHistoryId → ChangeStatus,,no_matching_swagger_schema
semiconductor_print_pack_ship_ontology.json,semiconductor_print_pack_ship,A_PrintingSetup,打印配置,printingType,Navigation,物理字段 PrintingTypeId → A_PrintingType,,no_matching_swagger_schema
semiconductor_print_pack_ship_ontology.json,semiconductor_print_pack_ship,A_PrintingSetup,打印配置,filename,String,物理字段 Filename,,no_matching_swagger_schema
semiconductor_print_pack_ship_ontology.json,semiconductor_print_pack_ship,A_PrintingSetup,打印配置,numberOfCopies,Integer,物理字段 NumberOfCopies,,no_matching_swagger_schema
semiconductor_print_pack_ship_ontology.json,semiconductor_print_pack_ship,A_PrintingSetup,打印配置,printingConnection,Navigation,物理字段 PrintingConnectionId → A_PrintingConnection,,no_matching_swagger_schema
semiconductor_print_pack_ship_ontology.json,semiconductor_print_pack_ship,A_PrintingSetup,打印配置,name,String,物理字段 PrintingSetupName,,no_matching_swagger_schema
semiconductor_print_pack_ship_ontology.json,semiconductor_print_pack_ship,A_PrintingSetup,打印配置,filterTags,String,物理字段 FilterTags,,no_matching_swagger_schema
semiconductor_print_pack_ship_ontology.json,semiconductor_print_pack_ship,A_PrintingType,打印类型,isFrozen,Boolean,物理字段 IsFrozen,,no_matching_swagger_schema
semiconductor_print_pack_ship_ontology.json,semiconductor_print_pack_ship,A_PrintingType,打印类型,name,String,物理字段 PrintingTypeName,,no_matching_swagger_schema
semiconductor_print_pack_ship_ontology.json,semiconductor_print_pack_ship,A_PrintingType,打印类型,notes,String,物理字段 Notes,,no_matching_swagger_schema
semiconductor_print_pack_ship_ontology.json,semiconductor_print_pack_ship,A_PrintingType,打印类型,setupAccess,Navigation,物理字段 SetupAccessId → A_SetupAccess,,no_matching_swagger_schema
semiconductor_print_pack_ship_ontology.json,semiconductor_print_pack_ship,A_PrintingType,打印类型,changeHistory,Navigation,物理字段 ChangeHistoryId → ChangeStatus,,no_matching_swagger_schema
semiconductor_print_pack_ship_ontology.json,semiconductor_print_pack_ship,A_PrintingType,打印类型,description,String,物理字段 Description,,no_matching_swagger_schema
semiconductor_print_pack_ship_ontology.json,semiconductor_print_pack_ship,A_PrintingType,打印类型,iconId,Integer,物理字段 IconId,,no_matching_swagger_schema
semiconductor_print_pack_ship_ontology.json,semiconductor_print_pack_ship,A_PrintingType,打印类型,filterTags,String,物理字段 FilterTags,,no_matching_swagger_schema
semiconductor_print_pack_ship_ontology.json,semiconductor_print_pack_ship,ss_LabelPlan,标签计划,numberingRule,Navigation,物理字段 NumberingRuleId → NumberingRule,,no_matching_swagger_schema
semiconductor_print_pack_ship_ontology.json,semiconductor_print_pack_ship,ss_LabelPlan,标签计划,isLinkedToOutputLabel,Boolean,物理字段 IsLinkedToOutputLabel,,no_matching_swagger_schema
semiconductor_print_pack_ship_ontology.json,semiconductor_print_pack_ship,ss_LabelPlan,标签计划,name,String,物理字段 ss_LabelPlanName,,no_matching_swagger_schema
semiconductor_print_pack_ship_ontology.json,semiconductor_print_pack_ship,ss_LabelPlan,标签计划,defaultQtyPerLabel,Integer,物理字段 DefaultQtyPerLabel,,no_matching_swagger_schema
semiconductor_print_pack_ship_ontology.json,semiconductor_print_pack_ship,ss_LabelPlan,标签计划,noLabelSplits,Boolean,物理字段 NoLabelSplits,,no_matching_swagger_schema
semiconductor_print_pack_ship_ontology.json,semiconductor_print_pack_ship,ss_LabelPlan,标签计划,setupAccess,Navigation,物理字段 SetupAccessId → A_SetupAccess,,no_matching_swagger_schema
semiconductor_print_pack_ship_ontology.json,semiconductor_print_pack_ship,ss_LabelPlan,标签计划,isFrozen,Boolean,物理字段 IsFrozen,,no_matching_swagger_schema
semiconductor_print_pack_ship_ontology.json,semiconductor_print_pack_ship,ss_LabelPlan,标签计划,iconId,Integer,物理字段 IconId,,no_matching_swagger_schema
semiconductor_print_pack_ship_ontology.json,semiconductor_print_pack_ship,ss_LabelPlan,标签计划,description,String,物理字段 Description,,no_matching_swagger_schema
semiconductor_print_pack_ship_ontology.json,semiconductor_print_pack_ship,ss_LabelPlan,标签计划,changeHistory,Navigation,物理字段 ChangeHistoryId → ChangeStatus,,no_matching_swagger_schema
semiconductor_print_pack_ship_ontology.json,semiconductor_print_pack_ship,ss_LabelPlan,标签计划,notes,String,物理字段 Notes,,no_matching_swagger_schema
semiconductor_print_pack_ship_ontology.json,semiconductor_print_pack_ship,ss_LabelPlan,标签计划,filterTags,String,物理字段 FilterTags,,no_matching_swagger_schema
semiconductor_print_pack_ship_ontology.json,semiconductor_print_pack_ship,ss_LabelSetup,标签配置,printingSetup,Navigation,物理字段 PrintingSetupId → A_PrintingSetup,,no_matching_swagger_schema
semiconductor_print_pack_ship_ontology.json,semiconductor_print_pack_ship,ss_LabelSetup,标签配置,ssLabelType,Navigation,物理字段 ss_LabelTypeId → ss_LabelType,,no_matching_swagger_schema
semiconductor_print_pack_ship_ontology.json,semiconductor_print_pack_ship,ss_LabelSetup,标签配置,name,String,物理字段 ss_LabelSetupName,,no_matching_swagger_schema
semiconductor_print_pack_ship_ontology.json,semiconductor_print_pack_ship,ss_LabelSetup,标签配置,setupAccess,Navigation,物理字段 SetupAccessId → A_SetupAccess,,no_matching_swagger_schema
semiconductor_print_pack_ship_ontology.json,semiconductor_print_pack_ship,ss_LabelSetup,标签配置,isFrozen,Boolean,物理字段 IsFrozen,,no_matching_swagger_schema
semiconductor_print_pack_ship_ontology.json,semiconductor_print_pack_ship,ss_LabelSetup,标签配置,iconId,Integer,物理字段 IconId,,no_matching_swagger_schema
semiconductor_print_pack_ship_ontology.json,semiconductor_print_pack_ship,ss_LabelSetup,标签配置,defaultQtyPerLabel,Integer,物理字段 DefaultQtyPerLabel,,no_matching_swagger_schema
semiconductor_print_pack_ship_ontology.json,semiconductor_print_pack_ship,ss_LabelSetup,标签配置,notes,String,物理字段 Notes,,no_matching_swagger_schema
semiconductor_print_pack_ship_ontology.json,semiconductor_print_pack_ship,ss_LabelSetup,标签配置,changeHistory,Navigation,物理字段 ChangeHistoryId → ChangeStatus,,no_matching_swagger_schema
semiconductor_print_pack_ship_ontology.json,semiconductor_print_pack_ship,ss_LabelSetup,标签配置,description,String,物理字段 Description,,no_matching_swagger_schema
semiconductor_print_pack_ship_ontology.json,semiconductor_print_pack_ship,ss_LabelSetup,标签配置,numberingRule,Navigation,物理字段 NumberingRuleId → NumberingRule,,no_matching_swagger_schema
semiconductor_print_pack_ship_ontology.json,semiconductor_print_pack_ship,ss_LabelSetup,标签配置,filterTags,String,物理字段 FilterTags,,no_matching_swagger_schema
semiconductor_print_pack_ship_ontology.json,semiconductor_print_pack_ship,ss_LabelSetup,标签配置,eSigRequiredForReprint,Boolean,物理字段 ESigRequiredForReprint,,no_matching_swagger_schema
semiconductor_print_pack_ship_ontology.json,semiconductor_print_pack_ship,ss_LabelType,标签类型,setupAccess,Navigation,物理字段 SetupAccessId → A_SetupAccess,,no_matching_swagger_schema
semiconductor_print_pack_ship_ontology.json,semiconductor_print_pack_ship,ss_LabelType,标签类型,name,String,物理字段 ss_LabelTypeName,,no_matching_swagger_schema
semiconductor_print_pack_ship_ontology.json,semiconductor_print_pack_ship,ss_LabelType,标签类型,isFrozen,Boolean,物理字段 IsFrozen,,no_matching_swagger_schema
semiconductor_print_pack_ship_ontology.json,semiconductor_print_pack_ship,ss_LabelType,标签类型,iconId,Integer,物理字段 IconId,,no_matching_swagger_schema
semiconductor_print_pack_ship_ontology.json,semiconductor_print_pack_ship,ss_LabelType,标签类型,description,String,物理字段 Description,,no_matching_swagger_schema
semiconductor_print_pack_ship_ontology.json,semiconductor_print_pack_ship,ss_LabelType,标签类型,changeHistory,Navigation,物理字段 ChangeHistoryId → ChangeStatus,,no_matching_swagger_schema
semiconductor_print_pack_ship_ontology.json,semiconductor_print_pack_ship,ss_LabelType,标签类型,notes,String,物理字段 Notes,,no_matching_swagger_schema
semiconductor_print_pack_ship_ontology.json,semiconductor_print_pack_ship,ss_LabelType,标签类型,filterTags,String,物理字段 FilterTags,,no_matching_swagger_schema
semiconductor_print_pack_ship_ontology.json,semiconductor_print_pack_ship,A_PackingQty,包装数量,notes,String,物理字段 Notes,,no_matching_swagger_schema
semiconductor_print_pack_ship_ontology.json,semiconductor_print_pack_ship,A_PackingQty,包装数量,setupAccess,Navigation,物理字段 SetupAccessId → A_SetupAccess,,no_matching_swagger_schema
semiconductor_print_pack_ship_ontology.json,semiconductor_print_pack_ship,A_PackingQty,包装数量,iconId,Integer,物理字段 IconId,,no_matching_swagger_schema
semiconductor_print_pack_ship_ontology.json,semiconductor_print_pack_ship,A_PackingQty,包装数量,changeHistory,Navigation,物理字段 ChangeHistoryId → ChangeStatus,,no_matching_swagger_schema
semiconductor_print_pack_ship_ontology.json,semiconductor_print_pack_ship,A_PackingQty,包装数量,description,String,物理字段 Description,,no_matching_swagger_schema
semiconductor_print_pack_ship_ontology.json,semiconductor_print_pack_ship,A_PackingQty,包装数量,product,Navigation,物理字段 ProductId → Product,,no_matching_swagger_schema
semiconductor_print_pack_ship_ontology.json,semiconductor_print_pack_ship,A_PackingQty,包装数量,packingType,Navigation,物理字段 PackingTypeId → A_PackingType,,no_matching_swagger_schema
semiconductor_print_pack_ship_ontology.json,semiconductor_print_pack_ship,A_PackingQty,包装数量,qtyPerPack,Float,物理字段 QtyPerPack,,no_matching_swagger_schema
semiconductor_print_pack_ship_ontology.json,semiconductor_print_pack_ship,A_PackingQty,包装数量,name,String,物理字段 PackingQtyName,,no_matching_swagger_schema
semiconductor_print_pack_ship_ontology.json,semiconductor_print_pack_ship,A_PackingQty,包装数量,isFrozen,Boolean,物理字段 IsFrozen,,no_matching_swagger_schema
semiconductor_print_pack_ship_ontology.json,semiconductor_print_pack_ship,A_PackingQty,包装数量,filterTags,String,物理字段 FilterTags,,no_matching_swagger_schema
semiconductor_print_pack_ship_ontology.json,semiconductor_print_pack_ship,A_PackingType,包装类型,iconId,Integer,物理字段 IconId,,no_matching_swagger_schema
semiconductor_print_pack_ship_ontology.json,semiconductor_print_pack_ship,A_PackingType,包装类型,notes,String,物理字段 Notes,,no_matching_swagger_schema
semiconductor_print_pack_ship_ontology.json,semiconductor_print_pack_ship,A_PackingType,包装类型,setupAccess,Navigation,物理字段 SetupAccessId → A_SetupAccess,,no_matching_swagger_schema
semiconductor_print_pack_ship_ontology.json,semiconductor_print_pack_ship,A_PackingType,包装类型,description,String,物理字段 Description,,no_matching_swagger_schema
semiconductor_print_pack_ship_ontology.json,semiconductor_print_pack_ship,A_PackingType,包装类型,name,String,物理字段 PackingTypeName,,no_matching_swagger_schema
semiconductor_print_pack_ship_ontology.json,semiconductor_print_pack_ship,A_PackingType,包装类型,isFrozen,Boolean,物理字段 IsFrozen,,no_matching_swagger_schema
semiconductor_print_pack_ship_ontology.json,semiconductor_print_pack_ship,A_PackingType,包装类型,changeHistory,Navigation,物理字段 ChangeHistoryId → ChangeStatus,,no_matching_swagger_schema
semiconductor_print_pack_ship_ontology.json,semiconductor_print_pack_ship,A_PackingType,包装类型,filterTags,String,物理字段 FilterTags,,no_matching_swagger_schema
semiconductor_print_pack_ship_ontology.json,semiconductor_print_pack_ship,A_PackageGroup,包装组,isFrozen,Boolean,物理字段 IsFrozen,,no_matching_swagger_schema
semiconductor_print_pack_ship_ontology.json,semiconductor_print_pack_ship,A_PackageGroup,包装组,notes,String,物理字段 Notes,,no_matching_swagger_schema
semiconductor_print_pack_ship_ontology.json,semiconductor_print_pack_ship,A_PackageGroup,包装组,setupAccess,Navigation,物理字段 SetupAccessId → A_SetupAccess,,no_matching_swagger_schema
semiconductor_print_pack_ship_ontology.json,semiconductor_print_pack_ship,A_PackageGroup,包装组,name,String,物理字段 PackageGroupName,,no_matching_swagger_schema
semiconductor_print_pack_ship_ontology.json,semiconductor_print_pack_ship,A_PackageGroup,包装组,description,String,物理字段 Description,,no_matching_swagger_schema
semiconductor_print_pack_ship_ontology.json,semiconductor_print_pack_ship,A_PackageGroup,包装组,iconId,Integer,物理字段 IconId,,no_matching_swagger_schema
semiconductor_print_pack_ship_ontology.json,semiconductor_print_pack_ship,A_PackageGroup,包装组,changeHistory,Navigation,物理字段 ChangeHistoryId → ChangeStatus,,no_matching_swagger_schema
semiconductor_print_pack_ship_ontology.json,semiconductor_print_pack_ship,A_PackageGroup,包装组,filterTags,String,物理字段 FilterTags,,no_matching_swagger_schema
semiconductor_print_pack_ship_ontology.json,semiconductor_print_pack_ship,A_ShipFactoryCode,出货工厂代码,description,String,物理字段 Description,,no_matching_swagger_schema
semiconductor_print_pack_ship_ontology.json,semiconductor_print_pack_ship,A_ShipFactoryCode,出货工厂代码,changeHistory,Navigation,物理字段 ChangeHistoryId → ChangeStatus,,no_matching_swagger_schema
semiconductor_print_pack_ship_ontology.json,semiconductor_print_pack_ship,A_ShipFactoryCode,出货工厂代码,name,String,物理字段 ShipFactoryCodeName,,no_matching_swagger_schema
semiconductor_print_pack_ship_ontology.json,semiconductor_print_pack_ship,A_ShipFactoryCode,出货工厂代码,iconId,Integer,物理字段 IconId,,no_matching_swagger_schema
semiconductor_print_pack_ship_ontology.json,semiconductor_print_pack_ship,A_ShipFactoryCode,出货工厂代码,notes,String,物理字段 Notes,,no_matching_swagger_schema
semiconductor_print_pack_ship_ontology.json,semiconductor_print_pack_ship,A_ShipFactoryCode,出货工厂代码,setupAccess,Navigation,物理字段 SetupAccessId → A_SetupAccess,,no_matching_swagger_schema
semiconductor_print_pack_ship_ontology.json,semiconductor_print_pack_ship,A_ShipFactoryCode,出货工厂代码,isFrozen,Boolean,物理字段 IsFrozen,,no_matching_swagger_schema
semiconductor_print_pack_ship_ontology.json,semiconductor_print_pack_ship,A_ShipFactoryCode,出货工厂代码,filterTags,String,物理字段 FilterTags,,no_matching_swagger_schema
semiconductor_process_equipment_ontology.json,semiconductor_process_equipment,A_ProcessSpec,半导体工艺规格,processSpecBase,Navigation,物理字段 ProcessSpecBaseId → A_ProcessSpecBase,,no_matching_swagger_schema
semiconductor_process_equipment_ontology.json,semiconductor_process_equipment,A_ProcessSpec,半导体工艺规格,changeHistory,Navigation,物理字段 ChangeHistoryId → ChangeStatus,,no_matching_swagger_schema
semiconductor_process_equipment_ontology.json,semiconductor_process_equipment,A_ProcessSpec,半导体工艺规格,description,String,物理字段 Description,,no_matching_swagger_schema
semiconductor_process_equipment_ontology.json,semiconductor_process_equipment,A_ProcessSpec,半导体工艺规格,iconId,Integer,物理字段 IconId,,no_matching_swagger_schema
semiconductor_process_equipment_ontology.json,semiconductor_process_equipment,A_ProcessSpec,半导体工艺规格,isFrozen,Boolean,物理字段 IsFrozen,,no_matching_swagger_schema
semiconductor_process_equipment_ontology.json,semiconductor_process_equipment,A_ProcessSpec,半导体工艺规格,revision,String,物理字段 ProcessSpecRevision,,no_matching_swagger_schema
semiconductor_process_equipment_ontology.json,semiconductor_process_equipment,A_ProcessSpec,半导体工艺规格,status,Integer,物理字段 Status,,no_matching_swagger_schema
semiconductor_process_equipment_ontology.json,semiconductor_process_equipment,A_ProcessSpec,半导体工艺规格,wipMsgDefMgr,Navigation,物理字段 WIPMsgDefMgrId → WIPMsgDefMgr,,no_matching_swagger_schema
semiconductor_process_equipment_ontology.json,semiconductor_process_equipment,A_ProcessSpec,半导体工艺规格,objectType,String,物理字段 ObjectType,,no_matching_swagger_schema
semiconductor_process_equipment_ontology.json,semiconductor_process_equipment,A_ProcessSpec,半导体工艺规格,setupAccess,Navigation,物理字段 SetupAccessId → A_SetupAccess,,no_matching_swagger_schema
semiconductor_process_equipment_ontology.json,semiconductor_process_equipment,A_ProcessSpec,半导体工艺规格,documentSet,Navigation,物理字段 DocumentSetId → DocumentSet,,no_matching_swagger_schema
semiconductor_process_equipment_ontology.json,semiconductor_process_equipment,A_ProcessSpec,半导体工艺规格,objectCategory,String,物理字段 ObjectCategory,,no_matching_swagger_schema
semiconductor_process_equipment_ontology.json,semiconductor_process_equipment,A_ProcessSpec,半导体工艺规格,packingType,Navigation,物理字段 PackingTypeId → A_PackingType,,no_matching_swagger_schema
semiconductor_process_equipment_ontology.json,semiconductor_process_equipment,A_ProcessSpec,半导体工艺规格,processSpecStatus,Navigation,物理字段 ProcessSpecStatusId → A_ProcessSpecStatus,,no_matching_swagger_schema
semiconductor_process_equipment_ontology.json,semiconductor_process_equipment,A_ProcessSpec,半导体工艺规格,mfgOrderRequired,Boolean,物理字段 MfgOrderRequired,,no_matching_swagger_schema
semiconductor_process_equipment_ontology.json,semiconductor_process_equipment,A_ProcessSpec,半导体工艺规格,notes,String,物理字段 Notes,,no_matching_swagger_schema
semiconductor_process_equipment_ontology.json,semiconductor_process_equipment,A_ProcessSpec,半导体工艺规格,cycleTime,Float,物理字段 CycleTime,,no_matching_swagger_schema
semiconductor_process_equipment_ontology.json,semiconductor_process_equipment,A_ProcessSpec,半导体工艺规格,owner,Navigation,物理字段 OwnerId → Owner,,no_matching_swagger_schema
semiconductor_process_equipment_ontology.json,semiconductor_process_equipment,A_ProcessSpec,半导体工艺规格,useOnlyIfValid,Boolean,物理字段 UseOnlyIfValid,,no_matching_swagger_schema
semiconductor_process_equipment_ontology.json,semiconductor_process_equipment,A_ProcessSpec,半导体工艺规格,isEngineering,Boolean,物理字段 IsEngineering,,no_matching_swagger_schema
semiconductor_process_equipment_ontology.json,semiconductor_process_equipment,A_ProcessSpec,半导体工艺规格,expiryTimestamp,DateTime,物理字段 ExpiryTimestamp,,no_matching_swagger_schema
semiconductor_process_equipment_ontology.json,semiconductor_process_equipment,A_ProcessSpec,半导体工艺规格,effectiveTimestamp,DateTime,物理字段 EffectiveTimestamp,,no_matching_swagger_schema
semiconductor_process_equipment_ontology.json,semiconductor_process_equipment,A_ProcessSpec,半导体工艺规格,duration,Float,物理字段 Duration,,no_matching_swagger_schema
semiconductor_process_equipment_ontology.json,semiconductor_process_equipment,A_ProcessSpec,半导体工艺规格,isSs,Boolean,物理字段 IsSS,,no_matching_swagger_schema
semiconductor_process_equipment_ontology.json,semiconductor_process_equipment,A_ProcessSpec,半导体工艺规格,eco,String,物理字段 ECO,,no_matching_swagger_schema
semiconductor_process_equipment_ontology.json,semiconductor_process_equipment,A_ProcessSpec,半导体工艺规格,scsPositionAssignLotVerificati,Integer,物理字段 scsPositionAssignLotVerificati,,no_matching_swagger_schema
semiconductor_process_equipment_ontology.json,semiconductor_process_equipment,A_ProcessSpec,半导体工艺规格,filterTags,String,物理字段 FilterTags,,no_matching_swagger_schema
semiconductor_process_equipment_ontology.json,semiconductor_process_equipment,A_ProcessSpec,半导体工艺规格,workflow,Navigation,物理字段 WorkflowId → Workflow,,no_matching_swagger_schema
semiconductor_process_equipment_ontology.json,semiconductor_process_equipment,A_ProcessSpec,半导体工艺规格,workflowBase,Integer,物理字段 WorkflowBaseId,,no_matching_swagger_schema
semiconductor_process_equipment_ontology.json,semiconductor_process_equipment,A_ProcessSpecStatus,工艺规格状态,filterTags,String,物理字段 FilterTags,,no_matching_swagger_schema
semiconductor_process_equipment_ontology.json,semiconductor_process_equipment,A_ProcessSpecStatus,工艺规格状态,isFrozen,Boolean,物理字段 IsFrozen,,no_matching_swagger_schema
semiconductor_process_equipment_ontology.json,semiconductor_process_equipment,A_ProcessSpecStatus,工艺规格状态,name,String,物理字段 ProcessSpecStatusName,,no_matching_swagger_schema
semiconductor_process_equipment_ontology.json,semiconductor_process_equipment,A_ProcessSpecStatus,工艺规格状态,isAvailable,Boolean,物理字段 IsAvailable,,no_matching_swagger_schema
semiconductor_process_equipment_ontology.json,semiconductor_process_equipment,A_ProcessSpecStatus,工艺规格状态,description,String,物理字段 Description,,no_matching_swagger_schema
semiconductor_process_equipment_ontology.json,semiconductor_process_equipment,A_ProcessSpecStatus,工艺规格状态,iconId,Integer,物理字段 IconId,,no_matching_swagger_schema
semiconductor_process_equipment_ontology.json,semiconductor_process_equipment,A_ProcessSpecStatus,工艺规格状态,notes,String,物理字段 Notes,,no_matching_swagger_schema
semiconductor_process_equipment_ontology.json,semiconductor_process_equipment,A_ProcessSpecStatus,工艺规格状态,setupAccess,Navigation,物理字段 SetupAccessId → A_SetupAccess,,no_matching_swagger_schema
semiconductor_process_equipment_ontology.json,semiconductor_process_equipment,A_ProcessSpecStatus,工艺规格状态,changeHistory,Navigation,物理字段 ChangeHistoryId → ChangeStatus,,no_matching_swagger_schema
semiconductor_process_equipment_ontology.json,semiconductor_process_equipment,A_ProcessCapability,工艺能力,notes,String,物理字段 Notes,,no_matching_swagger_schema
semiconductor_process_equipment_ontology.json,semiconductor_process_equipment,A_ProcessCapability,工艺能力,multiChamberCondition,String,物理字段 MultiChamberCondition,,no_matching_swagger_schema
semiconductor_process_equipment_ontology.json,semiconductor_process_equipment,A_ProcessCapability,工艺能力,isFrozen,Boolean,物理字段 IsFrozen,,no_matching_swagger_schema
semiconductor_process_equipment_ontology.json,semiconductor_process_equipment,A_ProcessCapability,工艺能力,description,String,物理字段 Description,,no_matching_swagger_schema
semiconductor_process_equipment_ontology.json,semiconductor_process_equipment,A_ProcessCapability,工艺能力,name,String,物理字段 ProcessCapabilityName,,no_matching_swagger_schema
semiconductor_process_equipment_ontology.json,semiconductor_process_equipment,A_ProcessCapability,工艺能力,setupAccess,Navigation,物理字段 SetupAccessId → A_SetupAccess,,no_matching_swagger_schema
semiconductor_process_equipment_ontology.json,semiconductor_process_equipment,A_ProcessCapability,工艺能力,iconId,Integer,物理字段 IconId,,no_matching_swagger_schema
semiconductor_process_equipment_ontology.json,semiconductor_process_equipment,A_ProcessCapability,工艺能力,changeHistory,Navigation,物理字段 ChangeHistoryId → ChangeStatus,,no_matching_swagger_schema
semiconductor_process_equipment_ontology.json,semiconductor_process_equipment,A_ProcessCapability,工艺能力,filterTags,String,物理字段 FilterTags,,no_matching_swagger_schema
semiconductor_process_equipment_ontology.json,semiconductor_process_equipment,A_EquipmentMatrix,设备矩阵,setupAccess,Navigation,物理字段 SetupAccessId → A_SetupAccess,,no_matching_swagger_schema
semiconductor_process_equipment_ontology.json,semiconductor_process_equipment,A_EquipmentMatrix,设备矩阵,owner,Navigation,物理字段 OwnerId → Owner,,no_matching_swagger_schema
semiconductor_process_equipment_ontology.json,semiconductor_process_equipment,A_EquipmentMatrix,设备矩阵,autoExceptionOnSpcFailure,Boolean,物理字段 AutoExceptionOnSPCFailure,,no_matching_swagger_schema
semiconductor_process_equipment_ontology.json,semiconductor_process_equipment,A_EquipmentMatrix,设备矩阵,product,Navigation,物理字段 ProductId → Product,,no_matching_swagger_schema
semiconductor_process_equipment_ontology.json,semiconductor_process_equipment,A_EquipmentMatrix,设备矩阵,processSpec,Navigation,物理字段 ProcessSpecId → A_ProcessSpec,,no_matching_swagger_schema
semiconductor_process_equipment_ontology.json,semiconductor_process_equipment,A_EquipmentMatrix,设备矩阵,description,String,物理字段 Description,,no_matching_swagger_schema
semiconductor_process_equipment_ontology.json,semiconductor_process_equipment,A_EquipmentMatrix,设备矩阵,equipmentGroup,Navigation,物理字段 EquipmentGroupId → ResourceGroup,,no_matching_swagger_schema
semiconductor_process_equipment_ontology.json,semiconductor_process_equipment,A_EquipmentMatrix,设备矩阵,spec,Navigation,物理字段 SpecId → Spec,,no_matching_swagger_schema
semiconductor_process_equipment_ontology.json,semiconductor_process_equipment,A_EquipmentMatrix,设备矩阵,name,String,物理字段 EquipmentMatrixName,,no_matching_swagger_schema
semiconductor_process_equipment_ontology.json,semiconductor_process_equipment,A_EquipmentMatrix,设备矩阵,iconId,Integer,物理字段 IconId,,no_matching_swagger_schema
semiconductor_process_equipment_ontology.json,semiconductor_process_equipment,A_EquipmentMatrix,设备矩阵,changeHistory,Navigation,物理字段 ChangeHistoryId → ChangeStatus,,no_matching_swagger_schema
semiconductor_process_equipment_ontology.json,semiconductor_process_equipment,A_EquipmentMatrix,设备矩阵,notes,String,物理字段 Notes,,no_matching_swagger_schema
semiconductor_process_equipment_ontology.json,semiconductor_process_equipment,A_EquipmentMatrix,设备矩阵,isFrozen,Boolean,物理字段 IsFrozen,,no_matching_swagger_schema
semiconductor_process_equipment_ontology.json,semiconductor_process_equipment,A_EquipmentMatrix,设备矩阵,productLine,Navigation,物理字段 ProductLineId → A_ProductLine,,no_matching_swagger_schema
semiconductor_process_equipment_ontology.json,semiconductor_process_equipment,A_EquipmentMatrix,设备矩阵,filterTags,String,物理字段 FilterTags,,no_matching_swagger_schema
semiconductor_process_equipment_ontology.json,semiconductor_process_equipment,A_EquipmentMatrix,设备矩阵,ssWipStepMainWorkflowName,String,物理字段 ss_WIPStepMainWorkflowName,,no_matching_swagger_schema
semiconductor_process_equipment_ontology.json,semiconductor_process_equipment,A_EquipmentMatrix,设备矩阵,ssWfStackSteps,String,物理字段 ss_WfStackSteps,,no_matching_swagger_schema
semiconductor_process_equipment_ontology.json,semiconductor_process_equipment,A_EquipmentMatrix,设备矩阵,ssWfStackKey,String,物理字段 ss_WfStackKey,,no_matching_swagger_schema
semiconductor_process_equipment_ontology.json,semiconductor_process_equipment,A_EquipmentMatrix,设备矩阵,ssWipStepWorkflow,Navigation,物理字段 ss_WIPStepWorkflowId → Workflow,,no_matching_swagger_schema
semiconductor_process_equipment_ontology.json,semiconductor_process_equipment,A_EquipmentMatrix,设备矩阵,ssWipStep,Navigation,物理字段 ss_WIPStepId → WorkflowStep,,no_matching_swagger_schema
semiconductor_process_equipment_ontology.json,semiconductor_process_equipment,ss_EqpConstraintMatrix,设备约束矩阵,changeHistory,Navigation,物理字段 ChangeHistoryId → ChangeStatus,,no_matching_swagger_schema
semiconductor_process_equipment_ontology.json,semiconductor_process_equipment,ss_EqpConstraintMatrix,设备约束矩阵,description,String,物理字段 Description,,no_matching_swagger_schema
semiconductor_process_equipment_ontology.json,semiconductor_process_equipment,ss_EqpConstraintMatrix,设备约束矩阵,ssEquipment,Navigation,物理字段 ss_EquipmentId → ResourceDef,,no_matching_swagger_schema
semiconductor_process_equipment_ontology.json,semiconductor_process_equipment,ss_EqpConstraintMatrix,设备约束矩阵,name,String,物理字段 ss_EqpConstraintMatrixName,,no_matching_swagger_schema
semiconductor_process_equipment_ontology.json,semiconductor_process_equipment,ss_EqpConstraintMatrix,设备约束矩阵,ssEquipmentGroup,Navigation,物理字段 ss_EquipmentGroupId → ResourceGroup,,no_matching_swagger_schema
semiconductor_process_equipment_ontology.json,semiconductor_process_equipment,ss_EqpConstraintMatrix,设备约束矩阵,iconId,Integer,物理字段 IconId,,no_matching_swagger_schema
semiconductor_process_equipment_ontology.json,semiconductor_process_equipment,ss_EqpConstraintMatrix,设备约束矩阵,isFrozen,Boolean,物理字段 IsFrozen,,no_matching_swagger_schema
semiconductor_process_equipment_ontology.json,semiconductor_process_equipment,ss_EqpConstraintMatrix,设备约束矩阵,notes,String,物理字段 Notes,,no_matching_swagger_schema
semiconductor_process_equipment_ontology.json,semiconductor_process_equipment,ss_EqpConstraintMatrix,设备约束矩阵,setupAccess,Navigation,物理字段 SetupAccessId → A_SetupAccess,,no_matching_swagger_schema
semiconductor_process_equipment_ontology.json,semiconductor_process_equipment,ss_EqpConstraintMatrix,设备约束矩阵,filterTags,String,物理字段 FilterTags,,no_matching_swagger_schema
semiconductor_process_equipment_ontology.json,semiconductor_process_equipment,A_RecipeMatrix,配方矩阵,name,String,物理字段 RecipeMatrixName,,no_matching_swagger_schema
semiconductor_process_equipment_ontology.json,semiconductor_process_equipment,A_RecipeMatrix,配方矩阵,changeHistory,Navigation,物理字段 ChangeHistoryId → ChangeStatus,,no_matching_swagger_schema
semiconductor_process_equipment_ontology.json,semiconductor_process_equipment,A_RecipeMatrix,配方矩阵,processCapability,Navigation,物理字段 ProcessCapabilityId → A_ProcessCapability,,no_matching_swagger_schema
semiconductor_process_equipment_ontology.json,semiconductor_process_equipment,A_RecipeMatrix,配方矩阵,equipment,Navigation,物理字段 EquipmentId → ResourceDef,,no_matching_swagger_schema
semiconductor_process_equipment_ontology.json,semiconductor_process_equipment,A_RecipeMatrix,配方矩阵,toolPlan,Navigation,物理字段 ToolPlanId → A_ToolPlan,,no_matching_swagger_schema
semiconductor_process_equipment_ontology.json,semiconductor_process_equipment,A_RecipeMatrix,配方矩阵,owner,Navigation,物理字段 OwnerId → Owner,,no_matching_swagger_schema
semiconductor_process_equipment_ontology.json,semiconductor_process_equipment,A_RecipeMatrix,配方矩阵,equipmentFamily,Navigation,物理字段 EquipmentFamilyId → ResourceFamily,,no_matching_swagger_schema
semiconductor_process_equipment_ontology.json,semiconductor_process_equipment,A_RecipeMatrix,配方矩阵,description,String,物理字段 Description,,no_matching_swagger_schema
semiconductor_process_equipment_ontology.json,semiconductor_process_equipment,A_RecipeMatrix,配方矩阵,setupAccess,Navigation,物理字段 SetupAccessId → A_SetupAccess,,no_matching_swagger_schema
semiconductor_process_equipment_ontology.json,semiconductor_process_equipment,A_RecipeMatrix,配方矩阵,notes,String,物理字段 Notes,,no_matching_swagger_schema
semiconductor_process_equipment_ontology.json,semiconductor_process_equipment,A_RecipeMatrix,配方矩阵,iconId,Integer,物理字段 IconId,,no_matching_swagger_schema
semiconductor_process_equipment_ontology.json,semiconductor_process_equipment,A_RecipeMatrix,配方矩阵,isFrozen,Boolean,物理字段 IsFrozen,,no_matching_swagger_schema
semiconductor_process_equipment_ontology.json,semiconductor_process_equipment,A_RecipeMatrix,配方矩阵,scsProcessType,Navigation,物理字段 scsProcessTypeId → A_ProcessType,,no_matching_swagger_schema
semiconductor_process_equipment_ontology.json,semiconductor_process_equipment,A_RecipeMatrix,配方矩阵,filterTags,String,物理字段 FilterTags,,no_matching_swagger_schema
semiconductor_process_equipment_ontology.json,semiconductor_process_equipment,A_RecipeMatrix,配方矩阵,ssWipStepMainWorkflowName,String,物理字段 ss_WIPStepMainWorkflowName,,no_matching_swagger_schema
semiconductor_process_equipment_ontology.json,semiconductor_process_equipment,A_RecipeMatrix,配方矩阵,ssWipStep,Navigation,物理字段 ss_WIPStepId → WorkflowStep,,no_matching_swagger_schema
semiconductor_process_equipment_ontology.json,semiconductor_process_equipment,A_RecipeMatrix,配方矩阵,ssWfStackSteps,String,物理字段 ss_WfStackSteps,,no_matching_swagger_schema
semiconductor_process_equipment_ontology.json,semiconductor_process_equipment,A_RecipeMatrix,配方矩阵,ssWfStackKey,String,物理字段 ss_WfStackKey,,no_matching_swagger_schema
semiconductor_process_equipment_ontology.json,semiconductor_process_equipment,A_RecipeMatrix,配方矩阵,ssWipStepWorkflow,Navigation,物理字段 ss_WIPStepWorkflowId → Workflow,,no_matching_swagger_schema
semiconductor_process_equipment_ontology.json,semiconductor_process_equipment,A_RecipeMatrix,配方矩阵,productBase,Integer,物理字段 ProductBaseId,,no_matching_swagger_schema
semiconductor_process_equipment_ontology.json,semiconductor_process_equipment,A_RecipeMatrix,配方矩阵,specBase,Integer,物理字段 SpecBaseId,,no_matching_swagger_schema
semiconductor_process_equipment_ontology.json,semiconductor_process_equipment,A_RecipeMatrix,配方矩阵,processSpecBase,Integer,物理字段 ProcessSpecBaseId,,no_matching_swagger_schema
semiconductor_process_equipment_ontology.json,semiconductor_process_equipment,A_RecipeMatrix,配方矩阵,recipe,Navigation,物理字段 RecipeId → Document,,no_matching_swagger_schema
semiconductor_process_equipment_ontology.json,semiconductor_process_equipment,A_RecipeMatrix,配方矩阵,recipeBase,Integer,物理字段 RecipeBaseId,,no_matching_swagger_schema
semiconductor_process_equipment_ontology.json,semiconductor_process_equipment,A_RecipeMatrix,配方矩阵,processSpec,Navigation,物理字段 ProcessSpecId → A_ProcessSpec,,no_matching_swagger_schema
semiconductor_process_equipment_ontology.json,semiconductor_process_equipment,A_RecipeMatrix,配方矩阵,product,Navigation,物理字段 ProductId → Product,,no_matching_swagger_schema
semiconductor_process_equipment_ontology.json,semiconductor_process_equipment,A_RecipeMatrix,配方矩阵,spec,Navigation,物理字段 SpecId → Spec,,no_matching_swagger_schema
semiconductor_process_equipment_ontology.json,semiconductor_process_equipment,ss_RecipeGroup,配方组,setupAccess,Navigation,物理字段 SetupAccessId → A_SetupAccess,,no_matching_swagger_schema
semiconductor_process_equipment_ontology.json,semiconductor_process_equipment,ss_RecipeGroup,配方组,filterTags,String,物理字段 FilterTags,,no_matching_swagger_schema
semiconductor_process_equipment_ontology.json,semiconductor_process_equipment,ss_RecipeGroup,配方组,notes,String,物理字段 Notes,,no_matching_swagger_schema
semiconductor_process_equipment_ontology.json,semiconductor_process_equipment,ss_RecipeGroup,配方组,changeHistory,Navigation,物理字段 ChangeHistoryId → ChangeStatus,,no_matching_swagger_schema
semiconductor_process_equipment_ontology.json,semiconductor_process_equipment,ss_RecipeGroup,配方组,description,String,物理字段 Description,,no_matching_swagger_schema
semiconductor_process_equipment_ontology.json,semiconductor_process_equipment,ss_RecipeGroup,配方组,isFrozen,Boolean,物理字段 IsFrozen,,no_matching_swagger_schema
semiconductor_process_equipment_ontology.json,semiconductor_process_equipment,ss_RecipeGroup,配方组,name,String,物理字段 ss_RecipeGroupName,,no_matching_swagger_schema
semiconductor_process_equipment_ontology.json,semiconductor_process_equipment,ss_RecipeGroup,配方组,entryType,String,物理字段 EntryType,,no_matching_swagger_schema
semiconductor_process_equipment_ontology.json,semiconductor_process_equipment,ss_RecipeGroup,配方组,iconId,Integer,物理字段 IconId,,no_matching_swagger_schema
semiconductor_process_equipment_ontology.json,semiconductor_process_equipment,A_ModifyAttrsSetup,属性修改配置,name,String,物理字段 ModifyAttrsSetupName,,no_matching_swagger_schema
semiconductor_process_equipment_ontology.json,semiconductor_process_equipment,A_ModifyAttrsSetup,属性修改配置,iconId,Integer,物理字段 IconId,,no_matching_swagger_schema
semiconductor_process_equipment_ontology.json,semiconductor_process_equipment,A_ModifyAttrsSetup,属性修改配置,accessLevel,Integer,物理字段 AccessLevel,,no_matching_swagger_schema
semiconductor_process_equipment_ontology.json,semiconductor_process_equipment,A_ModifyAttrsSetup,属性修改配置,alternateName1,String,物理字段 AlternateName1,,no_matching_swagger_schema
semiconductor_process_equipment_ontology.json,semiconductor_process_equipment,A_ModifyAttrsSetup,属性修改配置,isFrozen,Boolean,物理字段 IsFrozen,,no_matching_swagger_schema
semiconductor_process_equipment_ontology.json,semiconductor_process_equipment,A_ModifyAttrsSetup,属性修改配置,alternateName2,String,物理字段 AlternateName2,,no_matching_swagger_schema
semiconductor_process_equipment_ontology.json,semiconductor_process_equipment,A_ModifyAttrsSetup,属性修改配置,attributeType,Navigation,物理字段 AttributeTypeId → A_AttributeType,,no_matching_swagger_schema
semiconductor_process_equipment_ontology.json,semiconductor_process_equipment,A_ModifyAttrsSetup,属性修改配置,requireModifyAttrsReason,Boolean,物理字段 RequireModifyAttrsReason,,no_matching_swagger_schema
semiconductor_process_equipment_ontology.json,semiconductor_process_equipment,A_ModifyAttrsSetup,属性修改配置,singleLotModifyOnly,Boolean,物理字段 SingleLotModifyOnly,,no_matching_swagger_schema
semiconductor_process_equipment_ontology.json,semiconductor_process_equipment,A_ModifyAttrsSetup,属性修改配置,fieldType,String,物理字段 FieldType,,no_matching_swagger_schema
semiconductor_process_equipment_ontology.json,semiconductor_process_equipment,A_ModifyAttrsSetup,属性修改配置,description,String,物理字段 Description,,no_matching_swagger_schema
semiconductor_process_equipment_ontology.json,semiconductor_process_equipment,A_ModifyAttrsSetup,属性修改配置,changeHistory,Navigation,物理字段 ChangeHistoryId → ChangeStatus,,no_matching_swagger_schema
semiconductor_process_equipment_ontology.json,semiconductor_process_equipment,A_ModifyAttrsSetup,属性修改配置,notes,String,物理字段 Notes,,no_matching_swagger_schema
semiconductor_process_equipment_ontology.json,semiconductor_process_equipment,A_ModifyAttrsSetup,属性修改配置,attributeCdoName,String,物理字段 AttributeCDOName,,no_matching_swagger_schema
semiconductor_process_equipment_ontology.json,semiconductor_process_equipment,A_ModifyAttrsSetup,属性修改配置,objectTypeName,String,物理字段 ObjectTypeName,,no_matching_swagger_schema
semiconductor_process_equipment_ontology.json,semiconductor_process_equipment,A_ModifyAttrsSetup,属性修改配置,setupAccess,Navigation,物理字段 SetupAccessId → A_SetupAccess,,no_matching_swagger_schema
semiconductor_process_equipment_ontology.json,semiconductor_process_equipment,A_ModifyAttrsSetup,属性修改配置,filterTags,String,物理字段 FilterTags,,no_matching_swagger_schema
semiconductor_process_equipment_ontology.json,semiconductor_process_equipment,A_EquipmentParamList,设备参数列表,iconId,Integer,物理字段 IconId,,no_matching_swagger_schema
semiconductor_process_equipment_ontology.json,semiconductor_process_equipment,A_EquipmentParamList,设备参数列表,notes,String,物理字段 Notes,,no_matching_swagger_schema
semiconductor_process_equipment_ontology.json,semiconductor_process_equipment,A_EquipmentParamList,设备参数列表,setupAccess,Navigation,物理字段 SetupAccessId → A_SetupAccess,,no_matching_swagger_schema
semiconductor_process_equipment_ontology.json,semiconductor_process_equipment,A_EquipmentParamList,设备参数列表,changeHistory,Navigation,物理字段 ChangeHistoryId → ChangeStatus,,no_matching_swagger_schema
semiconductor_process_equipment_ontology.json,semiconductor_process_equipment,A_EquipmentParamList,设备参数列表,isFrozen,Boolean,物理字段 IsFrozen,,no_matching_swagger_schema
semiconductor_process_equipment_ontology.json,semiconductor_process_equipment,A_EquipmentParamList,设备参数列表,description,String,物理字段 Description,,no_matching_swagger_schema
semiconductor_process_equipment_ontology.json,semiconductor_process_equipment,A_EquipmentParamList,设备参数列表,name,String,物理字段 EquipmentParamListName,,no_matching_swagger_schema
semiconductor_process_equipment_ontology.json,semiconductor_process_equipment,A_EquipmentParamList,设备参数列表,filterTags,String,物理字段 FilterTags,,no_matching_swagger_schema
semiconductor_process_equipment_ontology.json,semiconductor_process_equipment,A_TestProgramSetup,测试程序配置,setupAccess,Navigation,物理字段 SetupAccessId → A_SetupAccess,,no_matching_swagger_schema
semiconductor_process_equipment_ontology.json,semiconductor_process_equipment,A_TestProgramSetup,测试程序配置,description,String,物理字段 Description,,no_matching_swagger_schema
semiconductor_process_equipment_ontology.json,semiconductor_process_equipment,A_TestProgramSetup,测试程序配置,processSpec,Navigation,物理字段 ProcessSpecId → A_ProcessSpec,,no_matching_swagger_schema
semiconductor_process_equipment_ontology.json,semiconductor_process_equipment,A_TestProgramSetup,测试程序配置,spec,Navigation,物理字段 SpecId → Spec,,no_matching_swagger_schema
semiconductor_process_equipment_ontology.json,semiconductor_process_equipment,A_TestProgramSetup,测试程序配置,name,String,物理字段 TestProgramSetupName,,no_matching_swagger_schema
semiconductor_process_equipment_ontology.json,semiconductor_process_equipment,A_TestProgramSetup,测试程序配置,iconId,Integer,物理字段 IconId,,no_matching_swagger_schema
semiconductor_process_equipment_ontology.json,semiconductor_process_equipment,A_TestProgramSetup,测试程序配置,changeHistory,Navigation,物理字段 ChangeHistoryId → ChangeStatus,,no_matching_swagger_schema
semiconductor_process_equipment_ontology.json,semiconductor_process_equipment,A_TestProgramSetup,测试程序配置,notes,String,物理字段 Notes,,no_matching_swagger_schema
semiconductor_process_equipment_ontology.json,semiconductor_process_equipment,A_TestProgramSetup,测试程序配置,productLine,Navigation,物理字段 ProductLineId → A_ProductLine,,no_matching_swagger_schema
semiconductor_process_equipment_ontology.json,semiconductor_process_equipment,A_TestProgramSetup,测试程序配置,owner,Navigation,物理字段 OwnerId → Owner,,no_matching_swagger_schema
semiconductor_process_equipment_ontology.json,semiconductor_process_equipment,A_TestProgramSetup,测试程序配置,product,Navigation,物理字段 ProductId → Product,,no_matching_swagger_schema
semiconductor_process_equipment_ontology.json,semiconductor_process_equipment,A_TestProgramSetup,测试程序配置,isFrozen,Boolean,物理字段 IsFrozen,,no_matching_swagger_schema
semiconductor_process_equipment_ontology.json,semiconductor_process_equipment,A_TestProgramSetup,测试程序配置,filterTags,String,物理字段 FilterTags,,no_matching_swagger_schema
semiconductor_process_wip_details_ontology.json,semiconductor_process_wip_details,A_ProcessSpecDetails,工艺规格明细,recipe,Navigation,物理字段 RecipeId → Document,,no_matching_swagger_schema
semiconductor_process_wip_details_ontology.json,semiconductor_process_wip_details,A_ProcessSpecDetails,工艺规格明细,isFrozen,Boolean,物理字段 IsFrozen,,no_matching_swagger_schema
semiconductor_process_wip_details_ontology.json,semiconductor_process_wip_details,A_ProcessSpecDetails,工艺规格明细,maskLayer,Navigation,物理字段 MaskLayerId → A_MaskLayer,,no_matching_swagger_schema
semiconductor_process_wip_details_ontology.json,semiconductor_process_wip_details,A_ProcessSpecDetails,工艺规格明细,stepName,String,物理字段 StepName,,no_matching_swagger_schema
semiconductor_process_wip_details_ontology.json,semiconductor_process_wip_details,A_ProcessSpecDetails,工艺规格明细,wipDataSetup,Navigation,物理字段 WIPDataSetupId → A_WIPDataSetup,,no_matching_swagger_schema
semiconductor_process_wip_details_ontology.json,semiconductor_process_wip_details,A_ProcessSpecDetails,工艺规格明细,fullProcessing,Boolean,物理字段 FullProcessing,,no_matching_swagger_schema
semiconductor_process_wip_details_ontology.json,semiconductor_process_wip_details,A_ProcessSpecDetails,工艺规格明细,spec,Navigation,物理字段 SpecId → Spec,,no_matching_swagger_schema
semiconductor_process_wip_details_ontology.json,semiconductor_process_wip_details,A_ProcessSpecDetails,工艺规格明细,processSpec,Navigation,物理字段 ProcessSpecId → A_ProcessSpec,,no_matching_swagger_schema
semiconductor_process_wip_details_ontology.json,semiconductor_process_wip_details,A_ProcessSpecDetails,工艺规格明细,inputCarrierFamily,Navigation,物理字段 InputCarrierFamilyId → ResourceFamily,,no_matching_swagger_schema
semiconductor_process_wip_details_ontology.json,semiconductor_process_wip_details,A_ProcessSpecDetails,工艺规格明细,documentSet,Navigation,物理字段 DocumentSetId → DocumentSet,,no_matching_swagger_schema
semiconductor_process_wip_details_ontology.json,semiconductor_process_wip_details,A_ProcessSpecDetails,工艺规格明细,outputCarrierFamily,Navigation,物理字段 OutputCarrierFamilyId → ResourceFamily,,no_matching_swagger_schema
semiconductor_process_wip_details_ontology.json,semiconductor_process_wip_details,A_ProcessSpecDetails,工艺规格明细,displaySequence,Integer,物理字段 DisplaySequence,,no_matching_swagger_schema
semiconductor_process_wip_details_ontology.json,semiconductor_process_wip_details,A_ProcessSpecDetails,工艺规格明细,allowParallelProcessing,Boolean,物理字段 AllowParallelProcessing,,no_matching_swagger_schema
semiconductor_process_wip_details_ontology.json,semiconductor_process_wip_details,A_ProcessSpecDetails,工艺规格明细,followProcessSequence,Boolean,物理字段 FollowProcessSequence,,no_matching_swagger_schema
semiconductor_process_wip_details_ontology.json,semiconductor_process_wip_details,A_ProcessSpecDetails,工艺规格明细,toolPlan,Navigation,物理字段 ToolPlanId → A_ToolPlan,,no_matching_swagger_schema
semiconductor_process_wip_details_ontology.json,semiconductor_process_wip_details,A_ProcessSpecDetails,工艺规格明细,dispatchPlan,Navigation,物理字段 DispatchPlanId → A_DispatchPlan,,no_matching_swagger_schema
semiconductor_process_wip_details_ontology.json,semiconductor_process_wip_details,A_ProcessSpecDetails,工艺规格明细,requiredProcessCapability,Navigation,物理字段 RequiredProcessCapabilityId → A_ProcessCapability,,no_matching_swagger_schema
semiconductor_process_wip_details_ontology.json,semiconductor_process_wip_details,A_ProcessSpecDetails,工艺规格明细,scsYield,Float,物理字段 scsYield,,no_matching_swagger_schema
semiconductor_process_wip_details_ontology.json,semiconductor_process_wip_details,A_ProcessSpecDetails,工艺规格明细,scsUnitsPerHour,Float,物理字段 scsUnitsPerHour,,no_matching_swagger_schema
semiconductor_process_wip_details_ontology.json,semiconductor_process_wip_details,A_ProcessSpecDetails,工艺规格明细,scsDurationPerUnit,Float,物理字段 scsDurationPerUnit,,no_matching_swagger_schema
semiconductor_process_wip_details_ontology.json,semiconductor_process_wip_details,A_ProcessSpecDetails,工艺规格明细,scsNormalCycleTime,Float,物理字段 scsNormalCycleTime,,no_matching_swagger_schema
semiconductor_process_wip_details_ontology.json,semiconductor_process_wip_details,A_ProcessSpecDetails,工艺规格明细,scsFastCycleTime,Float,物理字段 scsFastCycleTime,,no_matching_swagger_schema
semiconductor_process_wip_details_ontology.json,semiconductor_process_wip_details,A_ProcessSpecDetails,工艺规格明细,scsStdBatchSize,Float,物理字段 scsStdBatchSize,,no_matching_swagger_schema
semiconductor_process_wip_details_ontology.json,semiconductor_process_wip_details,A_ProcessSpecDetails,工艺规格明细,scsIsHoursPerUnit,Boolean,物理字段 scsIsHoursPerUnit,,no_matching_swagger_schema
semiconductor_process_wip_details_ontology.json,semiconductor_process_wip_details,A_ProcessSpecDetails,工艺规格明细,scsIsUnitsPerHour,Boolean,物理字段 scsIsUnitsPerHour,,no_matching_swagger_schema
semiconductor_process_wip_details_ontology.json,semiconductor_process_wip_details,A_ProcessSpecDetails,工艺规格明细,scsSpecSchedulingDetail,Navigation,物理字段 scsSpecSchedulingDetailId → scsSpecSchedulingDetail,,no_matching_swagger_schema
semiconductor_process_wip_details_ontology.json,semiconductor_process_wip_details,A_ProcessSpecDetails,工艺规格明细,scsSetupTime,Float,物理字段 scsSetupTime,,no_matching_swagger_schema
semiconductor_process_wip_details_ontology.json,semiconductor_process_wip_details,A_ProcessSpecDetails,工艺规格明细,scsRunRateOption,Integer,物理字段 scsRunRateOption,,no_matching_swagger_schema
semiconductor_process_wip_details_ontology.json,semiconductor_process_wip_details,A_ProcessSpecDetails,工艺规格明细,ssBypassToolPlanVerification,Boolean,物理字段 ss_BypassToolPlanVerification,,no_matching_swagger_schema
semiconductor_process_wip_details_ontology.json,semiconductor_process_wip_details,A_ProcessSpecDetails,工艺规格明细,ssOnlyCalculateYield,Boolean,物理字段 ss_OnlyCalculateYield,,no_matching_swagger_schema
semiconductor_process_wip_details_ontology.json,semiconductor_process_wip_details,A_ProcessSpecDetails,工艺规格明细,ssBypassRecipeVerification,Boolean,物理字段 ss_BypassRecipeVerification,,no_matching_swagger_schema
semiconductor_process_wip_details_ontology.json,semiconductor_process_wip_details,A_ProcessSpecDetails,工艺规格明细,ssLabelPlan,Navigation,物理字段 ss_LabelPlanId → ss_LabelPlan,,no_matching_swagger_schema
semiconductor_process_wip_details_ontology.json,semiconductor_process_wip_details,A_ProcessSpecDetails,工艺规格明细,scsPositionAssignLotVerificati,Integer,物理字段 scsPositionAssignLotVerificati,,no_matching_swagger_schema
semiconductor_process_wip_details_ontology.json,semiconductor_process_wip_details,A_ProcessSpecDetails,工艺规格明细,rptBulkDelta,Integer,物理字段 RPTBulkDelta,,no_matching_swagger_schema
semiconductor_process_wip_details_ontology.json,semiconductor_process_wip_details,A_ProcessSpecDetails,工艺规格明细,rptUnitDelta,Integer,物理字段 RPTUnitDelta,,no_matching_swagger_schema
semiconductor_process_wip_details_ontology.json,semiconductor_process_wip_details,A_ProcessSpecDetails,工艺规格明细,scsEqpCompletenessVerification,Boolean,物理字段 scsEqpCompletenessVerification,,no_matching_swagger_schema
semiconductor_process_wip_details_ontology.json,semiconductor_process_wip_details,A_ProcessSpecDetails,工艺规格明细,scsSlotMappingRequired,Boolean,物理字段 scsSlotMappingRequired,,no_matching_swagger_schema
semiconductor_process_wip_details_ontology.json,semiconductor_process_wip_details,A_ProcessSpecDetails,工艺规格明细,ssSkipToWorkflowStackKey,String,物理字段 ss_SkipToWorkflowStackKey,,no_matching_swagger_schema
semiconductor_process_wip_details_ontology.json,semiconductor_process_wip_details,A_ProcessSpecDetails,工艺规格明细,resetReworkCount,Boolean,物理字段 ResetReworkCount,,no_matching_swagger_schema
semiconductor_process_wip_details_ontology.json,semiconductor_process_wip_details,A_ProcessSpecDetails,工艺规格明细,maxReworkCount,Integer,物理字段 MaxReworkCount,,no_matching_swagger_schema
semiconductor_process_wip_details_ontology.json,semiconductor_process_wip_details,A_ProcessSpecDetails,工艺规格明细,reworkHoldReason,Navigation,物理字段 ReworkHoldReasonId → HoldReason,,no_matching_swagger_schema
semiconductor_process_wip_details_ontology.json,semiconductor_process_wip_details,A_ProcessSpecDetails,工艺规格明细,ssWorkflow,Navigation,物理字段 ss_WorkflowId → Workflow,,no_matching_swagger_schema
semiconductor_process_wip_details_ontology.json,semiconductor_process_wip_details,A_ProcessSpecDetails,工艺规格明细,ssStep,Navigation,物理字段 ss_StepId → WorkflowStep,,no_matching_swagger_schema
semiconductor_process_wip_details_ontology.json,semiconductor_process_wip_details,A_ProcessSpecDetails,工艺规格明细,ssWorkflowStackKey,String,物理字段 ss_WorkflowStackKey,,no_matching_swagger_schema
semiconductor_process_wip_details_ontology.json,semiconductor_process_wip_details,A_ProcessSpecDetails,工艺规格明细,ssSkipToWorkflow,Navigation,物理字段 ss_SkipToWorkflowId → Workflow,,no_matching_swagger_schema
semiconductor_process_wip_details_ontology.json,semiconductor_process_wip_details,A_ProcessSpecDetails,工艺规格明细,ssMinDummyVerificationCnt,Integer,物理字段 ss_MinDummyVerificationCnt,,no_matching_swagger_schema
semiconductor_process_wip_details_ontology.json,semiconductor_process_wip_details,A_ProcessSpecDetails,工艺规格明细,ssIsMultiLevelSplit,Boolean,物理字段 ss_IsMultiLevelSplit,,no_matching_swagger_schema
semiconductor_process_wip_details_ontology.json,semiconductor_process_wip_details,A_ProcessSpecDetails,工艺规格明细,ssUpdateAggregateStackKey,Boolean,物理字段 ss_UpdateAggregateStackKey,,no_matching_swagger_schema
semiconductor_process_wip_details_ontology.json,semiconductor_process_wip_details,A_ProcessSpecDetails,工艺规格明细,ssAggregateWorkflowStackKey,String,物理字段 ss_AggregateWorkflowStackKey,,no_matching_swagger_schema
semiconductor_process_wip_details_ontology.json,semiconductor_process_wip_details,A_ProcessSpecDetails,工艺规格明细,ssAggregateWorkflow,Navigation,物理字段 ss_AggregateWorkflowId → Workflow,,no_matching_swagger_schema
semiconductor_process_wip_details_ontology.json,semiconductor_process_wip_details,A_ProcessSpecDetails,工艺规格明细,ssAggregateStep,Navigation,物理字段 ss_AggregateStepId → WorkflowStep,,no_matching_swagger_schema
semiconductor_process_wip_details_ontology.json,semiconductor_process_wip_details,A_ProcessSpecDetails,工艺规格明细,ssDummyProductAttribute,Navigation,物理字段 ss_DummyProductAttributeId → A_WaferAttributeSetup,,no_matching_swagger_schema
semiconductor_process_wip_details_ontology.json,semiconductor_process_wip_details,A_ProcessSpecDetails,工艺规格明细,ssAutoMultiLevelSplit,Boolean,物理字段 ss_AutoMultiLevelSplit,,no_matching_swagger_schema
semiconductor_process_wip_details_ontology.json,semiconductor_process_wip_details,A_ProcessSpecDetails,工艺规格明细,ssRequiredDummyWaferPn,Navigation,物理字段 ss_RequiredDummyWaferPNId → Product,,no_matching_swagger_schema
semiconductor_process_wip_details_ontology.json,semiconductor_process_wip_details,A_ProcessSpecDetails,工艺规格明细,ssDummyProductAttrValue,String,物理字段 ss_DummyProductAttrValue,,no_matching_swagger_schema
semiconductor_process_wip_details_ontology.json,semiconductor_process_wip_details,A_ProcessSpecDetails,工艺规格明细,ssRelatedWorkflowStackKey,String,物理字段 ss_RelatedWorkflowStackKey,,no_matching_swagger_schema
semiconductor_process_wip_details_ontology.json,semiconductor_process_wip_details,A_ProcessSpecDetails,工艺规格明细,ssRelatedWorkflow,Navigation,物理字段 ss_RelatedWorkflowId → Workflow,,no_matching_swagger_schema
semiconductor_process_wip_details_ontology.json,semiconductor_process_wip_details,A_ProcessSpecDetails,工艺规格明细,ssRelatedStep,Navigation,物理字段 ss_RelatedStepId → WorkflowStep,,no_matching_swagger_schema
semiconductor_process_wip_details_ontology.json,semiconductor_process_wip_details,A_ProcessSpecDetails,工艺规格明细,ssUpdateSkipToStackKey1,Boolean,物理字段 ss_UpdateSkipToStackKey1,,no_matching_swagger_schema
semiconductor_process_wip_details_ontology.json,semiconductor_process_wip_details,A_ProcessSpecDetails,工艺规格明细,ssSkipToStep,Navigation,物理字段 ss_SkipToStepId → WorkflowStep,,no_matching_swagger_schema
semiconductor_process_wip_details_ontology.json,semiconductor_process_wip_details,A_ProcessSpecDetailsAction,工艺规格明细动作,scsStep,Navigation,物理字段 scsStepId → WorkflowStep,,no_matching_swagger_schema
semiconductor_process_wip_details_ontology.json,semiconductor_process_wip_details,A_ProcessSpecDetailsAction,工艺规格明细动作,scsWorkflow,Navigation,物理字段 scsWorkflowId → Workflow,,no_matching_swagger_schema
semiconductor_process_wip_details_ontology.json,semiconductor_process_wip_details,A_ProcessSpecDetailsAction,工艺规格明细动作,scsWorkflowStackKey,String,物理字段 scsWorkflowStackKey,,no_matching_swagger_schema
semiconductor_process_wip_details_ontology.json,semiconductor_process_wip_details,A_ProcessSpecDetailsAction,工艺规格明细动作,scsProcessSpecActionEnum,Integer,物理字段 scsProcessSpecActionEnum,,no_matching_swagger_schema
semiconductor_process_wip_details_ontology.json,semiconductor_process_wip_details,A_ProcessSpecDetailsAction,工艺规格明细动作,scsProcessType,Navigation,物理字段 scsProcessTypeId → A_ProcessType,,no_matching_swagger_schema
semiconductor_process_wip_details_ontology.json,semiconductor_process_wip_details,A_ProcessSpecDetailsAction,工艺规格明细动作,scsDisassocLvlEnum,Integer,物理字段 scsDisassocLvlEnum,,no_matching_swagger_schema
semiconductor_process_wip_details_ontology.json,semiconductor_process_wip_details,A_ProcessSpecDetailsAction,工艺规格明细动作,scsTxnType,Integer,物理字段 scsTxnType,,no_matching_swagger_schema
semiconductor_process_wip_details_ontology.json,semiconductor_process_wip_details,A_ProcessSpecDetailsAction,工艺规格明细动作,scsChildStatusVerification,Boolean,物理字段 scsChildStatusVerification,,no_matching_swagger_schema
semiconductor_process_wip_details_ontology.json,semiconductor_process_wip_details,A_ProcessSpecDetailsAction,工艺规格明细动作,scsDisplaySequence,Integer,物理字段 scsDisplaySequence,,no_matching_swagger_schema
semiconductor_process_wip_details_ontology.json,semiconductor_process_wip_details,A_ProcessSpecDetailsAction,工艺规格明细动作,scsTerminateParent,Boolean,物理字段 scsTerminateParent,,no_matching_swagger_schema
semiconductor_process_wip_details_ontology.json,semiconductor_process_wip_details,A_ProcessSpecDetailsAction,工艺规格明细动作,name,String,物理字段 ProcessSpecDetailsActionName,,no_matching_swagger_schema
semiconductor_process_wip_details_ontology.json,semiconductor_process_wip_details,A_ProcessSpecDetailsAction,工艺规格明细动作,processSpecDetails,Navigation,物理字段 ProcessSpecDetailsId → A_ProcessSpecDetails,,no_matching_swagger_schema
semiconductor_process_wip_details_ontology.json,semiconductor_process_wip_details,A_ProcessSpecDetailsAction,工艺规格明细动作,isFrozen,Boolean,物理字段 IsFrozen,,no_matching_swagger_schema
semiconductor_process_wip_details_ontology.json,semiconductor_process_wip_details,A_ProcessSpecDetailsAction,工艺规格明细动作,scsAllChildAssocVerification,Boolean,物理字段 scsAllChildAssocVerification,,no_matching_swagger_schema
semiconductor_process_wip_details_ontology.json,semiconductor_process_wip_details,A_ProcessSpecDetailsAction,工艺规格明细动作,scsCarrierAssocVerification,Boolean,物理字段 scsCarrierAssocVerification,,no_matching_swagger_schema
semiconductor_process_wip_details_ontology.json,semiconductor_process_wip_details,A_ProcessSpecDetailsParams,工艺规格明细参数,processSpecDetails,Navigation,物理字段 ProcessSpecDetailsId → A_ProcessSpecDetails,,no_matching_swagger_schema
semiconductor_process_wip_details_ontology.json,semiconductor_process_wip_details,A_ProcessSpecDetailsParams,工艺规格明细参数,displaySequence,Integer,物理字段 DisplaySequence,,no_matching_swagger_schema
semiconductor_process_wip_details_ontology.json,semiconductor_process_wip_details,A_ProcessSpecDetailsParams,工艺规格明细参数,paramValue,String,物理字段 ParamValue,,no_matching_swagger_schema
semiconductor_process_wip_details_ontology.json,semiconductor_process_wip_details,A_ProcessSpecDetailsParams,工艺规格明细参数,paramName,String,物理字段 ParamName,,no_matching_swagger_schema
semiconductor_process_wip_details_ontology.json,semiconductor_process_wip_details,A_ProcessSpecDetailsParams,工艺规格明细参数,isFrozen,Boolean,物理字段 IsFrozen,,no_matching_swagger_schema
semiconductor_process_wip_details_ontology.json,semiconductor_process_wip_details,A_ProcessSpecDetailsParams,工艺规格明细参数,isDynamic,Boolean,物理字段 IsDynamic,,no_matching_swagger_schema
semiconductor_process_wip_details_ontology.json,semiconductor_process_wip_details,A_ProcessSpecDetailsParams,工艺规格明细参数,processType,Navigation,物理字段 ProcessTypeId → A_ProcessType,,no_matching_swagger_schema
semiconductor_process_wip_details_ontology.json,semiconductor_process_wip_details,A_ProcessSpecParams,工艺规格参数,paramName,String,物理字段 ParamName,,no_matching_swagger_schema
semiconductor_process_wip_details_ontology.json,semiconductor_process_wip_details,A_ProcessSpecParams,工艺规格参数,attribute,Navigation,物理字段 AttributeId → A_ModifyAttrsSetup,,no_matching_swagger_schema
semiconductor_process_wip_details_ontology.json,semiconductor_process_wip_details,A_ProcessSpecParams,工艺规格参数,isFrozen,Boolean,物理字段 IsFrozen,,no_matching_swagger_schema
semiconductor_process_wip_details_ontology.json,semiconductor_process_wip_details,A_ProcessSpecParams,工艺规格参数,processSpec,Navigation,物理字段 ProcessSpecId → A_ProcessSpec,,no_matching_swagger_schema
semiconductor_process_wip_details_ontology.json,semiconductor_process_wip_details,A_ProcessSpecParams,工艺规格参数,paramValue,String,物理字段 ParamValue,,no_matching_swagger_schema
semiconductor_process_wip_details_ontology.json,semiconductor_process_wip_details,A_ProcessSpecParams,工艺规格参数,displaySequence,Integer,物理字段 DisplaySequence,,no_matching_swagger_schema
semiconductor_process_wip_details_ontology.json,semiconductor_process_wip_details,A_ProcessSpecParams,工艺规格参数,isDynamic,Boolean,物理字段 IsDynamic,,no_matching_swagger_schema
semiconductor_process_wip_details_ontology.json,semiconductor_process_wip_details,A_ProcessCodeParams,工艺代码参数,processCode,Navigation,物理字段 ProcessCodeId → A_ProcessCode,,no_matching_swagger_schema
semiconductor_process_wip_details_ontology.json,semiconductor_process_wip_details,A_ProcessCodeParams,工艺代码参数,paramName,String,物理字段 ParamName,,no_matching_swagger_schema
semiconductor_process_wip_details_ontology.json,semiconductor_process_wip_details,A_ProcessCodeParams,工艺代码参数,displaySequence,Integer,物理字段 DisplaySequence,,no_matching_swagger_schema
semiconductor_process_wip_details_ontology.json,semiconductor_process_wip_details,A_ProcessCodeParams,工艺代码参数,isFrozen,Boolean,物理字段 IsFrozen,,no_matching_swagger_schema
semiconductor_process_wip_details_ontology.json,semiconductor_process_wip_details,A_ProcessCodeParams,工艺代码参数,paramValue,String,物理字段 ParamValue,,no_matching_swagger_schema
semiconductor_process_wip_details_ontology.json,semiconductor_process_wip_details,A_ProcessDataDetails,工艺数据明细,processData,Navigation,物理字段 ProcessDataId → A_ProcessData,,no_matching_swagger_schema
semiconductor_process_wip_details_ontology.json,semiconductor_process_wip_details,A_ProcessDataDetails,工艺数据明细,displaySequence,Integer,物理字段 DisplaySequence,,no_matching_swagger_schema
semiconductor_process_wip_details_ontology.json,semiconductor_process_wip_details,A_ProcessDataDetails,工艺数据明细,isFrozen,Boolean,物理字段 IsFrozen,,no_matching_swagger_schema
semiconductor_process_wip_details_ontology.json,semiconductor_process_wip_details,A_ProcessDataDetails,工艺数据明细,dataName,String,物理字段 DataName,,no_matching_swagger_schema
semiconductor_process_wip_details_ontology.json,semiconductor_process_wip_details,A_ProcessDataDetails,工艺数据明细,dataValue,String,物理字段 DataValue,,no_matching_swagger_schema
semiconductor_process_wip_details_ontology.json,semiconductor_process_wip_details,A_ExperimentPlanDetails,实验计划明细,experimentPlan,Navigation,物理字段 ExperimentPlanId → A_ExperimentPlan,,no_matching_swagger_schema
semiconductor_process_wip_details_ontology.json,semiconductor_process_wip_details,A_ExperimentPlanDetails,实验计划明细,isFrozen,Boolean,物理字段 IsFrozen,,no_matching_swagger_schema
semiconductor_process_wip_details_ontology.json,semiconductor_process_wip_details,A_ExperimentPlanDetails,实验计划明细,automationPlan,Navigation,物理字段 AutomationPlanId → A_AutomationPlan,,no_matching_swagger_schema
semiconductor_process_wip_details_ontology.json,semiconductor_process_wip_details,A_ExperimentPlanDetails,实验计划明细,stepPlanDescription,String,物理字段 StepPlanDescription,,no_matching_swagger_schema
semiconductor_process_wip_details_ontology.json,semiconductor_process_wip_details,A_ExperimentPlanDetails,实验计划明细,specialInstructions,Navigation,物理字段 SpecialInstructionsId → A_ExpSpecialInstructions,,no_matching_swagger_schema
semiconductor_process_wip_details_ontology.json,semiconductor_process_wip_details,A_ExperimentPlanDetails,实验计划明细,equipment,Navigation,物理字段 EquipmentId → ResourceDef,,no_matching_swagger_schema
semiconductor_process_wip_details_ontology.json,semiconductor_process_wip_details,A_ExperimentPlanDetails,实验计划明细,spec,Navigation,物理字段 SpecId → Spec,,no_matching_swagger_schema
semiconductor_process_wip_details_ontology.json,semiconductor_process_wip_details,A_ExperimentPlanDetails,实验计划明细,equipmentGroup,Navigation,物理字段 EquipmentGroupId → ResourceGroup,,no_matching_swagger_schema
semiconductor_process_wip_details_ontology.json,semiconductor_process_wip_details,A_ExperimentPlanDetails,实验计划明细,stepName,String,物理字段 StepName,,no_matching_swagger_schema
semiconductor_process_wip_details_ontology.json,semiconductor_process_wip_details,A_ExperimentPlanDetails,实验计划明细,transactionRestrictionRole,Navigation,物理字段 TransactionRestrictionRoleId → RoleDef,,no_matching_swagger_schema
semiconductor_process_wip_details_ontology.json,semiconductor_process_wip_details,A_ExperimentPlanDetails,实验计划明细,rptBulkDelta,Integer,物理字段 RPTBulkDelta,,no_matching_swagger_schema
semiconductor_process_wip_details_ontology.json,semiconductor_process_wip_details,A_ExperimentPlanDetails,实验计划明细,rptUnitDelta,Integer,物理字段 RPTUnitDelta,,no_matching_swagger_schema
semiconductor_process_wip_details_ontology.json,semiconductor_process_wip_details,A_ExperimentPlanDetails,实验计划明细,ssExpInstructionType,Integer,物理字段 ss_ExpInstructionType,,no_matching_swagger_schema
semiconductor_process_wip_details_ontology.json,semiconductor_process_wip_details,A_ExperimentPlanDetails,实验计划明细,ssDisableCarrierValidation,Boolean,物理字段 ss_DisableCarrierValidation,,no_matching_swagger_schema
semiconductor_process_wip_details_ontology.json,semiconductor_process_wip_details,A_ExperimentPlanDetails,实验计划明细,ssSkipToWfStackKey,String,物理字段 ss_SkipToWfStackKey,,no_matching_swagger_schema
semiconductor_process_wip_details_ontology.json,semiconductor_process_wip_details,A_ExperimentPlanDetails,实验计划明细,ssStep,Navigation,物理字段 ss_StepId → WorkflowStep,,no_matching_swagger_schema
semiconductor_process_wip_details_ontology.json,semiconductor_process_wip_details,A_ExperimentPlanDetails,实验计划明细,ssSkipToWorkflow,Navigation,物理字段 ss_SkipToWorkflowId → Workflow,,no_matching_swagger_schema
semiconductor_process_wip_details_ontology.json,semiconductor_process_wip_details,A_ExperimentPlanDetails,实验计划明细,ssSkipToStep,Navigation,物理字段 ss_SkipToStepId → WorkflowStep,,no_matching_swagger_schema
semiconductor_process_wip_details_ontology.json,semiconductor_process_wip_details,A_ExperimentPlanDetails,实验计划明细,ssWorkflowStackKey,String,物理字段 ss_WorkflowStackKey,,no_matching_swagger_schema
semiconductor_process_wip_details_ontology.json,semiconductor_process_wip_details,A_ExperimentPlanDetails,实验计划明细,ssWorkflow,Navigation,物理字段 ss_WorkflowId → Workflow,,no_matching_swagger_schema
semiconductor_process_wip_details_ontology.json,semiconductor_process_wip_details,A_ProductBOMMaterialList,产品BOM物料清单,productBom,Navigation,物理字段 ProductBOMId → A_ProductBOM,,no_matching_swagger_schema
semiconductor_process_wip_details_ontology.json,semiconductor_process_wip_details,A_ProductBOMMaterialList,产品BOM物料清单,effectiveFromDateGmt,DateTime,物理字段 EffectiveFromDateGMT,,no_matching_swagger_schema
semiconductor_process_wip_details_ontology.json,semiconductor_process_wip_details,A_ProductBOMMaterialList,产品BOM物料清单,autoUnload,Boolean,物理字段 AutoUnload,,no_matching_swagger_schema
semiconductor_process_wip_details_ontology.json,semiconductor_process_wip_details,A_ProductBOMMaterialList,产品BOM物料清单,referenceDesignator,String,物理字段 ReferenceDesignator,,no_matching_swagger_schema
semiconductor_process_wip_details_ontology.json,semiconductor_process_wip_details,A_ProductBOMMaterialList,产品BOM物料清单,processType,Navigation,物理字段 ProcessTypeId → A_ProcessType,,no_matching_swagger_schema
semiconductor_process_wip_details_ontology.json,semiconductor_process_wip_details,A_ProductBOMMaterialList,产品BOM物料清单,displaySequence,Integer,物理字段 DisplaySequence,,no_matching_swagger_schema
semiconductor_process_wip_details_ontology.json,semiconductor_process_wip_details,A_ProductBOMMaterialList,产品BOM物料清单,consumeFactor,Float,物理字段 ConsumeFactor,,no_matching_swagger_schema
semiconductor_process_wip_details_ontology.json,semiconductor_process_wip_details,A_ProductBOMMaterialList,产品BOM物料清单,effectiveThruDate,DateTime,物理字段 EffectiveThruDate,,no_matching_swagger_schema
semiconductor_process_wip_details_ontology.json,semiconductor_process_wip_details,A_ProductBOMMaterialList,产品BOM物料清单,effectiveFromDate,DateTime,物理字段 EffectiveFromDate,,no_matching_swagger_schema
semiconductor_process_wip_details_ontology.json,semiconductor_process_wip_details,A_ProductBOMMaterialList,产品BOM物料清单,name,String,物理字段 ProductBOMMaterialListName,,no_matching_swagger_schema
semiconductor_process_wip_details_ontology.json,semiconductor_process_wip_details,A_ProductBOMMaterialList,产品BOM物料清单,isFrozen,Boolean,物理字段 IsFrozen,,no_matching_swagger_schema
semiconductor_process_wip_details_ontology.json,semiconductor_process_wip_details,A_ProductBOMMaterialList,产品BOM物料清单,isSourceProduct,Boolean,物理字段 IsSourceProduct,,no_matching_swagger_schema
semiconductor_process_wip_details_ontology.json,semiconductor_process_wip_details,A_ProductBOMMaterialList,产品BOM物料清单,effectiveThruDateGmt,DateTime,物理字段 EffectiveThruDateGMT,,no_matching_swagger_schema
semiconductor_process_wip_details_ontology.json,semiconductor_process_wip_details,A_ProductBOMMaterialList,产品BOM物料清单,allowUnderConsumption,Boolean,物理字段 AllowUnderConsumption,,no_matching_swagger_schema
semiconductor_process_wip_details_ontology.json,semiconductor_process_wip_details,A_ProductBOMMaterialList,产品BOM物料清单,setupQty2,Float,物理字段 SetupQty2,,no_matching_swagger_schema
semiconductor_process_wip_details_ontology.json,semiconductor_process_wip_details,A_ProductBOMMaterialList,产品BOM物料清单,uom,Navigation,物理字段 UOMId → UOM,,no_matching_swagger_schema
semiconductor_process_wip_details_ontology.json,semiconductor_process_wip_details,A_ProductBOMMaterialList,产品BOM物料清单,allowOverConsumption,Boolean,物理字段 AllowOverConsumption,,no_matching_swagger_schema
semiconductor_process_wip_details_ontology.json,semiconductor_process_wip_details,A_ProductBOMMaterialList,产品BOM物料清单,phantomBill,Integer,物理字段 PhantomBillId,,no_matching_swagger_schema
semiconductor_process_wip_details_ontology.json,semiconductor_process_wip_details,A_ProductBOMMaterialList,产品BOM物料清单,vendorControl,Boolean,物理字段 VendorControl,,no_matching_swagger_schema
semiconductor_process_wip_details_ontology.json,semiconductor_process_wip_details,A_ProductBOMMaterialList,产品BOM物料清单,setupQty,Float,物理字段 SetupQty,,no_matching_swagger_schema
semiconductor_process_wip_details_ontology.json,semiconductor_process_wip_details,A_ProductBOMMaterialList,产品BOM物料清单,scrapPercent,Float,物理字段 ScrapPercent,,no_matching_swagger_schema
semiconductor_process_wip_details_ontology.json,semiconductor_process_wip_details,A_ProductBOMMaterialList,产品BOM物料清单,uom2,Navigation,物理字段 UOM2Id → UOM,,no_matching_swagger_schema
semiconductor_process_wip_details_ontology.json,semiconductor_process_wip_details,A_ProductBOMMaterialList,产品BOM物料清单,qtyRequired,Float,物理字段 QtyRequired,,no_matching_swagger_schema
semiconductor_process_wip_details_ontology.json,semiconductor_process_wip_details,A_ProductBOMMaterialList,产品BOM物料清单,issueControl,Integer,物理字段 IssueControl,,no_matching_swagger_schema
semiconductor_process_wip_details_ontology.json,semiconductor_process_wip_details,A_ProductBOMMaterialList,产品BOM物料清单,scsIsComponentIssue,Boolean,物理字段 scsIsComponentIssue,,no_matching_swagger_schema
semiconductor_process_wip_details_ontology.json,semiconductor_process_wip_details,A_ProductBOMMaterialList,产品BOM物料清单,qty2Required,Float,物理字段 Qty2Required,,no_matching_swagger_schema
semiconductor_process_wip_details_ontology.json,semiconductor_process_wip_details,A_ProductBOMMaterialList,产品BOM物料清单,isPhantom,Boolean,物理字段 IsPhantom,,no_matching_swagger_schema
semiconductor_process_wip_details_ontology.json,semiconductor_process_wip_details,A_ProductBOMMaterialList,产品BOM物料清单,ssWfStackKey,String,物理字段 ss_WfStackKey,,no_matching_swagger_schema
semiconductor_process_wip_details_ontology.json,semiconductor_process_wip_details,A_ProductBOMMaterialList,产品BOM物料清单,ssWorkflow,Navigation,物理字段 ss_WorkflowId → Workflow,,no_matching_swagger_schema
semiconductor_process_wip_details_ontology.json,semiconductor_process_wip_details,A_ProductBOMMaterialList,产品BOM物料清单,ssStep,Navigation,物理字段 ss_StepId → WorkflowStep,,no_matching_swagger_schema
semiconductor_process_wip_details_ontology.json,semiconductor_process_wip_details,A_ProductBOMMaterialList,产品BOM物料清单,assemblySequence,Integer,物理字段 AssemblySequence,,no_matching_swagger_schema
semiconductor_process_wip_details_ontology.json,semiconductor_process_wip_details,A_ProductBOMMaterialList,产品BOM物料清单,producingOrder,String,物理字段 ProducingOrder,,no_matching_swagger_schema
semiconductor_process_wip_details_ontology.json,semiconductor_process_wip_details,A_ProductBOMMaterialList,产品BOM物料清单,isImage,Navigation,物理字段 isImageId → isImage,,no_matching_swagger_schema
semiconductor_process_wip_details_ontology.json,semiconductor_process_wip_details,A_ProductBOMMaterialList,产品BOM物料清单,adjustmentValue,Float,物理字段 AdjustmentValue,,no_matching_swagger_schema
semiconductor_process_wip_details_ontology.json,semiconductor_process_wip_details,A_ProductBOMMaterialList,产品BOM物料清单,allowAllRevisionsAsSubstitute,Boolean,物理字段 AllowAllRevisionsAsSubstitute,,no_matching_swagger_schema
semiconductor_process_wip_details_ontology.json,semiconductor_process_wip_details,A_ProductBOMMaterialList,产品BOM物料清单,objectTypeName,String,物理字段 ObjectTypeName,,no_matching_swagger_schema
semiconductor_process_wip_details_ontology.json,semiconductor_process_wip_details,A_ProductBOMMaterialList,产品BOM物料清单,adjustmentType,Integer,物理字段 AdjustmentType,,no_matching_swagger_schema
semiconductor_process_wip_details_ontology.json,semiconductor_process_wip_details,A_ProductBOMMaterialList,产品BOM物料清单,spec,Navigation,物理字段 SpecId → Spec,,no_matching_swagger_schema
semiconductor_process_wip_details_ontology.json,semiconductor_process_wip_details,A_ProductBOMMaterialList,产品BOM物料清单,specBase,Integer,物理字段 SpecBaseId,,no_matching_swagger_schema
semiconductor_process_wip_details_ontology.json,semiconductor_process_wip_details,A_ProductBOMMaterialList,产品BOM物料清单,materialPart,Navigation,物理字段 MaterialPartId → Product,,no_matching_swagger_schema
semiconductor_process_wip_details_ontology.json,semiconductor_process_wip_details,A_ProductBOMMaterialList,产品BOM物料清单,materialPartBase,Integer,物理字段 MaterialPartBaseId,,no_matching_swagger_schema
semiconductor_process_wip_details_ontology.json,semiconductor_process_wip_details,A_ToolPlanItem,工装计划项,toolPlan,Navigation,物理字段 ToolPlanId → A_ToolPlan,,no_matching_swagger_schema
semiconductor_process_wip_details_ontology.json,semiconductor_process_wip_details,A_ToolPlanItem,工装计划项,itemSequence,Integer,物理字段 ItemSequence,,no_matching_swagger_schema
semiconductor_process_wip_details_ontology.json,semiconductor_process_wip_details,A_ToolPlanItem,工装计划项,itemRequired,Boolean,物理字段 ItemRequired,,no_matching_swagger_schema
semiconductor_process_wip_details_ontology.json,semiconductor_process_wip_details,A_ToolPlanItem,工装计划项,isFrozen,Boolean,物理字段 IsFrozen,,no_matching_swagger_schema
semiconductor_process_wip_details_ontology.json,semiconductor_process_wip_details,A_ToolPlanItem,工装计划项,itemComments,String,物理字段 ItemComments,,no_matching_swagger_schema
semiconductor_process_wip_details_ontology.json,semiconductor_process_wip_details,A_ToolPlanItem,工装计划项,ssIsMask,Boolean,物理字段 ss_IsMask,,no_matching_swagger_schema
semiconductor_process_wip_details_ontology.json,semiconductor_process_wip_details,A_ToolPlanItem,工装计划项,itemName,String,物理字段 ItemName,,no_matching_swagger_schema
semiconductor_process_wip_details_ontology.json,semiconductor_process_wip_details,A_ToolPlanItem,工装计划项,recipe,Navigation,物理字段 RecipeId → Document,,no_matching_swagger_schema
semiconductor_process_wip_details_ontology.json,semiconductor_process_wip_details,A_TestProgramSetupDetails,测试程序配置明细,testProgramSetup,Navigation,物理字段 TestProgramSetupId → A_TestProgramSetup,,no_matching_swagger_schema
semiconductor_process_wip_details_ontology.json,semiconductor_process_wip_details,A_TestProgramSetupDetails,测试程序配置明细,processType,Navigation,物理字段 ProcessTypeId → A_ProcessType,,no_matching_swagger_schema
semiconductor_process_wip_details_ontology.json,semiconductor_process_wip_details,A_TestProgramSetupDetails,测试程序配置明细,testCode,String,物理字段 TestCode,,no_matching_swagger_schema
semiconductor_process_wip_details_ontology.json,semiconductor_process_wip_details,A_TestProgramSetupDetails,测试程序配置明细,displaySequence,Integer,物理字段 DisplaySequence,,no_matching_swagger_schema
semiconductor_process_wip_details_ontology.json,semiconductor_process_wip_details,A_TestProgramSetupDetails,测试程序配置明细,testProgramName,String,物理字段 TestProgramName,,no_matching_swagger_schema
semiconductor_process_wip_details_ontology.json,semiconductor_process_wip_details,A_TestProgramSetupDetails,测试程序配置明细,testProgramMajorRevision,String,物理字段 TestProgramMajorRevision,,no_matching_swagger_schema
semiconductor_process_wip_details_ontology.json,semiconductor_process_wip_details,A_TestProgramSetupDetails,测试程序配置明细,testProgramMinorRevision,String,物理字段 TestProgramMinorRevision,,no_matching_swagger_schema
semiconductor_process_wip_details_ontology.json,semiconductor_process_wip_details,A_TestProgramSetupDetails,测试程序配置明细,isFrozen,Boolean,物理字段 IsFrozen,,no_matching_swagger_schema
semiconductor_process_wip_details_ontology.json,semiconductor_process_wip_details,A_TestProgramSetupDetails,测试程序配置明细,testTemperature,String,物理字段 TestTemperature,,no_matching_swagger_schema
semiconductor_process_wip_details_ontology.json,semiconductor_process_wip_details,A_WIPDataSetupDetails,WIP数据配置明细,wipDataSetup,Navigation,物理字段 WIPDataSetupId → ss_WIPDataSetupMatrix,,no_matching_swagger_schema
semiconductor_process_wip_details_ontology.json,semiconductor_process_wip_details,A_WIPDataSetupDetails,WIP数据配置明细,changeLimit,Integer,物理字段 ChangeLimit,,no_matching_swagger_schema
semiconductor_process_wip_details_ontology.json,semiconductor_process_wip_details,A_WIPDataSetupDetails,WIP数据配置明细,lowerLimitFailureAction,String,物理字段 LowerLimitFailureAction,,no_matching_swagger_schema
semiconductor_process_wip_details_ontology.json,semiconductor_process_wip_details,A_WIPDataSetupDetails,WIP数据配置明细,upperLimitFailureAction,String,物理字段 UpperLimitFailureAction,,no_matching_swagger_schema
semiconductor_process_wip_details_ontology.json,semiconductor_process_wip_details,A_WIPDataSetupDetails,WIP数据配置明细,lowerLimit,String,物理字段 LowerLimit,,no_matching_swagger_schema
semiconductor_process_wip_details_ontology.json,semiconductor_process_wip_details,A_WIPDataSetupDetails,WIP数据配置明细,upperLimit,String,物理字段 UpperLimit,,no_matching_swagger_schema
semiconductor_process_wip_details_ontology.json,semiconductor_process_wip_details,A_WIPDataSetupDetails,WIP数据配置明细,spcSetup,Navigation,物理字段 SPCSetupId → A_SPCSetup,,no_matching_swagger_schema
semiconductor_process_wip_details_ontology.json,semiconductor_process_wip_details,A_WIPDataSetupDetails,WIP数据配置明细,displayFilter,Navigation,物理字段 DisplayFilterId → A_WIPDataDisplayFilter,,no_matching_swagger_schema
semiconductor_process_wip_details_ontology.json,semiconductor_process_wip_details,A_WIPDataSetupDetails,WIP数据配置明细,isWaferData,Boolean,物理字段 IsWaferData,,no_matching_swagger_schema
semiconductor_process_wip_details_ontology.json,semiconductor_process_wip_details,A_WIPDataSetupDetails,WIP数据配置明细,isFrozen,Boolean,物理字段 IsFrozen,,no_matching_swagger_schema
semiconductor_process_wip_details_ontology.json,semiconductor_process_wip_details,A_WIPDataSetupDetails,WIP数据配置明细,changeLimitEmailGroup,Navigation,物理字段 ChangeLimitEmailGroupId → A_EmailGroup,,no_matching_swagger_schema
semiconductor_process_wip_details_ontology.json,semiconductor_process_wip_details,A_WIPDataSetupDetails,WIP数据配置明细,waferRunNumberSetup,Navigation,物理字段 WaferRunNumberSetupId → A_RunNumberSetup,,no_matching_swagger_schema
semiconductor_process_wip_details_ontology.json,semiconductor_process_wip_details,A_WIPDataSetupDetails,WIP数据配置明细,defaultWaferAttributeValue,Boolean,物理字段 DefaultWaferAttributeValue,,no_matching_swagger_schema
semiconductor_process_wip_details_ontology.json,semiconductor_process_wip_details,A_WIPDataSetupDetails,WIP数据配置明细,waferAttribute,Navigation,物理字段 WaferAttributeId → A_WaferAttributeSetup,,no_matching_swagger_schema
semiconductor_process_wip_details_ontology.json,semiconductor_process_wip_details,A_WIPDataSetupDetails,WIP数据配置明细,defaultValueIsDynamic,Boolean,物理字段 DefaultValueIsDynamic,,no_matching_swagger_schema
semiconductor_process_wip_details_ontology.json,semiconductor_process_wip_details,A_WIPDataSetupDetails,WIP数据配置明细,isHidden,Boolean,物理字段 IsHidden,,no_matching_swagger_schema
semiconductor_process_wip_details_ontology.json,semiconductor_process_wip_details,A_WIPDataSetupDetails,WIP数据配置明细,processType,Navigation,物理字段 ProcessTypeId → A_ProcessType,,no_matching_swagger_schema
semiconductor_process_wip_details_ontology.json,semiconductor_process_wip_details,A_WIPDataSetupDetails,WIP数据配置明细,maxDataValue,String,物理字段 MaxDataValue,,no_matching_swagger_schema
semiconductor_process_wip_details_ontology.json,semiconductor_process_wip_details,A_WIPDataSetupDetails,WIP数据配置明细,changeLimitFailureAction,String,物理字段 ChangeLimitFailureAction,,no_matching_swagger_schema
semiconductor_process_wip_details_ontology.json,semiconductor_process_wip_details,A_WIPDataSetupDetails,WIP数据配置明细,lowerLimitEmailGroup,Navigation,物理字段 LowerLimitEmailGroupId → A_EmailGroup,,no_matching_swagger_schema
semiconductor_process_wip_details_ontology.json,semiconductor_process_wip_details,A_WIPDataSetupDetails,WIP数据配置明细,upperLimitEmailGroup,Navigation,物理字段 UpperLimitEmailGroupId → A_EmailGroup,,no_matching_swagger_schema
semiconductor_process_wip_details_ontology.json,semiconductor_process_wip_details,A_WIPDataSetupDetails,WIP数据配置明细,serviceName,String,物理字段 ServiceName,,no_matching_swagger_schema
semiconductor_process_wip_details_ontology.json,semiconductor_process_wip_details,A_WIPDataSetupDetails,WIP数据配置明细,isRequired,Boolean,物理字段 IsRequired,,no_matching_swagger_schema
semiconductor_process_wip_details_ontology.json,semiconductor_process_wip_details,A_WIPDataSetupDetails,WIP数据配置明细,minDataValue,String,物理字段 MinDataValue,,no_matching_swagger_schema
semiconductor_process_wip_details_ontology.json,semiconductor_process_wip_details,A_WIPDataSetupDetails,WIP数据配置明细,attribute,Navigation,物理字段 AttributeId → A_ModifyAttrsSetup,,no_matching_swagger_schema
semiconductor_process_wip_details_ontology.json,semiconductor_process_wip_details,A_WIPDataSetupDetails,WIP数据配置明细,displaySequence,Integer,物理字段 DisplaySequence,,no_matching_swagger_schema
semiconductor_process_wip_details_ontology.json,semiconductor_process_wip_details,A_WIPDataSetupDetails,WIP数据配置明细,defaultValue,String,物理字段 DefaultValue,,no_matching_swagger_schema
semiconductor_process_wip_details_ontology.json,semiconductor_process_wip_details,A_WIPDataSetupDetails,WIP数据配置明细,wipDataName,Navigation,物理字段 WIPDataNameId → A_WIPDataName,,no_matching_swagger_schema
semiconductor_process_wip_details_ontology.json,semiconductor_process_wip_details,A_WIPDataSetupDetails,WIP数据配置明细,isCalculatedData,Boolean,物理字段 IsCalculatedData,,no_matching_swagger_schema
semiconductor_process_wip_details_ontology.json,semiconductor_process_wip_details,A_WIPDataSetupDetails,WIP数据配置明细,calculationFormulaExpression,String,物理字段 CalculationFormulaExpression,,no_matching_swagger_schema
semiconductor_process_wip_details_ontology.json,semiconductor_process_wip_details,A_WIPDataSetupDetails,WIP数据配置明细,ssUom,Navigation,物理字段 ss_UOMId → UOM,,no_matching_swagger_schema
semiconductor_process_wip_details_ontology.json,semiconductor_process_wip_details,A_WIPDataSetupDetails,WIP数据配置明细,scsInlineSpc,Boolean,物理字段 scsInlineSPC,,no_matching_swagger_schema
semiconductor_process_wip_details_ontology.json,semiconductor_process_wip_details,A_WIPDataSetupDetails,WIP数据配置明细,scsWipDataGroupingType,Integer,物理字段 scsWIPDataGroupingType,,no_matching_swagger_schema
semiconductor_process_wip_details_ontology.json,semiconductor_process_wip_details,A_WIPDataSetupDetails,WIP数据配置明细,ssChangeLimitFutureHold,Navigation,物理字段 ss_ChangeLimitFutureHoldId → ss_FailureFutureHoldSetup,,no_matching_swagger_schema
semiconductor_process_wip_details_ontology.json,semiconductor_process_wip_details,A_WIPDataSetupDetails,WIP数据配置明细,ssLowerLimitFutureHold,Navigation,物理字段 ss_LowerLimitFutureHoldId → ss_FailureFutureHoldSetup,,no_matching_swagger_schema
semiconductor_process_wip_details_ontology.json,semiconductor_process_wip_details,A_WIPDataSetupDetails,WIP数据配置明细,ssUpperLimitHoldReason,Navigation,物理字段 ss_UpperLimitHoldReasonId → HoldReason,,no_matching_swagger_schema
semiconductor_process_wip_details_ontology.json,semiconductor_process_wip_details,A_WIPDataSetupDetails,WIP数据配置明细,ssChangeLimitNcr,Navigation,物理字段 ss_ChangeLimitNCRId → ss_FailureNCRSetup,,no_matching_swagger_schema
semiconductor_process_wip_details_ontology.json,semiconductor_process_wip_details,A_WIPDataSetupDetails,WIP数据配置明细,ssChangeLimitHoldReason,Navigation,物理字段 ss_ChangeLimitHoldReasonId → HoldReason,,no_matching_swagger_schema
semiconductor_process_wip_details_ontology.json,semiconductor_process_wip_details,A_WIPDataSetupDetails,WIP数据配置明细,ssLowerLimitNcr,Navigation,物理字段 ss_LowerLimitNCRId → ss_FailureNCRSetup,,no_matching_swagger_schema
semiconductor_process_wip_details_ontology.json,semiconductor_process_wip_details,A_WIPDataSetupDetails,WIP数据配置明细,ssLowerLimitHoldReason,Navigation,物理字段 ss_LowerLimitHoldReasonId → HoldReason,,no_matching_swagger_schema
semiconductor_process_wip_details_ontology.json,semiconductor_process_wip_details,A_WIPDataSetupDetails,WIP数据配置明细,ssUpperLimitNcr,Navigation,物理字段 ss_UpperLimitNCRId → ss_FailureNCRSetup,,no_matching_swagger_schema
semiconductor_process_wip_details_ontology.json,semiconductor_process_wip_details,A_WIPDataSetupDetails,WIP数据配置明细,ssUpperLimitFutureHold,Navigation,物理字段 ss_UpperLimitFutureHoldId → ss_FailureFutureHoldSetup,,no_matching_swagger_schema
semiconductor_process_wip_details_ontology.json,semiconductor_process_wip_details,ss_FutureHoldSetupDetails,未来Hold配置明细,ssExpectedHoldDays,Float,物理字段 ss_ExpectedHoldDays,,no_matching_swagger_schema
semiconductor_process_wip_details_ontology.json,semiconductor_process_wip_details,ss_FutureHoldSetupDetails,未来Hold配置明细,ssIncludeChildLots,Boolean,物理字段 ss_IncludeChildLots,,no_matching_swagger_schema
semiconductor_process_wip_details_ontology.json,semiconductor_process_wip_details,ss_FutureHoldSetupDetails,未来Hold配置明细,ssComments,String,物理字段 ss_Comments,,no_matching_swagger_schema
semiconductor_process_wip_details_ontology.json,semiconductor_process_wip_details,ss_FutureHoldSetupDetails,未来Hold配置明细,ssHoldReason,Navigation,物理字段 ss_HoldReasonId → HoldReason,,no_matching_swagger_schema
semiconductor_process_wip_details_ontology.json,semiconductor_process_wip_details,ss_FutureHoldSetupDetails,未来Hold配置明细,isFrozen,Boolean,物理字段 IsFrozen,,no_matching_swagger_schema
semiconductor_process_wip_details_ontology.json,semiconductor_process_wip_details,ss_FutureHoldSetupDetails,未来Hold配置明细,ssUsername,String,物理字段 ss_Username,,no_matching_swagger_schema
semiconductor_process_wip_details_ontology.json,semiconductor_process_wip_details,ss_FutureHoldSetupDetails,未来Hold配置明细,ssEmailGroup,Navigation,物理字段 ss_EmailGroupId → A_EmailGroup,,no_matching_swagger_schema
semiconductor_process_wip_details_ontology.json,semiconductor_process_wip_details,ss_FutureHoldSetupDetails,未来Hold配置明细,ssSpec,Navigation,物理字段 ss_SpecId → Spec,,no_matching_swagger_schema
semiconductor_process_wip_details_ontology.json,semiconductor_process_wip_details,ss_FutureHoldSetupDetails,未来Hold配置明细,ssHoldLocation,Navigation,物理字段 ss_HoldLocationId → A_HoldLocation,,no_matching_swagger_schema
semiconductor_process_wip_details_ontology.json,semiconductor_process_wip_details,ss_FutureHoldSetupDetails,未来Hold配置明细,ssTxnDate,DateTime,物理字段 ss_TxnDate,,no_matching_swagger_schema
semiconductor_process_wip_details_ontology.json,semiconductor_process_wip_details,ss_FutureHoldSetupDetails,未来Hold配置明细,name,String,物理字段 ss_FutureHoldSetupDetailsName,,no_matching_swagger_schema
semiconductor_process_wip_details_ontology.json,semiconductor_process_wip_details,ss_FutureHoldSetupDetails,未来Hold配置明细,ssFailureFutureHoldSetup,Navigation,物理字段 ss_FailureFutureHoldSetupId → ss_FailureFutureHoldSetup,,no_matching_swagger_schema
semiconductor_process_wip_details_ontology.json,semiconductor_process_wip_details,ss_FeederPlanDetails,供料器计划明细,ssFeederGroup,Navigation,物理字段 ss_FeederGroupId → ResourceGroup,,no_matching_swagger_schema
semiconductor_process_wip_details_ontology.json,semiconductor_process_wip_details,ss_FeederPlanDetails,供料器计划明细,product,Navigation,物理字段 ProductId → Product,,no_matching_swagger_schema
semiconductor_process_wip_details_ontology.json,semiconductor_process_wip_details,ss_FeederPlanDetails,供料器计划明细,ssFeederFamily,Navigation,物理字段 ss_FeederFamilyId → ResourceFamily,,no_matching_swagger_schema
semiconductor_process_wip_details_ontology.json,semiconductor_process_wip_details,ss_FeederPlanDetails,供料器计划明细,ssSlot,Navigation,物理字段 ss_SlotId → ss_FeederSlot,,no_matching_swagger_schema
semiconductor_process_wip_details_ontology.json,semiconductor_process_wip_details,ss_FeederPlanDetails,供料器计划明细,ssFeeder,Navigation,物理字段 ss_FeederId → ResourceDef,,no_matching_swagger_schema
semiconductor_process_wip_details_ontology.json,semiconductor_process_wip_details,ss_FeederPlanDetails,供料器计划明细,ssFeederPlan,Navigation,物理字段 ss_FeederPlanId → ss_FeederPlan,,no_matching_swagger_schema
semiconductor_process_wip_details_ontology.json,semiconductor_process_wip_details,ss_FeederPlanDetails,供料器计划明细,name,String,物理字段 ss_FeederPlanDetailsName,,no_matching_swagger_schema
semiconductor_process_wip_details_ontology.json,semiconductor_process_wip_details,ss_FeederPlanDetails,供料器计划明细,isFrozen,Boolean,物理字段 IsFrozen,,no_matching_swagger_schema
semiconductor_process_wip_details_ontology.json,semiconductor_process_wip_details,scsSchedulingMatrixDetail,排程矩阵明细,scsSchedulingMatrix,Navigation,物理字段 scsSchedulingMatrixId → scsSchedulingMatrix,,no_matching_swagger_schema
semiconductor_process_wip_details_ontology.json,semiconductor_process_wip_details,scsSchedulingMatrixDetail,排程矩阵明细,runRateOption,Integer,物理字段 RunRateOption,,no_matching_swagger_schema
semiconductor_process_wip_details_ontology.json,semiconductor_process_wip_details,scsSchedulingMatrixDetail,排程矩阵明细,yield,Float,物理字段 Yield,,no_matching_swagger_schema
semiconductor_process_wip_details_ontology.json,semiconductor_process_wip_details,scsSchedulingMatrixDetail,排程矩阵明细,normalCycleTime,Float,物理字段 NormalCycleTime,,no_matching_swagger_schema
semiconductor_process_wip_details_ontology.json,semiconductor_process_wip_details,scsSchedulingMatrixDetail,排程矩阵明细,setupTime,Float,物理字段 SetupTime,,no_matching_swagger_schema
semiconductor_process_wip_details_ontology.json,semiconductor_process_wip_details,scsSchedulingMatrixDetail,排程矩阵明细,durationPerUnit,Float,物理字段 DurationPerUnit,,no_matching_swagger_schema
semiconductor_process_wip_details_ontology.json,semiconductor_process_wip_details,scsSchedulingMatrixDetail,排程矩阵明细,name,String,物理字段 scsSchedulingMatrixDetailName,,no_matching_swagger_schema
semiconductor_process_wip_details_ontology.json,semiconductor_process_wip_details,scsSchedulingMatrixDetail,排程矩阵明细,unitsPerHour,Float,物理字段 UnitsPerHour,,no_matching_swagger_schema
semiconductor_process_wip_details_ontology.json,semiconductor_process_wip_details,scsSchedulingMatrixDetail,排程矩阵明细,stdBatchSize,Float,物理字段 StdBatchSize,,no_matching_swagger_schema
semiconductor_process_wip_details_ontology.json,semiconductor_process_wip_details,scsSchedulingMatrixDetail,排程矩阵明细,isFrozen,Boolean,物理字段 IsFrozen,,no_matching_swagger_schema
semiconductor_process_wip_details_ontology.json,semiconductor_process_wip_details,scsSchedulingMatrixDetail,排程矩阵明细,fastCycleTime,Float,物理字段 FastCycleTime,,no_matching_swagger_schema
semiconductor_process_wip_details_ontology.json,semiconductor_process_wip_details,scsSchedulingMatrixDetail,排程矩阵明细,unscheduledTime,Float,物理字段 UnscheduledTime,,no_matching_swagger_schema
semiconductor_process_wip_details_ontology.json,semiconductor_process_wip_details,scsSchedulingMatrixDetail,排程矩阵明细,timePerBatch,Float,物理字段 TimePerBatch,,no_matching_swagger_schema
semiconductor_process_wip_details_ontology.json,semiconductor_process_wip_details,ss_EqpConstraintDetails,设备约束明细,ssEqpConstraintMatrix,Navigation,物理字段 ss_EqpConstraintMatrixId → ss_EqpConstraintMatrix,,no_matching_swagger_schema
semiconductor_process_wip_details_ontology.json,semiconductor_process_wip_details,ss_EqpConstraintDetails,设备约束明细,ssEndDate,DateTime,物理字段 ss_EndDate,,no_matching_swagger_schema
semiconductor_process_wip_details_ontology.json,semiconductor_process_wip_details,ss_EqpConstraintDetails,设备约束明细,name,String,物理字段 ss_EqpConstraintDetailsName,,no_matching_swagger_schema
semiconductor_process_wip_details_ontology.json,semiconductor_process_wip_details,ss_EqpConstraintDetails,设备约束明细,isFrozen,Boolean,物理字段 IsFrozen,,no_matching_swagger_schema
semiconductor_process_wip_details_ontology.json,semiconductor_process_wip_details,ss_EqpConstraintDetails,设备约束明细,ssIsActive,Boolean,物理字段 ss_IsActive,,no_matching_swagger_schema
semiconductor_process_wip_details_ontology.json,semiconductor_process_wip_details,ss_EqpConstraintDetails,设备约束明细,ssAction,String,物理字段 ss_Action,,no_matching_swagger_schema
semiconductor_process_wip_details_ontology.json,semiconductor_process_wip_details,ss_EqpConstraintDetails,设备约束明细,ssStartDate,DateTime,物理字段 ss_StartDate,,no_matching_swagger_schema
semiconductor_process_wip_details_ontology.json,semiconductor_process_wip_details,ss_EqpConstraintDetails,设备约束明细,ssExpression,String,物理字段 ss_Expression,,no_matching_swagger_schema
semiconductor_process_wip_details_ontology.json,semiconductor_process_wip_details,ss_EqpConstraintDetails,设备约束明细,ssQueryValidationValue,String,物理字段 ss_QueryValidationValue,,no_matching_swagger_schema
semiconductor_process_wip_details_ontology.json,semiconductor_process_wip_details,ss_EqpConstraintDetails,设备约束明细,ssConstraintQueryValidation,String,物理字段 ss_ConstraintQueryValidation,,no_matching_swagger_schema
semiconductor_process_wip_details_ontology.json,semiconductor_process_wip_details,ss_EqpConstraintDetails,设备约束明细,ssEqpConstraintQuery,Navigation,物理字段 ss_EqpConstraintQueryId → UserQuery,,no_matching_swagger_schema
semiconductor_quality_iqc_ontology.json,semiconductor_quality_iqc,A_CheckSheetMatrix,检查表矩阵,description,String,物理字段 Description,,no_matching_swagger_schema
semiconductor_quality_iqc_ontology.json,semiconductor_quality_iqc,A_CheckSheetMatrix,检查表矩阵,iconId,Integer,物理字段 IconId,,no_matching_swagger_schema
semiconductor_quality_iqc_ontology.json,semiconductor_quality_iqc,A_CheckSheetMatrix,检查表矩阵,changeHistory,Navigation,物理字段 ChangeHistoryId → ChangeStatus,,no_matching_swagger_schema
semiconductor_quality_iqc_ontology.json,semiconductor_quality_iqc,A_CheckSheetMatrix,检查表矩阵,notes,String,物理字段 Notes,,no_matching_swagger_schema
semiconductor_quality_iqc_ontology.json,semiconductor_quality_iqc,A_CheckSheetMatrix,检查表矩阵,name,String,物理字段 CheckSheetMatrixName,,no_matching_swagger_schema
semiconductor_quality_iqc_ontology.json,semiconductor_quality_iqc,A_CheckSheetMatrix,检查表矩阵,setupAccess,Navigation,物理字段 SetupAccessId → A_SetupAccess,,no_matching_swagger_schema
semiconductor_quality_iqc_ontology.json,semiconductor_quality_iqc,A_CheckSheetMatrix,检查表矩阵,spec,Navigation,物理字段 SpecId → Spec,,no_matching_swagger_schema
semiconductor_quality_iqc_ontology.json,semiconductor_quality_iqc,A_CheckSheetMatrix,检查表矩阵,product,Navigation,物理字段 ProductId → Product,,no_matching_swagger_schema
semiconductor_quality_iqc_ontology.json,semiconductor_quality_iqc,A_CheckSheetMatrix,检查表矩阵,lotId,String,物理字段 LotId,,no_matching_swagger_schema
semiconductor_quality_iqc_ontology.json,semiconductor_quality_iqc,A_CheckSheetMatrix,检查表矩阵,processSpec,Navigation,物理字段 ProcessSpecId → A_ProcessSpec,,no_matching_swagger_schema
semiconductor_quality_iqc_ontology.json,semiconductor_quality_iqc,A_CheckSheetMatrix,检查表矩阵,isFrozen,Boolean,物理字段 IsFrozen,,no_matching_swagger_schema
semiconductor_quality_iqc_ontology.json,semiconductor_quality_iqc,A_CheckSheetMatrix,检查表矩阵,equipment,Navigation,物理字段 EquipmentId → ResourceDef,,no_matching_swagger_schema
semiconductor_quality_iqc_ontology.json,semiconductor_quality_iqc,A_CheckSheetMatrix,检查表矩阵,processType,Navigation,物理字段 ProcessTypeId → A_ProcessType,,no_matching_swagger_schema
semiconductor_quality_iqc_ontology.json,semiconductor_quality_iqc,A_CheckSheetMatrix,检查表矩阵,filterTags,String,物理字段 FilterTags,,no_matching_swagger_schema
semiconductor_quality_iqc_ontology.json,semiconductor_quality_iqc,A_CheckSheetMatrix,检查表矩阵,ssWfStackSteps,String,物理字段 ss_WfStackSteps,,no_matching_swagger_schema
semiconductor_quality_iqc_ontology.json,semiconductor_quality_iqc,A_CheckSheetMatrix,检查表矩阵,ssWipStep,Navigation,物理字段 ss_WIPStepId → WorkflowStep,,no_matching_swagger_schema
semiconductor_quality_iqc_ontology.json,semiconductor_quality_iqc,A_CheckSheetMatrix,检查表矩阵,ssWfStackKey,String,物理字段 ss_WfStackKey,,no_matching_swagger_schema
semiconductor_quality_iqc_ontology.json,semiconductor_quality_iqc,A_CheckSheetMatrix,检查表矩阵,ssWipStepWorkflow,Navigation,物理字段 ss_WIPStepWorkflowId → Workflow,,no_matching_swagger_schema
semiconductor_quality_iqc_ontology.json,semiconductor_quality_iqc,A_CheckSheetMatrix,检查表矩阵,ssWipStepMainWorkflowName,String,物理字段 ss_WIPStepMainWorkflowName,,no_matching_swagger_schema
semiconductor_quality_iqc_ontology.json,semiconductor_quality_iqc,A_CountVarianceLimits,数量差异限制,description,String,物理字段 Description,,no_matching_swagger_schema
semiconductor_quality_iqc_ontology.json,semiconductor_quality_iqc,A_CountVarianceLimits,数量差异限制,iconId,Integer,物理字段 IconId,,no_matching_swagger_schema
semiconductor_quality_iqc_ontology.json,semiconductor_quality_iqc,A_CountVarianceLimits,数量差异限制,setupAccess,Navigation,物理字段 SetupAccessId → A_SetupAccess,,no_matching_swagger_schema
semiconductor_quality_iqc_ontology.json,semiconductor_quality_iqc,A_CountVarianceLimits,数量差异限制,spec,Navigation,物理字段 SpecId → Spec,,no_matching_swagger_schema
semiconductor_quality_iqc_ontology.json,semiconductor_quality_iqc,A_CountVarianceLimits,数量差异限制,isFrozen,Boolean,物理字段 IsFrozen,,no_matching_swagger_schema
semiconductor_quality_iqc_ontology.json,semiconductor_quality_iqc,A_CountVarianceLimits,数量差异限制,name,String,物理字段 CountVarianceLimitsName,,no_matching_swagger_schema
semiconductor_quality_iqc_ontology.json,semiconductor_quality_iqc,A_CountVarianceLimits,数量差异限制,notes,String,物理字段 Notes,,no_matching_swagger_schema
semiconductor_quality_iqc_ontology.json,semiconductor_quality_iqc,A_CountVarianceLimits,数量差异限制,changeHistory,Navigation,物理字段 ChangeHistoryId → ChangeStatus,,no_matching_swagger_schema
semiconductor_quality_iqc_ontology.json,semiconductor_quality_iqc,A_CountVarianceLimits,数量差异限制,filterTags,String,物理字段 FilterTags,,no_matching_swagger_schema
semiconductor_quality_iqc_ontology.json,semiconductor_quality_iqc,A_PDALimits,PDA限制,lossReasonsSpec,Navigation,物理字段 LossReasonsSpecId → Spec,,no_matching_swagger_schema
semiconductor_quality_iqc_ontology.json,semiconductor_quality_iqc,A_PDALimits,PDA限制,changeHistory,Navigation,物理字段 ChangeHistoryId → ChangeStatus,,no_matching_swagger_schema
semiconductor_quality_iqc_ontology.json,semiconductor_quality_iqc,A_PDALimits,PDA限制,description,String,物理字段 Description,,no_matching_swagger_schema
semiconductor_quality_iqc_ontology.json,semiconductor_quality_iqc,A_PDALimits,PDA限制,iconId,Integer,物理字段 IconId,,no_matching_swagger_schema
semiconductor_quality_iqc_ontology.json,semiconductor_quality_iqc,A_PDALimits,PDA限制,isFrozen,Boolean,物理字段 IsFrozen,,no_matching_swagger_schema
semiconductor_quality_iqc_ontology.json,semiconductor_quality_iqc,A_PDALimits,PDA限制,productLine,Navigation,物理字段 ProductLineId → A_ProductLine,,no_matching_swagger_schema
semiconductor_quality_iqc_ontology.json,semiconductor_quality_iqc,A_PDALimits,PDA限制,name,String,物理字段 PDALimitsName,,no_matching_swagger_schema
semiconductor_quality_iqc_ontology.json,semiconductor_quality_iqc,A_PDALimits,PDA限制,spec,Navigation,物理字段 SpecId → Spec,,no_matching_swagger_schema
semiconductor_quality_iqc_ontology.json,semiconductor_quality_iqc,A_PDALimits,PDA限制,setupAccess,Navigation,物理字段 SetupAccessId → A_SetupAccess,,no_matching_swagger_schema
semiconductor_quality_iqc_ontology.json,semiconductor_quality_iqc,A_PDALimits,PDA限制,referenceSpec,Navigation,物理字段 ReferenceSpecId → Spec,,no_matching_swagger_schema
semiconductor_quality_iqc_ontology.json,semiconductor_quality_iqc,A_PDALimits,PDA限制,notes,String,物理字段 Notes,,no_matching_swagger_schema
semiconductor_quality_iqc_ontology.json,semiconductor_quality_iqc,A_PDALimits,PDA限制,processSpec,Navigation,物理字段 ProcessSpecId → A_ProcessSpec,,no_matching_swagger_schema
semiconductor_quality_iqc_ontology.json,semiconductor_quality_iqc,A_PDALimits,PDA限制,workCenter,Navigation,物理字段 WorkCenterId → WorkCenter,,no_matching_swagger_schema
semiconductor_quality_iqc_ontology.json,semiconductor_quality_iqc,A_PDALimits,PDA限制,owner,Navigation,物理字段 OwnerId → Owner,,no_matching_swagger_schema
semiconductor_quality_iqc_ontology.json,semiconductor_quality_iqc,A_PDALimits,PDA限制,product,Navigation,物理字段 ProductId → Product,,no_matching_swagger_schema
semiconductor_quality_iqc_ontology.json,semiconductor_quality_iqc,A_PDALimits,PDA限制,failureAction,String,物理字段 FailureAction,,no_matching_swagger_schema
semiconductor_quality_iqc_ontology.json,semiconductor_quality_iqc,A_PDALimits,PDA限制,failureEmailGroup,Navigation,物理字段 FailureEmailGroupId → A_EmailGroup,,no_matching_swagger_schema
semiconductor_quality_iqc_ontology.json,semiconductor_quality_iqc,A_PDALimits,PDA限制,filterTags,String,物理字段 FilterTags,,no_matching_swagger_schema
semiconductor_quality_iqc_ontology.json,semiconductor_quality_iqc,A_ProcessSpecBins,工艺规格Bin,changeHistory,Navigation,物理字段 ChangeHistoryId → ChangeStatus,,no_matching_swagger_schema
semiconductor_quality_iqc_ontology.json,semiconductor_quality_iqc,A_ProcessSpecBins,工艺规格Bin,notes,String,物理字段 Notes,,no_matching_swagger_schema
semiconductor_quality_iqc_ontology.json,semiconductor_quality_iqc,A_ProcessSpecBins,工艺规格Bin,owner,Navigation,物理字段 OwnerId → Owner,,no_matching_swagger_schema
semiconductor_quality_iqc_ontology.json,semiconductor_quality_iqc,A_ProcessSpecBins,工艺规格Bin,product,Navigation,物理字段 ProductId → Product,,no_matching_swagger_schema
semiconductor_quality_iqc_ontology.json,semiconductor_quality_iqc,A_ProcessSpecBins,工艺规格Bin,setupAccess,Navigation,物理字段 SetupAccessId → A_SetupAccess,,no_matching_swagger_schema
semiconductor_quality_iqc_ontology.json,semiconductor_quality_iqc,A_ProcessSpecBins,工艺规格Bin,isFrozen,Boolean,物理字段 IsFrozen,,no_matching_swagger_schema
semiconductor_quality_iqc_ontology.json,semiconductor_quality_iqc,A_ProcessSpecBins,工艺规格Bin,iconId,Integer,物理字段 IconId,,no_matching_swagger_schema
semiconductor_quality_iqc_ontology.json,semiconductor_quality_iqc,A_ProcessSpecBins,工艺规格Bin,name,String,物理字段 ProcessSpecBinsName,,no_matching_swagger_schema
semiconductor_quality_iqc_ontology.json,semiconductor_quality_iqc,A_ProcessSpecBins,工艺规格Bin,testProgramName,String,物理字段 TestProgramName,,no_matching_swagger_schema
semiconductor_quality_iqc_ontology.json,semiconductor_quality_iqc,A_ProcessSpecBins,工艺规格Bin,testProgramMajorRevision,String,物理字段 TestProgramMajorRevision,,no_matching_swagger_schema
semiconductor_quality_iqc_ontology.json,semiconductor_quality_iqc,A_ProcessSpecBins,工艺规格Bin,testProgramMinorRevision,String,物理字段 TestProgramMinorRevision,,no_matching_swagger_schema
semiconductor_quality_iqc_ontology.json,semiconductor_quality_iqc,A_ProcessSpecBins,工艺规格Bin,spec,Navigation,物理字段 SpecId → Spec,,no_matching_swagger_schema
semiconductor_quality_iqc_ontology.json,semiconductor_quality_iqc,A_ProcessSpecBins,工艺规格Bin,processSpec,Navigation,物理字段 ProcessSpecId → A_ProcessSpec,,no_matching_swagger_schema
semiconductor_quality_iqc_ontology.json,semiconductor_quality_iqc,A_ProcessSpecBins,工艺规格Bin,description,String,物理字段 Description,,no_matching_swagger_schema
semiconductor_quality_iqc_ontology.json,semiconductor_quality_iqc,A_ProcessSpecBins,工艺规格Bin,filterTags,String,物理字段 FilterTags,,no_matching_swagger_schema
semiconductor_quality_iqc_ontology.json,semiconductor_quality_iqc,A_RejectCategory,拒收类别,filterTags,String,物理字段 FilterTags,,no_matching_swagger_schema
semiconductor_quality_iqc_ontology.json,semiconductor_quality_iqc,A_RejectCategory,拒收类别,description,String,物理字段 Description,,no_matching_swagger_schema
semiconductor_quality_iqc_ontology.json,semiconductor_quality_iqc,A_RejectCategory,拒收类别,notes,String,物理字段 Notes,,no_matching_swagger_schema
semiconductor_quality_iqc_ontology.json,semiconductor_quality_iqc,A_RejectCategory,拒收类别,setupAccess,Navigation,物理字段 SetupAccessId → A_SetupAccess,,no_matching_swagger_schema
semiconductor_quality_iqc_ontology.json,semiconductor_quality_iqc,A_RejectCategory,拒收类别,changeHistory,Navigation,物理字段 ChangeHistoryId → ChangeStatus,,no_matching_swagger_schema
semiconductor_quality_iqc_ontology.json,semiconductor_quality_iqc,A_RejectCategory,拒收类别,iconId,Integer,物理字段 IconId,,no_matching_swagger_schema
semiconductor_quality_iqc_ontology.json,semiconductor_quality_iqc,A_RejectCategory,拒收类别,isFrozen,Boolean,物理字段 IsFrozen,,no_matching_swagger_schema
semiconductor_quality_iqc_ontology.json,semiconductor_quality_iqc,A_RejectCategory,拒收类别,name,String,物理字段 RejectCategoryName,,no_matching_swagger_schema
semiconductor_quality_iqc_ontology.json,semiconductor_quality_iqc,A_ResortNoteCode,重分选备注代码,name,String,物理字段 ResortNoteCodeName,,no_matching_swagger_schema
semiconductor_quality_iqc_ontology.json,semiconductor_quality_iqc,A_ResortNoteCode,重分选备注代码,notes,String,物理字段 Notes,,no_matching_swagger_schema
semiconductor_quality_iqc_ontology.json,semiconductor_quality_iqc,A_ResortNoteCode,重分选备注代码,setupAccess,Navigation,物理字段 SetupAccessId → A_SetupAccess,,no_matching_swagger_schema
semiconductor_quality_iqc_ontology.json,semiconductor_quality_iqc,A_ResortNoteCode,重分选备注代码,changeHistory,Navigation,物理字段 ChangeHistoryId → ChangeStatus,,no_matching_swagger_schema
semiconductor_quality_iqc_ontology.json,semiconductor_quality_iqc,A_ResortNoteCode,重分选备注代码,description,String,物理字段 Description,,no_matching_swagger_schema
semiconductor_quality_iqc_ontology.json,semiconductor_quality_iqc,A_ResortNoteCode,重分选备注代码,iconId,Integer,物理字段 IconId,,no_matching_swagger_schema
semiconductor_quality_iqc_ontology.json,semiconductor_quality_iqc,A_ResortNoteCode,重分选备注代码,isFrozen,Boolean,物理字段 IsFrozen,,no_matching_swagger_schema
semiconductor_quality_iqc_ontology.json,semiconductor_quality_iqc,A_ResortNoteCode,重分选备注代码,filterTags,String,物理字段 FilterTags,,no_matching_swagger_schema
semiconductor_quality_iqc_ontology.json,semiconductor_quality_iqc,A_SortNoteCode,分选备注代码,name,String,物理字段 SortNoteCodeName,,no_matching_swagger_schema
semiconductor_quality_iqc_ontology.json,semiconductor_quality_iqc,A_SortNoteCode,分选备注代码,notes,String,物理字段 Notes,,no_matching_swagger_schema
semiconductor_quality_iqc_ontology.json,semiconductor_quality_iqc,A_SortNoteCode,分选备注代码,setupAccess,Navigation,物理字段 SetupAccessId → A_SetupAccess,,no_matching_swagger_schema
semiconductor_quality_iqc_ontology.json,semiconductor_quality_iqc,A_SortNoteCode,分选备注代码,changeHistory,Navigation,物理字段 ChangeHistoryId → ChangeStatus,,no_matching_swagger_schema
semiconductor_quality_iqc_ontology.json,semiconductor_quality_iqc,A_SortNoteCode,分选备注代码,description,String,物理字段 Description,,no_matching_swagger_schema
semiconductor_quality_iqc_ontology.json,semiconductor_quality_iqc,A_SortNoteCode,分选备注代码,isFrozen,Boolean,物理字段 IsFrozen,,no_matching_swagger_schema
semiconductor_quality_iqc_ontology.json,semiconductor_quality_iqc,A_SortNoteCode,分选备注代码,iconId,Integer,物理字段 IconId,,no_matching_swagger_schema
semiconductor_quality_iqc_ontology.json,semiconductor_quality_iqc,A_SortNoteCode,分选备注代码,filterTags,String,物理字段 FilterTags,,no_matching_swagger_schema
semiconductor_quality_iqc_ontology.json,semiconductor_quality_iqc,A_SortIQCLotCheck,IQC批次检查,notes,String,物理字段 Notes,,no_matching_swagger_schema
semiconductor_quality_iqc_ontology.json,semiconductor_quality_iqc,A_SortIQCLotCheck,IQC批次检查,setupAccess,Navigation,物理字段 SetupAccessId → A_SetupAccess,,no_matching_swagger_schema
semiconductor_quality_iqc_ontology.json,semiconductor_quality_iqc,A_SortIQCLotCheck,IQC批次检查,iconId,Integer,物理字段 IconId,,no_matching_swagger_schema
semiconductor_quality_iqc_ontology.json,semiconductor_quality_iqc,A_SortIQCLotCheck,IQC批次检查,name,String,物理字段 SortIQCLotCheckName,,no_matching_swagger_schema
semiconductor_quality_iqc_ontology.json,semiconductor_quality_iqc,A_SortIQCLotCheck,IQC批次检查,description,String,物理字段 Description,,no_matching_swagger_schema
semiconductor_quality_iqc_ontology.json,semiconductor_quality_iqc,A_SortIQCLotCheck,IQC批次检查,isFrozen,Boolean,物理字段 IsFrozen,,no_matching_swagger_schema
semiconductor_quality_iqc_ontology.json,semiconductor_quality_iqc,A_SortIQCLotCheck,IQC批次检查,changeHistory,Navigation,物理字段 ChangeHistoryId → ChangeStatus,,no_matching_swagger_schema
semiconductor_quality_iqc_ontology.json,semiconductor_quality_iqc,A_SortIQCLotCheck,IQC批次检查,filterTags,String,物理字段 FilterTags,,no_matching_swagger_schema
semiconductor_quality_iqc_ontology.json,semiconductor_quality_iqc,A_SortIQCWaferCheck,IQC晶圆检查,iconId,Integer,物理字段 IconId,,no_matching_swagger_schema
semiconductor_quality_iqc_ontology.json,semiconductor_quality_iqc,A_SortIQCWaferCheck,IQC晶圆检查,notes,String,物理字段 Notes,,no_matching_swagger_schema
semiconductor_quality_iqc_ontology.json,semiconductor_quality_iqc,A_SortIQCWaferCheck,IQC晶圆检查,setupAccess,Navigation,物理字段 SetupAccessId → A_SetupAccess,,no_matching_swagger_schema
semiconductor_quality_iqc_ontology.json,semiconductor_quality_iqc,A_SortIQCWaferCheck,IQC晶圆检查,changeHistory,Navigation,物理字段 ChangeHistoryId → ChangeStatus,,no_matching_swagger_schema
semiconductor_quality_iqc_ontology.json,semiconductor_quality_iqc,A_SortIQCWaferCheck,IQC晶圆检查,isFrozen,Boolean,物理字段 IsFrozen,,no_matching_swagger_schema
semiconductor_quality_iqc_ontology.json,semiconductor_quality_iqc,A_SortIQCWaferCheck,IQC晶圆检查,description,String,物理字段 Description,,no_matching_swagger_schema
semiconductor_quality_iqc_ontology.json,semiconductor_quality_iqc,A_SortIQCWaferCheck,IQC晶圆检查,name,String,物理字段 SortIQCWaferCheckName,,no_matching_swagger_schema
semiconductor_quality_iqc_ontology.json,semiconductor_quality_iqc,A_SortIQCWaferCheck,IQC晶圆检查,filterTags,String,物理字段 FilterTags,,no_matching_swagger_schema
semiconductor_quality_iqc_ontology.json,semiconductor_quality_iqc,A_SortSQAFailure,SQA失败配置,setupAccess,Navigation,物理字段 SetupAccessId → A_SetupAccess,,no_matching_swagger_schema
semiconductor_quality_iqc_ontology.json,semiconductor_quality_iqc,A_SortSQAFailure,SQA失败配置,changeHistory,Navigation,物理字段 ChangeHistoryId → ChangeStatus,,no_matching_swagger_schema
semiconductor_quality_iqc_ontology.json,semiconductor_quality_iqc,A_SortSQAFailure,SQA失败配置,description,String,物理字段 Description,,no_matching_swagger_schema
semiconductor_quality_iqc_ontology.json,semiconductor_quality_iqc,A_SortSQAFailure,SQA失败配置,iconId,Integer,物理字段 IconId,,no_matching_swagger_schema
semiconductor_quality_iqc_ontology.json,semiconductor_quality_iqc,A_SortSQAFailure,SQA失败配置,isFrozen,Boolean,物理字段 IsFrozen,,no_matching_swagger_schema
semiconductor_quality_iqc_ontology.json,semiconductor_quality_iqc,A_SortSQAFailure,SQA失败配置,name,String,物理字段 SortSQAFailureName,,no_matching_swagger_schema
semiconductor_quality_iqc_ontology.json,semiconductor_quality_iqc,A_SortSQAFailure,SQA失败配置,notes,String,物理字段 Notes,,no_matching_swagger_schema
semiconductor_quality_iqc_ontology.json,semiconductor_quality_iqc,A_SortSQAFailure,SQA失败配置,filterTags,String,物理字段 FilterTags,,no_matching_swagger_schema
semiconductor_quality_iqc_ontology.json,semiconductor_quality_iqc,A_TestIQCOption,IQC测试选项,notes,String,物理字段 Notes,,no_matching_swagger_schema
semiconductor_quality_iqc_ontology.json,semiconductor_quality_iqc,A_TestIQCOption,IQC测试选项,autoSelectLotsAlert,Boolean,物理字段 AutoSelectLotsAlert,,no_matching_swagger_schema
semiconductor_quality_iqc_ontology.json,semiconductor_quality_iqc,A_TestIQCOption,IQC测试选项,setupAccess,Navigation,物理字段 SetupAccessId → A_SetupAccess,,no_matching_swagger_schema
semiconductor_quality_iqc_ontology.json,semiconductor_quality_iqc,A_TestIQCOption,IQC测试选项,incomingSolderabilityTestType,String,物理字段 IncomingSolderabilityTestType,,no_matching_swagger_schema
semiconductor_quality_iqc_ontology.json,semiconductor_quality_iqc,A_TestIQCOption,IQC测试选项,vmTestType,String,物理字段 VMTestType,,no_matching_swagger_schema
semiconductor_quality_iqc_ontology.json,semiconductor_quality_iqc,A_TestIQCOption,IQC测试选项,incomingSolderabilityRequired,Boolean,物理字段 IncomingSolderabilityRequired,,no_matching_swagger_schema
semiconductor_quality_iqc_ontology.json,semiconductor_quality_iqc,A_TestIQCOption,IQC测试选项,vmRequired,Boolean,物理字段 VMRequired,,no_matching_swagger_schema
semiconductor_quality_iqc_ontology.json,semiconductor_quality_iqc,A_TestIQCOption,IQC测试选项,vmQtyType,String,物理字段 VMQtyType,,no_matching_swagger_schema
semiconductor_quality_iqc_ontology.json,semiconductor_quality_iqc,A_TestIQCOption,IQC测试选项,vmLotsRequired,Integer,物理字段 VMLotsRequired,,no_matching_swagger_schema
semiconductor_quality_iqc_ontology.json,semiconductor_quality_iqc,A_TestIQCOption,IQC测试选项,vmQtyValue,Float,物理字段 VMQtyValue,,no_matching_swagger_schema
semiconductor_quality_iqc_ontology.json,semiconductor_quality_iqc,A_TestIQCOption,IQC测试选项,variableDataLotsRequired,Integer,物理字段 VariableDataLotsRequired,,no_matching_swagger_schema
semiconductor_quality_iqc_ontology.json,semiconductor_quality_iqc,A_TestIQCOption,IQC测试选项,variableDataTestType,String,物理字段 VariableDataTestType,,no_matching_swagger_schema
semiconductor_quality_iqc_ontology.json,semiconductor_quality_iqc,A_TestIQCOption,IQC测试选项,variableDataQtyValue,Float,物理字段 VariableDataQtyValue,,no_matching_swagger_schema
semiconductor_quality_iqc_ontology.json,semiconductor_quality_iqc,A_TestIQCOption,IQC测试选项,name,String,物理字段 TestIQCOptionName,,no_matching_swagger_schema
semiconductor_quality_iqc_ontology.json,semiconductor_quality_iqc,A_TestIQCOption,IQC测试选项,variableDataRequired,Boolean,物理字段 VariableDataRequired,,no_matching_swagger_schema
semiconductor_quality_iqc_ontology.json,semiconductor_quality_iqc,A_TestIQCOption,IQC测试选项,changeHistory,Navigation,物理字段 ChangeHistoryId → ChangeStatus,,no_matching_swagger_schema
semiconductor_quality_iqc_ontology.json,semiconductor_quality_iqc,A_TestIQCOption,IQC测试选项,description,String,物理字段 Description,,no_matching_swagger_schema
semiconductor_quality_iqc_ontology.json,semiconductor_quality_iqc,A_TestIQCOption,IQC测试选项,iconId,Integer,物理字段 IconId,,no_matching_swagger_schema
semiconductor_quality_iqc_ontology.json,semiconductor_quality_iqc,A_TestIQCOption,IQC测试选项,isFrozen,Boolean,物理字段 IsFrozen,,no_matching_swagger_schema
semiconductor_quality_iqc_ontology.json,semiconductor_quality_iqc,A_TestIQCOption,IQC测试选项,variableDataQtyType,String,物理字段 VariableDataQtyType,,no_matching_swagger_schema
semiconductor_quality_iqc_ontology.json,semiconductor_quality_iqc,A_TestIQCOption,IQC测试选项,autoSelectLots,Boolean,物理字段 AutoSelectLots,,no_matching_swagger_schema
semiconductor_quality_iqc_ontology.json,semiconductor_quality_iqc,A_TestIQCOption,IQC测试选项,filterTags,String,物理字段 FilterTags,,no_matching_swagger_schema
semiconductor_quality_iqc_ontology.json,semiconductor_quality_iqc,A_TestIQCParams,IQC测试参数,changeHistory,Navigation,物理字段 ChangeHistoryId → ChangeStatus,,no_matching_swagger_schema
semiconductor_quality_iqc_ontology.json,semiconductor_quality_iqc,A_TestIQCParams,IQC测试参数,description,String,物理字段 Description,,no_matching_swagger_schema
semiconductor_quality_iqc_ontology.json,semiconductor_quality_iqc,A_TestIQCParams,IQC测试参数,iconId,Integer,物理字段 IconId,,no_matching_swagger_schema
semiconductor_quality_iqc_ontology.json,semiconductor_quality_iqc,A_TestIQCParams,IQC测试参数,isFrozen,Boolean,物理字段 IsFrozen,,no_matching_swagger_schema
semiconductor_quality_iqc_ontology.json,semiconductor_quality_iqc,A_TestIQCParams,IQC测试参数,name,String,物理字段 TestIQCParamsName,,no_matching_swagger_schema
semiconductor_quality_iqc_ontology.json,semiconductor_quality_iqc,A_TestIQCParams,IQC测试参数,packageType,String,物理字段 PackageType,,no_matching_swagger_schema
semiconductor_quality_iqc_ontology.json,semiconductor_quality_iqc,A_TestIQCParams,IQC测试参数,setupAccess,Navigation,物理字段 SetupAccessId → A_SetupAccess,,no_matching_swagger_schema
semiconductor_quality_iqc_ontology.json,semiconductor_quality_iqc,A_TestIQCParams,IQC测试参数,notes,String,物理字段 Notes,,no_matching_swagger_schema
semiconductor_quality_iqc_ontology.json,semiconductor_quality_iqc,A_TestIQCParams,IQC测试参数,filterTags,String,物理字段 FilterTags,,no_matching_swagger_schema
semiconductor_quality_iqc_ontology.json,semiconductor_quality_iqc,A_TestIQCSetup,IQC测试配置,vmTestType,String,物理字段 VMTestType,,no_matching_swagger_schema
semiconductor_quality_iqc_ontology.json,semiconductor_quality_iqc,A_TestIQCSetup,IQC测试配置,notes,String,物理字段 Notes,,no_matching_swagger_schema
semiconductor_quality_iqc_ontology.json,semiconductor_quality_iqc,A_TestIQCSetup,IQC测试配置,autoSelectLotsAlert,Boolean,物理字段 AutoSelectLotsAlert,,no_matching_swagger_schema
semiconductor_quality_iqc_ontology.json,semiconductor_quality_iqc,A_TestIQCSetup,IQC测试配置,setupAccess,Navigation,物理字段 SetupAccessId → A_SetupAccess,,no_matching_swagger_schema
semiconductor_quality_iqc_ontology.json,semiconductor_quality_iqc,A_TestIQCSetup,IQC测试配置,vmQtyValue,Float,物理字段 VMQtyValue,,no_matching_swagger_schema
semiconductor_quality_iqc_ontology.json,semiconductor_quality_iqc,A_TestIQCSetup,IQC测试配置,shipFromFactory,Navigation,物理字段 ShipFromFactoryId → A_ShipFromFactory,,no_matching_swagger_schema
semiconductor_quality_iqc_ontology.json,semiconductor_quality_iqc,A_TestIQCSetup,IQC测试配置,vmRequired,Boolean,物理字段 VMRequired,,no_matching_swagger_schema
semiconductor_quality_iqc_ontology.json,semiconductor_quality_iqc,A_TestIQCSetup,IQC测试配置,variableDataRequired,Boolean,物理字段 VariableDataRequired,,no_matching_swagger_schema
semiconductor_quality_iqc_ontology.json,semiconductor_quality_iqc,A_TestIQCSetup,IQC测试配置,isFrozen,Boolean,物理字段 IsFrozen,,no_matching_swagger_schema
semiconductor_quality_iqc_ontology.json,semiconductor_quality_iqc,A_TestIQCSetup,IQC测试配置,packageType,String,物理字段 PackageType,,no_matching_swagger_schema
semiconductor_quality_iqc_ontology.json,semiconductor_quality_iqc,A_TestIQCSetup,IQC测试配置,leads,String,物理字段 Leads,,no_matching_swagger_schema
semiconductor_quality_iqc_ontology.json,semiconductor_quality_iqc,A_TestIQCSetup,IQC测试配置,variableDataTestType,String,物理字段 VariableDataTestType,,no_matching_swagger_schema
semiconductor_quality_iqc_ontology.json,semiconductor_quality_iqc,A_TestIQCSetup,IQC测试配置,name,String,物理字段 TestIQCSetupName,,no_matching_swagger_schema
semiconductor_quality_iqc_ontology.json,semiconductor_quality_iqc,A_TestIQCSetup,IQC测试配置,changeHistory,Navigation,物理字段 ChangeHistoryId → ChangeStatus,,no_matching_swagger_schema
semiconductor_quality_iqc_ontology.json,semiconductor_quality_iqc,A_TestIQCSetup,IQC测试配置,vmQtyType,String,物理字段 VMQtyType,,no_matching_swagger_schema
semiconductor_quality_iqc_ontology.json,semiconductor_quality_iqc,A_TestIQCSetup,IQC测试配置,iconId,Integer,物理字段 IconId,,no_matching_swagger_schema
semiconductor_quality_iqc_ontology.json,semiconductor_quality_iqc,A_TestIQCSetup,IQC测试配置,vmLotsRequired,Integer,物理字段 VMLotsRequired,,no_matching_swagger_schema
semiconductor_quality_iqc_ontology.json,semiconductor_quality_iqc,A_TestIQCSetup,IQC测试配置,testIqcOption,Navigation,物理字段 TestIQCOptionId → A_TestIQCOption,,no_matching_swagger_schema
semiconductor_quality_iqc_ontology.json,semiconductor_quality_iqc,A_TestIQCSetup,IQC测试配置,autoSelectLots,Boolean,物理字段 AutoSelectLots,,no_matching_swagger_schema
semiconductor_quality_iqc_ontology.json,semiconductor_quality_iqc,A_TestIQCSetup,IQC测试配置,incomingSolderabilityTestType,String,物理字段 IncomingSolderabilityTestType,,no_matching_swagger_schema
semiconductor_quality_iqc_ontology.json,semiconductor_quality_iqc,A_TestIQCSetup,IQC测试配置,incomingSolderabilityRequired,Boolean,物理字段 IncomingSolderabilityRequired,,no_matching_swagger_schema
semiconductor_quality_iqc_ontology.json,semiconductor_quality_iqc,A_TestIQCSetup,IQC测试配置,variableDataLotsRequired,Integer,物理字段 VariableDataLotsRequired,,no_matching_swagger_schema
semiconductor_quality_iqc_ontology.json,semiconductor_quality_iqc,A_TestIQCSetup,IQC测试配置,variableDataQtyType,String,物理字段 VariableDataQtyType,,no_matching_swagger_schema
semiconductor_quality_iqc_ontology.json,semiconductor_quality_iqc,A_TestIQCSetup,IQC测试配置,variableDataQtyValue,Float,物理字段 VariableDataQtyValue,,no_matching_swagger_schema
semiconductor_quality_iqc_ontology.json,semiconductor_quality_iqc,A_TestIQCSetup,IQC测试配置,description,String,物理字段 Description,,no_matching_swagger_schema
semiconductor_quality_iqc_ontology.json,semiconductor_quality_iqc,A_TestIQCSetup,IQC测试配置,filterTags,String,物理字段 FilterTags,,no_matching_swagger_schema
semiconductor_quality_iqc_ontology.json,semiconductor_quality_iqc,A_VarianceReason,差异原因,changeHistory,Navigation,物理字段 ChangeHistoryId → ChangeStatus,,no_matching_swagger_schema
semiconductor_quality_iqc_ontology.json,semiconductor_quality_iqc,A_VarianceReason,差异原因,description,String,物理字段 Description,,no_matching_swagger_schema
semiconductor_quality_iqc_ontology.json,semiconductor_quality_iqc,A_VarianceReason,差异原因,iconId,Integer,物理字段 IconId,,no_matching_swagger_schema
semiconductor_quality_iqc_ontology.json,semiconductor_quality_iqc,A_VarianceReason,差异原因,isFrozen,Boolean,物理字段 IsFrozen,,no_matching_swagger_schema
semiconductor_quality_iqc_ontology.json,semiconductor_quality_iqc,A_VarianceReason,差异原因,name,String,物理字段 VarianceReasonName,,no_matching_swagger_schema
semiconductor_quality_iqc_ontology.json,semiconductor_quality_iqc,A_VarianceReason,差异原因,setupAccess,Navigation,物理字段 SetupAccessId → A_SetupAccess,,no_matching_swagger_schema
semiconductor_quality_iqc_ontology.json,semiconductor_quality_iqc,A_VarianceReason,差异原因,notes,String,物理字段 Notes,,no_matching_swagger_schema
semiconductor_quality_iqc_ontology.json,semiconductor_quality_iqc,A_VarianceReason,差异原因,filterTags,String,物理字段 FilterTags,,no_matching_swagger_schema
semiconductor_quality_iqc_ontology.json,semiconductor_quality_iqc,scsFailureHoldSetup,失败Hold配置,holdReason,Navigation,物理字段 HoldReasonId → HoldReason,,no_matching_swagger_schema
semiconductor_quality_iqc_ontology.json,semiconductor_quality_iqc,scsFailureHoldSetup,失败Hold配置,emailGroup,Navigation,物理字段 EmailGroupId → A_EmailGroup,,no_matching_swagger_schema
semiconductor_quality_iqc_ontology.json,semiconductor_quality_iqc,scsFailureHoldSetup,失败Hold配置,comments,String,物理字段 Comments,,no_matching_swagger_schema
semiconductor_quality_iqc_ontology.json,semiconductor_quality_iqc,scsFailureHoldSetup,失败Hold配置,name,String,物理字段 scsFailureHoldSetupName,,no_matching_swagger_schema
semiconductor_quality_iqc_ontology.json,semiconductor_quality_iqc,scsFailureHoldSetup,失败Hold配置,setupAccess,Navigation,物理字段 SetupAccessId → A_SetupAccess,,no_matching_swagger_schema
semiconductor_quality_iqc_ontology.json,semiconductor_quality_iqc,scsFailureHoldSetup,失败Hold配置,isFrozen,Boolean,物理字段 IsFrozen,,no_matching_swagger_schema
semiconductor_quality_iqc_ontology.json,semiconductor_quality_iqc,scsFailureHoldSetup,失败Hold配置,iconId,Integer,物理字段 IconId,,no_matching_swagger_schema
semiconductor_quality_iqc_ontology.json,semiconductor_quality_iqc,scsFailureHoldSetup,失败Hold配置,changeHistory,Navigation,物理字段 ChangeHistoryId → ChangeStatus,,no_matching_swagger_schema
semiconductor_quality_iqc_ontology.json,semiconductor_quality_iqc,scsFailureHoldSetup,失败Hold配置,description,String,物理字段 Description,,no_matching_swagger_schema
semiconductor_quality_iqc_ontology.json,semiconductor_quality_iqc,scsFailureHoldSetup,失败Hold配置,filterTags,String,物理字段 FilterTags,,no_matching_swagger_schema
semiconductor_quality_iqc_ontology.json,semiconductor_quality_iqc,scsFailureHoldSetup,失败Hold配置,holdLocation,Navigation,物理字段 HoldLocationId → A_HoldLocation,,no_matching_swagger_schema
semiconductor_quality_iqc_ontology.json,semiconductor_quality_iqc,scsFailureHoldSetup,失败Hold配置,notes,String,物理字段 Notes,,no_matching_swagger_schema
semiconductor_quality_iqc_ontology.json,semiconductor_quality_iqc,scsFailureHoldSetup,失败Hold配置,expectedHoldDays,Float,物理字段 ExpectedHoldDays,,no_matching_swagger_schema
semiconductor_revision_bases_ontology.json,semiconductor_revision_bases,MasterRecipeBase,主配方Base,revOfRcd,Navigation,物理字段 RevOfRcdId → MasterRecipe,,no_matching_swagger_schema
semiconductor_revision_bases_ontology.json,semiconductor_revision_bases,MasterRecipeBase,主配方Base,name,String,物理字段 MasterRecipeName,,no_matching_swagger_schema
semiconductor_revision_bases_ontology.json,semiconductor_revision_bases,MasterRecipeBase,主配方Base,iconId,Integer,物理字段 IconId,,no_matching_swagger_schema
semiconductor_revision_bases_ontology.json,semiconductor_revision_bases,ProcessModelTemplateBase,过程模型模板Base,iconId,Integer,物理字段 IconId,,no_matching_swagger_schema
semiconductor_revision_bases_ontology.json,semiconductor_revision_bases,ProcessModelTemplateBase,过程模型模板Base,revOfRcd,Navigation,物理字段 RevOfRcdId → ProcessModelTemplate,,no_matching_swagger_schema
semiconductor_revision_bases_ontology.json,semiconductor_revision_bases,ProcessModelTemplateBase,过程模型模板Base,name,String,物理字段 ProcessModelTemplateName,,no_matching_swagger_schema
semiconductor_revision_bases_ontology.json,semiconductor_revision_bases,BusinessProcessSpecBase,业务过程规格Base,revOfRcd,Navigation,物理字段 RevOfRcdId → BusinessProcessSpec,,no_matching_swagger_schema
semiconductor_revision_bases_ontology.json,semiconductor_revision_bases,BusinessProcessSpecBase,业务过程规格Base,name,String,物理字段 BusinessProcessSpecName,,no_matching_swagger_schema
semiconductor_revision_bases_ontology.json,semiconductor_revision_bases,BusinessProcessSpecBase,业务过程规格Base,iconId,Integer,物理字段 IconId,,no_matching_swagger_schema
semiconductor_revision_bases_ontology.json,semiconductor_revision_bases,BusinessProcessWorkflowBase,业务过程工作流Base,iconId,Integer,物理字段 IconId,,no_matching_swagger_schema
semiconductor_revision_bases_ontology.json,semiconductor_revision_bases,BusinessProcessWorkflowBase,业务过程工作流Base,revOfRcd,Navigation,物理字段 RevOfRcdId → BusinessProcessWorkflow,,no_matching_swagger_schema
semiconductor_revision_bases_ontology.json,semiconductor_revision_bases,BusinessProcessWorkflowBase,业务过程工作流Base,name,String,物理字段 BusinessProcessWorkflowName,,no_matching_swagger_schema
semiconductor_revision_bases_ontology.json,semiconductor_revision_bases,ProcessTimerBase,过程计时器Base,revOfRcd,Navigation,物理字段 RevOfRcdId → ProcessTimer,,no_matching_swagger_schema
semiconductor_revision_bases_ontology.json,semiconductor_revision_bases,ProcessTimerBase,过程计时器Base,iconId,Integer,物理字段 IconId,,no_matching_swagger_schema
semiconductor_revision_bases_ontology.json,semiconductor_revision_bases,ProcessTimerBase,过程计时器Base,name,String,物理字段 ProcessTimerName,,no_matching_swagger_schema
semiconductor_revision_bases_ontology.json,semiconductor_revision_bases,isImageBase,图像Base,iconId,Integer,物理字段 IconId,,no_matching_swagger_schema
semiconductor_revision_bases_ontology.json,semiconductor_revision_bases,isImageBase,图像Base,revOfRcd,Navigation,物理字段 RevOfRcdId → isImage,,no_matching_swagger_schema
semiconductor_revision_bases_ontology.json,semiconductor_revision_bases,isImageBase,图像Base,name,String,物理字段 isImageName,,no_matching_swagger_schema
semiconductor_revision_bases_ontology.json,semiconductor_revision_bases,BOMBase,BOM Base,name,String,物理字段 BOMName,,no_matching_swagger_schema
semiconductor_revision_bases_ontology.json,semiconductor_revision_bases,BOMBase,BOM Base,iconId,Integer,物理字段 IconId,,no_matching_swagger_schema
semiconductor_revision_bases_ontology.json,semiconductor_revision_bases,BOMBase,BOM Base,revOfRcd,Navigation,物理字段 RevOfRcdId → BOM,,no_matching_swagger_schema
semiconductor_revision_bases_ontology.json,semiconductor_revision_bases,DataCollectionDefBase,数据采集定义Base,name,String,物理字段 DataCollectionDefName,,no_matching_swagger_schema
semiconductor_revision_bases_ontology.json,semiconductor_revision_bases,DataCollectionDefBase,数据采集定义Base,revOfRcd,Navigation,物理字段 RevOfRcdId → DataCollectionDef,,no_matching_swagger_schema
semiconductor_revision_bases_ontology.json,semiconductor_revision_bases,DataCollectionDefBase,数据采集定义Base,iconId,Integer,物理字段 IconId,,no_matching_swagger_schema
semiconductor_revision_bases_ontology.json,semiconductor_revision_bases,SetupBase,Setup Base,name,String,物理字段 SetupName,,no_matching_swagger_schema
semiconductor_revision_bases_ontology.json,semiconductor_revision_bases,SetupBase,Setup Base,iconId,Integer,物理字段 IconId,,no_matching_swagger_schema
semiconductor_revision_bases_ontology.json,semiconductor_revision_bases,SetupBase,Setup Base,revOfRcd,Navigation,物理字段 RevOfRcdId → Setup,,no_matching_swagger_schema
semiconductor_revision_bases_ontology.json,semiconductor_revision_bases,MaintenanceReqBase,维护需求Base,name,String,物理字段 MaintenanceReqName,,no_matching_swagger_schema
semiconductor_revision_bases_ontology.json,semiconductor_revision_bases,MaintenanceReqBase,维护需求Base,revOfRcd,Navigation,物理字段 RevOfRcdId → MaintenanceReq,,no_matching_swagger_schema
semiconductor_revision_bases_ontology.json,semiconductor_revision_bases,MaintenanceReqBase,维护需求Base,iconId,Integer,物理字段 IconId,,no_matching_swagger_schema
semiconductor_revision_bases_ontology.json,semiconductor_revision_bases,ERPBOMBase,ERP BOM Base,iconId,Integer,物理字段 IconId,,no_matching_swagger_schema
semiconductor_revision_bases_ontology.json,semiconductor_revision_bases,ERPBOMBase,ERP BOM Base,name,String,物理字段 ERPBOMName,,no_matching_swagger_schema
semiconductor_revision_bases_ontology.json,semiconductor_revision_bases,ERPBOMBase,ERP BOM Base,revOfRcd,Navigation,物理字段 RevOfRcdId → ERPBOM,,no_matching_swagger_schema
semiconductor_revision_bases_ontology.json,semiconductor_revision_bases,MfgOrderProcedureBase,制造工单程序Base,revOfRcd,Navigation,物理字段 RevOfRcdId → MfgOrderProcedure,,no_matching_swagger_schema
semiconductor_revision_bases_ontology.json,semiconductor_revision_bases,MfgOrderProcedureBase,制造工单程序Base,iconId,Integer,物理字段 IconId,,no_matching_swagger_schema
semiconductor_revision_bases_ontology.json,semiconductor_revision_bases,MfgOrderProcedureBase,制造工单程序Base,name,String,物理字段 MfgOrderProcedureName,,no_matching_swagger_schema
semiconductor_revision_bases_ontology.json,semiconductor_revision_bases,MfgOrderTaskListBase,制造工单任务列表Base,iconId,Integer,物理字段 IconId,,no_matching_swagger_schema
semiconductor_revision_bases_ontology.json,semiconductor_revision_bases,MfgOrderTaskListBase,制造工单任务列表Base,revOfRcd,Navigation,物理字段 RevOfRcdId → MfgOrderTaskList,,no_matching_swagger_schema
semiconductor_revision_bases_ontology.json,semiconductor_revision_bases,MfgOrderTaskListBase,制造工单任务列表Base,name,String,物理字段 MfgOrderTaskListName,,no_matching_swagger_schema
semiconductor_revision_bases_ontology.json,semiconductor_revision_bases,SchedulingRouteBase,排程路线Base,name,String,物理字段 SchedulingRouteName,,no_matching_swagger_schema
semiconductor_revision_bases_ontology.json,semiconductor_revision_bases,SchedulingRouteBase,排程路线Base,iconId,Integer,物理字段 IconId,,no_matching_swagger_schema
semiconductor_revision_bases_ontology.json,semiconductor_revision_bases,SchedulingRouteBase,排程路线Base,revOfRcd,Navigation,物理字段 RevOfRcdId → SchedulingRoute,,no_matching_swagger_schema
semiconductor_scheduling_flow_ontology.json,semiconductor_scheduling_flow,A_AreaGroup,区域组,setupAccess,Navigation,物理字段 SetupAccessId → A_SetupAccess,,no_matching_swagger_schema
semiconductor_scheduling_flow_ontology.json,semiconductor_scheduling_flow,A_AreaGroup,区域组,changeHistory,Navigation,物理字段 ChangeHistoryId → ChangeStatus,,no_matching_swagger_schema
semiconductor_scheduling_flow_ontology.json,semiconductor_scheduling_flow,A_AreaGroup,区域组,description,String,物理字段 Description,,no_matching_swagger_schema
semiconductor_scheduling_flow_ontology.json,semiconductor_scheduling_flow,A_AreaGroup,区域组,iconId,Integer,物理字段 IconId,,no_matching_swagger_schema
semiconductor_scheduling_flow_ontology.json,semiconductor_scheduling_flow,A_AreaGroup,区域组,name,String,物理字段 AreaGroupName,,no_matching_swagger_schema
semiconductor_scheduling_flow_ontology.json,semiconductor_scheduling_flow,A_AreaGroup,区域组,notes,String,物理字段 Notes,,no_matching_swagger_schema
semiconductor_scheduling_flow_ontology.json,semiconductor_scheduling_flow,A_AreaGroup,区域组,isFrozen,Boolean,物理字段 IsFrozen,,no_matching_swagger_schema
semiconductor_scheduling_flow_ontology.json,semiconductor_scheduling_flow,A_AreaGroup,区域组,filterTags,String,物理字段 FilterTags,,no_matching_swagger_schema
semiconductor_scheduling_flow_ontology.json,semiconductor_scheduling_flow,A_AutomationPlan,自动化计划,iconId,Integer,物理字段 IconId,,no_matching_swagger_schema
semiconductor_scheduling_flow_ontology.json,semiconductor_scheduling_flow,A_AutomationPlan,自动化计划,notes,String,物理字段 Notes,,no_matching_swagger_schema
semiconductor_scheduling_flow_ontology.json,semiconductor_scheduling_flow,A_AutomationPlan,自动化计划,trackOutAutomation,String,物理字段 TrackOutAutomation,,no_matching_swagger_schema
semiconductor_scheduling_flow_ontology.json,semiconductor_scheduling_flow,A_AutomationPlan,自动化计划,trackInAutomation,String,物理字段 TrackInAutomation,,no_matching_swagger_schema
semiconductor_scheduling_flow_ontology.json,semiconductor_scheduling_flow,A_AutomationPlan,自动化计划,name,String,物理字段 AutomationPlanName,,no_matching_swagger_schema
semiconductor_scheduling_flow_ontology.json,semiconductor_scheduling_flow,A_AutomationPlan,自动化计划,isFrozen,Boolean,物理字段 IsFrozen,,no_matching_swagger_schema
semiconductor_scheduling_flow_ontology.json,semiconductor_scheduling_flow,A_AutomationPlan,自动化计划,description,String,物理字段 Description,,no_matching_swagger_schema
semiconductor_scheduling_flow_ontology.json,semiconductor_scheduling_flow,A_AutomationPlan,自动化计划,changeHistory,Navigation,物理字段 ChangeHistoryId → ChangeStatus,,no_matching_swagger_schema
semiconductor_scheduling_flow_ontology.json,semiconductor_scheduling_flow,A_AutomationPlan,自动化计划,setupAccess,Navigation,物理字段 SetupAccessId → A_SetupAccess,,no_matching_swagger_schema
semiconductor_scheduling_flow_ontology.json,semiconductor_scheduling_flow,A_AutomationPlan,自动化计划,filterTags,String,物理字段 FilterTags,,no_matching_swagger_schema
semiconductor_scheduling_flow_ontology.json,semiconductor_scheduling_flow,A_Calendar,半导体日历,month11Weeks,Integer,物理字段 Month11Weeks,,no_matching_swagger_schema
semiconductor_scheduling_flow_ontology.json,semiconductor_scheduling_flow,A_Calendar,半导体日历,month12Weeks,Integer,物理字段 Month12Weeks,,no_matching_swagger_schema
semiconductor_scheduling_flow_ontology.json,semiconductor_scheduling_flow,A_Calendar,半导体日历,month03Weeks,Integer,物理字段 Month03Weeks,,no_matching_swagger_schema
semiconductor_scheduling_flow_ontology.json,semiconductor_scheduling_flow,A_Calendar,半导体日历,month04Weeks,Integer,物理字段 Month04Weeks,,no_matching_swagger_schema
semiconductor_scheduling_flow_ontology.json,semiconductor_scheduling_flow,A_Calendar,半导体日历,month09Weeks,Integer,物理字段 Month09Weeks,,no_matching_swagger_schema
semiconductor_scheduling_flow_ontology.json,semiconductor_scheduling_flow,A_Calendar,半导体日历,changeHistory,Navigation,物理字段 ChangeHistoryId → ChangeStatus,,no_matching_swagger_schema
semiconductor_scheduling_flow_ontology.json,semiconductor_scheduling_flow,A_Calendar,半导体日历,isFrozen,Boolean,物理字段 IsFrozen,,no_matching_swagger_schema
semiconductor_scheduling_flow_ontology.json,semiconductor_scheduling_flow,A_Calendar,半导体日历,name,String,物理字段 CalendarName,,no_matching_swagger_schema
semiconductor_scheduling_flow_ontology.json,semiconductor_scheduling_flow,A_Calendar,半导体日历,startShiftHours,Float,物理字段 StartShiftHours,,no_matching_swagger_schema
semiconductor_scheduling_flow_ontology.json,semiconductor_scheduling_flow,A_Calendar,半导体日历,startDate,DateTime,物理字段 StartDate,,no_matching_swagger_schema
semiconductor_scheduling_flow_ontology.json,semiconductor_scheduling_flow,A_Calendar,半导体日历,endDate,DateTime,物理字段 EndDate,,no_matching_swagger_schema
semiconductor_scheduling_flow_ontology.json,semiconductor_scheduling_flow,A_Calendar,半导体日历,startShiftNumber,Integer,物理字段 StartShiftNumber,,no_matching_swagger_schema
semiconductor_scheduling_flow_ontology.json,semiconductor_scheduling_flow,A_Calendar,半导体日历,iconId,Integer,物理字段 IconId,,no_matching_swagger_schema
semiconductor_scheduling_flow_ontology.json,semiconductor_scheduling_flow,A_Calendar,半导体日历,month08Weeks,Integer,物理字段 Month08Weeks,,no_matching_swagger_schema
semiconductor_scheduling_flow_ontology.json,semiconductor_scheduling_flow,A_Calendar,半导体日历,description,String,物理字段 Description,,no_matching_swagger_schema
semiconductor_scheduling_flow_ontology.json,semiconductor_scheduling_flow,A_Calendar,半导体日历,month10Weeks,Integer,物理字段 Month10Weeks,,no_matching_swagger_schema
semiconductor_scheduling_flow_ontology.json,semiconductor_scheduling_flow,A_Calendar,半导体日历,totalWeeks,Integer,物理字段 TotalWeeks,,no_matching_swagger_schema
semiconductor_scheduling_flow_ontology.json,semiconductor_scheduling_flow,A_Calendar,半导体日历,reportingWeekStartOffset,Float,物理字段 ReportingWeekStartOffset,,no_matching_swagger_schema
semiconductor_scheduling_flow_ontology.json,semiconductor_scheduling_flow,A_Calendar,半导体日历,reportingMonthEndOffset,Float,物理字段 ReportingMonthEndOffset,,no_matching_swagger_schema
semiconductor_scheduling_flow_ontology.json,semiconductor_scheduling_flow,A_Calendar,半导体日历,month01Weeks,Integer,物理字段 Month01Weeks,,no_matching_swagger_schema
semiconductor_scheduling_flow_ontology.json,semiconductor_scheduling_flow,A_Calendar,半导体日历,month02Weeks,Integer,物理字段 Month02Weeks,,no_matching_swagger_schema
semiconductor_scheduling_flow_ontology.json,semiconductor_scheduling_flow,A_Calendar,半导体日历,month05Weeks,Integer,物理字段 Month05Weeks,,no_matching_swagger_schema
semiconductor_scheduling_flow_ontology.json,semiconductor_scheduling_flow,A_Calendar,半导体日历,month06Weeks,Integer,物理字段 Month06Weeks,,no_matching_swagger_schema
semiconductor_scheduling_flow_ontology.json,semiconductor_scheduling_flow,A_Calendar,半导体日历,month07Weeks,Integer,物理字段 Month07Weeks,,no_matching_swagger_schema
semiconductor_scheduling_flow_ontology.json,semiconductor_scheduling_flow,A_Calendar,半导体日历,yearEndShiftNumber,Integer,物理字段 YearEndShiftNumber,,no_matching_swagger_schema
semiconductor_scheduling_flow_ontology.json,semiconductor_scheduling_flow,A_Calendar,半导体日历,calendarShiftsCycle,Navigation,物理字段 CalendarShiftsCycleId → A_CalendarShiftsCycle,,no_matching_swagger_schema
semiconductor_scheduling_flow_ontology.json,semiconductor_scheduling_flow,A_Calendar,半导体日历,notes,String,物理字段 Notes,,no_matching_swagger_schema
semiconductor_scheduling_flow_ontology.json,semiconductor_scheduling_flow,A_Calendar,半导体日历,setupAccess,Navigation,物理字段 SetupAccessId → A_SetupAccess,,no_matching_swagger_schema
semiconductor_scheduling_flow_ontology.json,semiconductor_scheduling_flow,A_Calendar,半导体日历,filterTags,String,物理字段 FilterTags,,no_matching_swagger_schema
semiconductor_scheduling_flow_ontology.json,semiconductor_scheduling_flow,A_CalendarHolidays,日历节假日,isFrozen,Boolean,物理字段 IsFrozen,,no_matching_swagger_schema
semiconductor_scheduling_flow_ontology.json,semiconductor_scheduling_flow,A_CalendarHolidays,日历节假日,name,String,物理字段 CalendarHolidaysName,,no_matching_swagger_schema
semiconductor_scheduling_flow_ontology.json,semiconductor_scheduling_flow,A_CalendarHolidays,日历节假日,startTimestamp,DateTime,物理字段 StartTimestamp,,no_matching_swagger_schema
semiconductor_scheduling_flow_ontology.json,semiconductor_scheduling_flow,A_CalendarHolidays,日历节假日,endTimestamp,DateTime,物理字段 EndTimestamp,,no_matching_swagger_schema
semiconductor_scheduling_flow_ontology.json,semiconductor_scheduling_flow,A_CalendarHolidays,日历节假日,changeHistory,Navigation,物理字段 ChangeHistoryId → ChangeStatus,,no_matching_swagger_schema
semiconductor_scheduling_flow_ontology.json,semiconductor_scheduling_flow,A_CalendarHolidays,日历节假日,iconId,Integer,物理字段 IconId,,no_matching_swagger_schema
semiconductor_scheduling_flow_ontology.json,semiconductor_scheduling_flow,A_CalendarHolidays,日历节假日,description,String,物理字段 Description,,no_matching_swagger_schema
semiconductor_scheduling_flow_ontology.json,semiconductor_scheduling_flow,A_CalendarHolidays,日历节假日,notes,String,物理字段 Notes,,no_matching_swagger_schema
semiconductor_scheduling_flow_ontology.json,semiconductor_scheduling_flow,A_CalendarHolidays,日历节假日,setupAccess,Navigation,物理字段 SetupAccessId → A_SetupAccess,,no_matching_swagger_schema
semiconductor_scheduling_flow_ontology.json,semiconductor_scheduling_flow,A_CalendarHolidays,日历节假日,filterTags,String,物理字段 FilterTags,,no_matching_swagger_schema
semiconductor_scheduling_flow_ontology.json,semiconductor_scheduling_flow,A_CalendarShiftsCycle,日历班次周期,isFrozen,Boolean,物理字段 IsFrozen,,no_matching_swagger_schema
semiconductor_scheduling_flow_ontology.json,semiconductor_scheduling_flow,A_CalendarShiftsCycle,日历班次周期,notes,String,物理字段 Notes,,no_matching_swagger_schema
semiconductor_scheduling_flow_ontology.json,semiconductor_scheduling_flow,A_CalendarShiftsCycle,日历班次周期,setupAccess,Navigation,物理字段 SetupAccessId → A_SetupAccess,,no_matching_swagger_schema
semiconductor_scheduling_flow_ontology.json,semiconductor_scheduling_flow,A_CalendarShiftsCycle,日历班次周期,name,String,物理字段 CalendarShiftsCycleName,,no_matching_swagger_schema
semiconductor_scheduling_flow_ontology.json,semiconductor_scheduling_flow,A_CalendarShiftsCycle,日历班次周期,iconId,Integer,物理字段 IconId,,no_matching_swagger_schema
semiconductor_scheduling_flow_ontology.json,semiconductor_scheduling_flow,A_CalendarShiftsCycle,日历班次周期,description,String,物理字段 Description,,no_matching_swagger_schema
semiconductor_scheduling_flow_ontology.json,semiconductor_scheduling_flow,A_CalendarShiftsCycle,日历班次周期,changeHistory,Navigation,物理字段 ChangeHistoryId → ChangeStatus,,no_matching_swagger_schema
semiconductor_scheduling_flow_ontology.json,semiconductor_scheduling_flow,A_CalendarShiftsCycle,日历班次周期,filterTags,String,物理字段 FilterTags,,no_matching_swagger_schema
semiconductor_scheduling_flow_ontology.json,semiconductor_scheduling_flow,A_CycleTimeHolidays,周期时间节假日,iconId,Integer,物理字段 IconId,,no_matching_swagger_schema
semiconductor_scheduling_flow_ontology.json,semiconductor_scheduling_flow,A_CycleTimeHolidays,周期时间节假日,notes,String,物理字段 Notes,,no_matching_swagger_schema
semiconductor_scheduling_flow_ontology.json,semiconductor_scheduling_flow,A_CycleTimeHolidays,周期时间节假日,setupAccess,Navigation,物理字段 SetupAccessId → A_SetupAccess,,no_matching_swagger_schema
semiconductor_scheduling_flow_ontology.json,semiconductor_scheduling_flow,A_CycleTimeHolidays,周期时间节假日,isFrozen,Boolean,物理字段 IsFrozen,,no_matching_swagger_schema
semiconductor_scheduling_flow_ontology.json,semiconductor_scheduling_flow,A_CycleTimeHolidays,周期时间节假日,name,String,物理字段 CycleTimeHolidaysName,,no_matching_swagger_schema
semiconductor_scheduling_flow_ontology.json,semiconductor_scheduling_flow,A_CycleTimeHolidays,周期时间节假日,holidayDate,DateTime,物理字段 HolidayDate,,no_matching_swagger_schema
semiconductor_scheduling_flow_ontology.json,semiconductor_scheduling_flow,A_CycleTimeHolidays,周期时间节假日,workflowObjectType,String,物理字段 WorkflowObjectType,,no_matching_swagger_schema
semiconductor_scheduling_flow_ontology.json,semiconductor_scheduling_flow,A_CycleTimeHolidays,周期时间节假日,dayFactor,Float,物理字段 DayFactor,,no_matching_swagger_schema
semiconductor_scheduling_flow_ontology.json,semiconductor_scheduling_flow,A_CycleTimeHolidays,周期时间节假日,changeHistory,Navigation,物理字段 ChangeHistoryId → ChangeStatus,,no_matching_swagger_schema
semiconductor_scheduling_flow_ontology.json,semiconductor_scheduling_flow,A_CycleTimeHolidays,周期时间节假日,description,String,物理字段 Description,,no_matching_swagger_schema
semiconductor_scheduling_flow_ontology.json,semiconductor_scheduling_flow,A_CycleTimeHolidays,周期时间节假日,filterTags,String,物理字段 FilterTags,,no_matching_swagger_schema
semiconductor_scheduling_flow_ontology.json,semiconductor_scheduling_flow,A_DispatchPlan,派工计划,name,String,物理字段 DispatchPlanName,,no_matching_swagger_schema
semiconductor_scheduling_flow_ontology.json,semiconductor_scheduling_flow,A_DispatchPlan,派工计划,notes,String,物理字段 Notes,,no_matching_swagger_schema
semiconductor_scheduling_flow_ontology.json,semiconductor_scheduling_flow,A_DispatchPlan,派工计划,isFrozen,Boolean,物理字段 IsFrozen,,no_matching_swagger_schema
semiconductor_scheduling_flow_ontology.json,semiconductor_scheduling_flow,A_DispatchPlan,派工计划,iconId,Integer,物理字段 IconId,,no_matching_swagger_schema
semiconductor_scheduling_flow_ontology.json,semiconductor_scheduling_flow,A_DispatchPlan,派工计划,changeHistory,Navigation,物理字段 ChangeHistoryId → ChangeStatus,,no_matching_swagger_schema
semiconductor_scheduling_flow_ontology.json,semiconductor_scheduling_flow,A_DispatchPlan,派工计划,description,String,物理字段 Description,,no_matching_swagger_schema
semiconductor_scheduling_flow_ontology.json,semiconductor_scheduling_flow,A_DispatchPlan,派工计划,setupAccess,Navigation,物理字段 SetupAccessId → A_SetupAccess,,no_matching_swagger_schema
semiconductor_scheduling_flow_ontology.json,semiconductor_scheduling_flow,A_DispatchPlan,派工计划,filterTags,String,物理字段 FilterTags,,no_matching_swagger_schema
semiconductor_scheduling_flow_ontology.json,semiconductor_scheduling_flow,A_EqpDispatchQueryMatrix,设备派工查询矩阵,resource,Navigation,物理字段 ResourceId → ResourceDef,,no_matching_swagger_schema
semiconductor_scheduling_flow_ontology.json,semiconductor_scheduling_flow,A_EqpDispatchQueryMatrix,设备派工查询矩阵,resourceGroup,Navigation,物理字段 ResourceGroupId → ResourceGroup,,no_matching_swagger_schema
semiconductor_scheduling_flow_ontology.json,semiconductor_scheduling_flow,A_EqpDispatchQueryMatrix,设备派工查询矩阵,workCenter,Navigation,物理字段 WorkCenterId → WorkCenter,,no_matching_swagger_schema
semiconductor_scheduling_flow_ontology.json,semiconductor_scheduling_flow,A_EqpDispatchQueryMatrix,设备派工查询矩阵,dispatchQuery,Navigation,物理字段 DispatchQueryId → UserQuery,,no_matching_swagger_schema
semiconductor_scheduling_flow_ontology.json,semiconductor_scheduling_flow,A_EqpDispatchQueryMatrix,设备派工查询矩阵,equipmentType,String,物理字段 EquipmentType,,no_matching_swagger_schema
semiconductor_scheduling_flow_ontology.json,semiconductor_scheduling_flow,A_EqpDispatchQueryMatrix,设备派工查询矩阵,notes,String,物理字段 Notes,,no_matching_swagger_schema
semiconductor_scheduling_flow_ontology.json,semiconductor_scheduling_flow,A_EqpDispatchQueryMatrix,设备派工查询矩阵,changeHistory,Navigation,物理字段 ChangeHistoryId → ChangeStatus,,no_matching_swagger_schema
semiconductor_scheduling_flow_ontology.json,semiconductor_scheduling_flow,A_EqpDispatchQueryMatrix,设备派工查询矩阵,description,String,物理字段 Description,,no_matching_swagger_schema
semiconductor_scheduling_flow_ontology.json,semiconductor_scheduling_flow,A_EqpDispatchQueryMatrix,设备派工查询矩阵,iconId,Integer,物理字段 IconId,,no_matching_swagger_schema
semiconductor_scheduling_flow_ontology.json,semiconductor_scheduling_flow,A_EqpDispatchQueryMatrix,设备派工查询矩阵,isFrozen,Boolean,物理字段 IsFrozen,,no_matching_swagger_schema
semiconductor_scheduling_flow_ontology.json,semiconductor_scheduling_flow,A_EqpDispatchQueryMatrix,设备派工查询矩阵,setupAccess,Navigation,物理字段 SetupAccessId → A_SetupAccess,,no_matching_swagger_schema
semiconductor_scheduling_flow_ontology.json,semiconductor_scheduling_flow,A_EqpDispatchQueryMatrix,设备派工查询矩阵,name,String,物理字段 EqpDispatchQueryMatrixName,,no_matching_swagger_schema
semiconductor_scheduling_flow_ontology.json,semiconductor_scheduling_flow,A_EqpDispatchQueryMatrix,设备派工查询矩阵,equipmentFamily,Navigation,物理字段 EquipmentFamilyId → ResourceFamily,,no_matching_swagger_schema
semiconductor_scheduling_flow_ontology.json,semiconductor_scheduling_flow,A_EqpDispatchQueryMatrix,设备派工查询矩阵,filterTags,String,物理字段 FilterTags,,no_matching_swagger_schema
semiconductor_scheduling_flow_ontology.json,semiconductor_scheduling_flow,A_ScheduleInstructions,排程指令,notes,String,物理字段 Notes,,no_matching_swagger_schema
semiconductor_scheduling_flow_ontology.json,semiconductor_scheduling_flow,A_ScheduleInstructions,排程指令,product,Navigation,物理字段 ProductId → Product,,no_matching_swagger_schema
semiconductor_scheduling_flow_ontology.json,semiconductor_scheduling_flow,A_ScheduleInstructions,排程指令,processSpec,Navigation,物理字段 ProcessSpecId → A_ProcessSpec,,no_matching_swagger_schema
semiconductor_scheduling_flow_ontology.json,semiconductor_scheduling_flow,A_ScheduleInstructions,排程指令,owner,Navigation,物理字段 OwnerId → Owner,,no_matching_swagger_schema
semiconductor_scheduling_flow_ontology.json,semiconductor_scheduling_flow,A_ScheduleInstructions,排程指令,instructions,String,物理字段 Instructions,,no_matching_swagger_schema
semiconductor_scheduling_flow_ontology.json,semiconductor_scheduling_flow,A_ScheduleInstructions,排程指令,name,String,物理字段 ScheduleInstructionsName,,no_matching_swagger_schema
semiconductor_scheduling_flow_ontology.json,semiconductor_scheduling_flow,A_ScheduleInstructions,排程指令,isFrozen,Boolean,物理字段 IsFrozen,,no_matching_swagger_schema
semiconductor_scheduling_flow_ontology.json,semiconductor_scheduling_flow,A_ScheduleInstructions,排程指令,iconId,Integer,物理字段 IconId,,no_matching_swagger_schema
semiconductor_scheduling_flow_ontology.json,semiconductor_scheduling_flow,A_ScheduleInstructions,排程指令,changeHistory,Navigation,物理字段 ChangeHistoryId → ChangeStatus,,no_matching_swagger_schema
semiconductor_scheduling_flow_ontology.json,semiconductor_scheduling_flow,A_ScheduleInstructions,排程指令,setupAccess,Navigation,物理字段 SetupAccessId → A_SetupAccess,,no_matching_swagger_schema
semiconductor_scheduling_flow_ontology.json,semiconductor_scheduling_flow,A_ScheduleInstructions,排程指令,productLine,Navigation,物理字段 ProductLineId → A_ProductLine,,no_matching_swagger_schema
semiconductor_scheduling_flow_ontology.json,semiconductor_scheduling_flow,A_ScheduleInstructions,排程指令,description,String,物理字段 Description,,no_matching_swagger_schema
semiconductor_scheduling_flow_ontology.json,semiconductor_scheduling_flow,A_ScheduleInstructions,排程指令,filterTags,String,物理字段 FilterTags,,no_matching_swagger_schema
semiconductor_scheduling_flow_ontology.json,semiconductor_scheduling_flow,A_StepCycleTimeSetup,步骤周期时间配置,changeHistory,Navigation,物理字段 ChangeHistoryId → ChangeStatus,,no_matching_swagger_schema
semiconductor_scheduling_flow_ontology.json,semiconductor_scheduling_flow,A_StepCycleTimeSetup,步骤周期时间配置,iconId,Integer,物理字段 IconId,,no_matching_swagger_schema
semiconductor_scheduling_flow_ontology.json,semiconductor_scheduling_flow,A_StepCycleTimeSetup,步骤周期时间配置,name,String,物理字段 StepCycleTimeSetupName,,no_matching_swagger_schema
semiconductor_scheduling_flow_ontology.json,semiconductor_scheduling_flow,A_StepCycleTimeSetup,步骤周期时间配置,spec,Navigation,物理字段 SpecId → Spec,,no_matching_swagger_schema
semiconductor_scheduling_flow_ontology.json,semiconductor_scheduling_flow,A_StepCycleTimeSetup,步骤周期时间配置,processSpec,Navigation,物理字段 ProcessSpecId → A_ProcessSpec,,no_matching_swagger_schema
semiconductor_scheduling_flow_ontology.json,semiconductor_scheduling_flow,A_StepCycleTimeSetup,步骤周期时间配置,stepCycleTime,Float,物理字段 StepCycleTime,,no_matching_swagger_schema
semiconductor_scheduling_flow_ontology.json,semiconductor_scheduling_flow,A_StepCycleTimeSetup,步骤周期时间配置,description,String,物理字段 Description,,no_matching_swagger_schema
semiconductor_scheduling_flow_ontology.json,semiconductor_scheduling_flow,A_StepCycleTimeSetup,步骤周期时间配置,setupAccess,Navigation,物理字段 SetupAccessId → A_SetupAccess,,no_matching_swagger_schema
semiconductor_scheduling_flow_ontology.json,semiconductor_scheduling_flow,A_StepCycleTimeSetup,步骤周期时间配置,notes,String,物理字段 Notes,,no_matching_swagger_schema
semiconductor_scheduling_flow_ontology.json,semiconductor_scheduling_flow,A_StepCycleTimeSetup,步骤周期时间配置,owner,Navigation,物理字段 OwnerId → Owner,,no_matching_swagger_schema
semiconductor_scheduling_flow_ontology.json,semiconductor_scheduling_flow,A_StepCycleTimeSetup,步骤周期时间配置,productLine,Navigation,物理字段 ProductLineId → A_ProductLine,,no_matching_swagger_schema
semiconductor_scheduling_flow_ontology.json,semiconductor_scheduling_flow,A_StepCycleTimeSetup,步骤周期时间配置,product,Navigation,物理字段 ProductId → Product,,no_matching_swagger_schema
semiconductor_scheduling_flow_ontology.json,semiconductor_scheduling_flow,A_StepCycleTimeSetup,步骤周期时间配置,isFrozen,Boolean,物理字段 IsFrozen,,no_matching_swagger_schema
semiconductor_scheduling_flow_ontology.json,semiconductor_scheduling_flow,A_StepCycleTimeSetup,步骤周期时间配置,filterTags,String,物理字段 FilterTags,,no_matching_swagger_schema
semiconductor_scheduling_flow_ontology.json,semiconductor_scheduling_flow,A_StepLogic,步骤逻辑,verifyTrackOutRule,Navigation,物理字段 VerifyTrackOutRuleId → BusinessRule,,no_matching_swagger_schema
semiconductor_scheduling_flow_ontology.json,semiconductor_scheduling_flow,A_StepLogic,步骤逻辑,description,String,物理字段 Description,,no_matching_swagger_schema
semiconductor_scheduling_flow_ontology.json,semiconductor_scheduling_flow,A_StepLogic,步骤逻辑,isFrozen,Boolean,物理字段 IsFrozen,,no_matching_swagger_schema
semiconductor_scheduling_flow_ontology.json,semiconductor_scheduling_flow,A_StepLogic,步骤逻辑,name,String,物理字段 StepLogicName,,no_matching_swagger_schema
semiconductor_scheduling_flow_ontology.json,semiconductor_scheduling_flow,A_StepLogic,步骤逻辑,changeHistory,Navigation,物理字段 ChangeHistoryId → ChangeStatus,,no_matching_swagger_schema
semiconductor_scheduling_flow_ontology.json,semiconductor_scheduling_flow,A_StepLogic,步骤逻辑,setInsertionDetails,Boolean,物理字段 SetInsertionDetails,,no_matching_swagger_schema
semiconductor_scheduling_flow_ontology.json,semiconductor_scheduling_flow,A_StepLogic,步骤逻辑,verifyMoveOutRule,Navigation,物理字段 VerifyMoveOutRuleId → BusinessRule,,no_matching_swagger_schema
semiconductor_scheduling_flow_ontology.json,semiconductor_scheduling_flow,A_StepLogic,步骤逻辑,executeDispositionRule,Navigation,物理字段 ExecuteDispositionRuleId → BusinessRule,,no_matching_swagger_schema
semiconductor_scheduling_flow_ontology.json,semiconductor_scheduling_flow,A_StepLogic,步骤逻辑,verifyTrackInRule,Navigation,物理字段 VerifyTrackInRuleId → BusinessRule,,no_matching_swagger_schema
semiconductor_scheduling_flow_ontology.json,semiconductor_scheduling_flow,A_StepLogic,步骤逻辑,iconId,Integer,物理字段 IconId,,no_matching_swagger_schema
semiconductor_scheduling_flow_ontology.json,semiconductor_scheduling_flow,A_StepLogic,步骤逻辑,verifyWipDataRule,Navigation,物理字段 VerifyWIPDataRuleId → BusinessRule,,no_matching_swagger_schema
semiconductor_scheduling_flow_ontology.json,semiconductor_scheduling_flow,A_StepLogic,步骤逻辑,useBusinessRule,Boolean,物理字段 UseBusinessRule,,no_matching_swagger_schema
semiconductor_scheduling_flow_ontology.json,semiconductor_scheduling_flow,A_StepLogic,步骤逻辑,setInsertionDetailsRule,Navigation,物理字段 SetInsertionDetailsRuleId → BusinessRule,,no_matching_swagger_schema
semiconductor_scheduling_flow_ontology.json,semiconductor_scheduling_flow,A_StepLogic,步骤逻辑,verifyMoveOut,Boolean,物理字段 VerifyMoveOut,,no_matching_swagger_schema
semiconductor_scheduling_flow_ontology.json,semiconductor_scheduling_flow,A_StepLogic,步骤逻辑,executeDisposition,Boolean,物理字段 ExecuteDisposition,,no_matching_swagger_schema
semiconductor_scheduling_flow_ontology.json,semiconductor_scheduling_flow,A_StepLogic,步骤逻辑,verifyCompleteInsertionRule,Navigation,物理字段 VerifyCompleteInsertionRuleId → BusinessRule,,no_matching_swagger_schema
semiconductor_scheduling_flow_ontology.json,semiconductor_scheduling_flow,A_StepLogic,步骤逻辑,notes,String,物理字段 Notes,,no_matching_swagger_schema
semiconductor_scheduling_flow_ontology.json,semiconductor_scheduling_flow,A_StepLogic,步骤逻辑,verifyTrackOut,Boolean,物理字段 VerifyTrackOut,,no_matching_swagger_schema
semiconductor_scheduling_flow_ontology.json,semiconductor_scheduling_flow,A_StepLogic,步骤逻辑,verifyTrackIn,Boolean,物理字段 VerifyTrackIn,,no_matching_swagger_schema
semiconductor_scheduling_flow_ontology.json,semiconductor_scheduling_flow,A_StepLogic,步骤逻辑,verifyWipData,Boolean,物理字段 VerifyWIPData,,no_matching_swagger_schema
semiconductor_scheduling_flow_ontology.json,semiconductor_scheduling_flow,A_StepLogic,步骤逻辑,verifyCompleteInsertion,Boolean,物理字段 VerifyCompleteInsertion,,no_matching_swagger_schema
semiconductor_scheduling_flow_ontology.json,semiconductor_scheduling_flow,A_StepLogic,步骤逻辑,setupAccess,Navigation,物理字段 SetupAccessId → A_SetupAccess,,no_matching_swagger_schema
semiconductor_scheduling_flow_ontology.json,semiconductor_scheduling_flow,A_StepLogic,步骤逻辑,filterTags,String,物理字段 FilterTags,,no_matching_swagger_schema
semiconductor_scheduling_flow_ontology.json,semiconductor_scheduling_flow,scsSchedulingMatrix,排程矩阵,setupAccess,Navigation,物理字段 SetupAccessId → A_SetupAccess,,no_matching_swagger_schema
semiconductor_scheduling_flow_ontology.json,semiconductor_scheduling_flow,scsSchedulingMatrix,排程矩阵,ssWfStackSteps,String,物理字段 ss_WfStackSteps,,no_matching_swagger_schema
semiconductor_scheduling_flow_ontology.json,semiconductor_scheduling_flow,scsSchedulingMatrix,排程矩阵,scsHoursPerUnit,Boolean,物理字段 scsHoursPerUnit,,no_matching_swagger_schema
semiconductor_scheduling_flow_ontology.json,semiconductor_scheduling_flow,scsSchedulingMatrix,排程矩阵,ssWfStackKey,String,物理字段 ss_WfStackKey,,no_matching_swagger_schema
semiconductor_scheduling_flow_ontology.json,semiconductor_scheduling_flow,scsSchedulingMatrix,排程矩阵,iconId,Integer,物理字段 IconId,,no_matching_swagger_schema
semiconductor_scheduling_flow_ontology.json,semiconductor_scheduling_flow,scsSchedulingMatrix,排程矩阵,ssWipStepMainWorkflowName,String,物理字段 ss_WIPStepMainWorkflowName,,no_matching_swagger_schema
semiconductor_scheduling_flow_ontology.json,semiconductor_scheduling_flow,scsSchedulingMatrix,排程矩阵,scsProcessType,Navigation,物理字段 scsProcessTypeId → A_ProcessType,,no_matching_swagger_schema
semiconductor_scheduling_flow_ontology.json,semiconductor_scheduling_flow,scsSchedulingMatrix,排程矩阵,description,String,物理字段 Description,,no_matching_swagger_schema
semiconductor_scheduling_flow_ontology.json,semiconductor_scheduling_flow,scsSchedulingMatrix,排程矩阵,scsProduct,Navigation,物理字段 scsProductId → Product,,no_matching_swagger_schema
semiconductor_scheduling_flow_ontology.json,semiconductor_scheduling_flow,scsSchedulingMatrix,排程矩阵,scsSpec,Navigation,物理字段 scsSpecId → Spec,,no_matching_swagger_schema
semiconductor_scheduling_flow_ontology.json,semiconductor_scheduling_flow,scsSchedulingMatrix,排程矩阵,scsEquipment,Navigation,物理字段 scsEquipmentId → ResourceDef,,no_matching_swagger_schema
semiconductor_scheduling_flow_ontology.json,semiconductor_scheduling_flow,scsSchedulingMatrix,排程矩阵,name,String,物理字段 scsSchedulingMatrixName,,no_matching_swagger_schema
semiconductor_scheduling_flow_ontology.json,semiconductor_scheduling_flow,scsSchedulingMatrix,排程矩阵,ssWipStepWorkflow,Navigation,物理字段 ss_WIPStepWorkflowId → Workflow,,no_matching_swagger_schema
semiconductor_scheduling_flow_ontology.json,semiconductor_scheduling_flow,scsSchedulingMatrix,排程矩阵,scsSchedulingDetail,Navigation,物理字段 scsSchedulingDetailId → scsSchedulingMatrixDetail,,no_matching_swagger_schema
semiconductor_scheduling_flow_ontology.json,semiconductor_scheduling_flow,scsSchedulingMatrix,排程矩阵,ssWipStep,Navigation,物理字段 ss_WIPStepId → WorkflowStep,,no_matching_swagger_schema
semiconductor_scheduling_flow_ontology.json,semiconductor_scheduling_flow,scsSchedulingMatrix,排程矩阵,scsEquipmentGroup,Navigation,物理字段 scsEquipmentGroupId → ResourceGroup,,no_matching_swagger_schema
semiconductor_scheduling_flow_ontology.json,semiconductor_scheduling_flow,scsSchedulingMatrix,排程矩阵,scsUnitsPerHour,Boolean,物理字段 scsUnitsPerHour,,no_matching_swagger_schema
semiconductor_scheduling_flow_ontology.json,semiconductor_scheduling_flow,scsSchedulingMatrix,排程矩阵,scsProcessSpec,Navigation,物理字段 scsProcessSpecId → A_ProcessSpec,,no_matching_swagger_schema
semiconductor_scheduling_flow_ontology.json,semiconductor_scheduling_flow,scsSchedulingMatrix,排程矩阵,changeHistory,Navigation,物理字段 ChangeHistoryId → ChangeStatus,,no_matching_swagger_schema
semiconductor_scheduling_flow_ontology.json,semiconductor_scheduling_flow,scsSchedulingMatrix,排程矩阵,notes,String,物理字段 Notes,,no_matching_swagger_schema
semiconductor_scheduling_flow_ontology.json,semiconductor_scheduling_flow,scsSchedulingMatrix,排程矩阵,filterTags,String,物理字段 FilterTags,,no_matching_swagger_schema
semiconductor_scheduling_flow_ontology.json,semiconductor_scheduling_flow,scsSchedulingMatrix,排程矩阵,isFrozen,Boolean,物理字段 IsFrozen,,no_matching_swagger_schema
semiconductor_scheduling_flow_ontology.json,semiconductor_scheduling_flow,ss_MfgLine,半导体制造线,filterTags,String,物理字段 FilterTags,,no_matching_swagger_schema
semiconductor_scheduling_flow_ontology.json,semiconductor_scheduling_flow,ss_MfgLine,半导体制造线,changeHistory,Navigation,物理字段 ChangeHistoryId → ChangeStatus,,no_matching_swagger_schema
semiconductor_scheduling_flow_ontology.json,semiconductor_scheduling_flow,ss_MfgLine,半导体制造线,isFrozen,Boolean,物理字段 IsFrozen,,no_matching_swagger_schema
semiconductor_scheduling_flow_ontology.json,semiconductor_scheduling_flow,ss_MfgLine,半导体制造线,setupAccess,Navigation,物理字段 SetupAccessId → A_SetupAccess,,no_matching_swagger_schema
semiconductor_scheduling_flow_ontology.json,semiconductor_scheduling_flow,ss_MfgLine,半导体制造线,description,String,物理字段 Description,,no_matching_swagger_schema
semiconductor_scheduling_flow_ontology.json,semiconductor_scheduling_flow,ss_MfgLine,半导体制造线,notes,String,物理字段 Notes,,no_matching_swagger_schema
semiconductor_scheduling_flow_ontology.json,semiconductor_scheduling_flow,ss_MfgLine,半导体制造线,name,String,物理字段 ss_MfgLineName,,no_matching_swagger_schema
semiconductor_scheduling_flow_ontology.json,semiconductor_scheduling_flow,ss_MfgLine,半导体制造线,iconId,Integer,物理字段 IconId,,no_matching_swagger_schema
semiconductor_scheduling_flow_ontology.json,semiconductor_scheduling_flow,ss_ProcessTimerMatrix,工艺计时器矩阵,changeHistory,Navigation,物理字段 ChangeHistoryId → ChangeStatus,,no_matching_swagger_schema
semiconductor_scheduling_flow_ontology.json,semiconductor_scheduling_flow,ss_ProcessTimerMatrix,工艺计时器矩阵,description,String,物理字段 Description,,no_matching_swagger_schema
semiconductor_scheduling_flow_ontology.json,semiconductor_scheduling_flow,ss_ProcessTimerMatrix,工艺计时器矩阵,iconId,Integer,物理字段 IconId,,no_matching_swagger_schema
semiconductor_scheduling_flow_ontology.json,semiconductor_scheduling_flow,ss_ProcessTimerMatrix,工艺计时器矩阵,isFrozen,Boolean,物理字段 IsFrozen,,no_matching_swagger_schema
semiconductor_scheduling_flow_ontology.json,semiconductor_scheduling_flow,ss_ProcessTimerMatrix,工艺计时器矩阵,setupAccess,Navigation,物理字段 SetupAccessId → A_SetupAccess,,no_matching_swagger_schema
semiconductor_scheduling_flow_ontology.json,semiconductor_scheduling_flow,ss_ProcessTimerMatrix,工艺计时器矩阵,name,String,物理字段 ss_ProcessTimerMatrixName,,no_matching_swagger_schema
semiconductor_scheduling_flow_ontology.json,semiconductor_scheduling_flow,ss_ProcessTimerMatrix,工艺计时器矩阵,filterTags,String,物理字段 FilterTags,,no_matching_swagger_schema
semiconductor_scheduling_flow_ontology.json,semiconductor_scheduling_flow,ss_ProcessTimerMatrix,工艺计时器矩阵,ssWfStackSteps,String,物理字段 ss_WfStackSteps,,no_matching_swagger_schema
semiconductor_scheduling_flow_ontology.json,semiconductor_scheduling_flow,ss_ProcessTimerMatrix,工艺计时器矩阵,ssWfStackKey,String,物理字段 ss_WfStackKey,,no_matching_swagger_schema
semiconductor_scheduling_flow_ontology.json,semiconductor_scheduling_flow,ss_ProcessTimerMatrix,工艺计时器矩阵,ssWipStep,Navigation,物理字段 ss_WIPStepId → WorkflowStep,,no_matching_swagger_schema
semiconductor_scheduling_flow_ontology.json,semiconductor_scheduling_flow,ss_ProcessTimerMatrix,工艺计时器矩阵,ssWipStepWorkflow,Navigation,物理字段 ss_WIPStepWorkflowId → Workflow,,no_matching_swagger_schema
semiconductor_scheduling_flow_ontology.json,semiconductor_scheduling_flow,ss_ProcessTimerMatrix,工艺计时器矩阵,ssWipStepMainWorkflowName,String,物理字段 ss_WIPStepMainWorkflowName,,no_matching_swagger_schema
semiconductor_scheduling_flow_ontology.json,semiconductor_scheduling_flow,ss_ProcessTimerMatrix,工艺计时器矩阵,ssProduct,Navigation,物理字段 ss_ProductId → Product,,no_matching_swagger_schema
semiconductor_scheduling_flow_ontology.json,semiconductor_scheduling_flow,ss_ProcessTimerMatrix,工艺计时器矩阵,ssSpec,Navigation,物理字段 ss_SpecId → Spec,,no_matching_swagger_schema
semiconductor_scheduling_flow_ontology.json,semiconductor_scheduling_flow,ss_ProcessTimerMatrix,工艺计时器矩阵,notes,String,物理字段 Notes,,no_matching_swagger_schema
semiconductor_scheduling_flow_ontology.json,semiconductor_scheduling_flow,ss_SendAheadMatrix,Send Ahead矩阵,filterTags,String,物理字段 FilterTags,,no_matching_swagger_schema
semiconductor_scheduling_flow_ontology.json,semiconductor_scheduling_flow,ss_SendAheadMatrix,Send Ahead矩阵,ssWipStep,Navigation,物理字段 ss_WIPStepId → WorkflowStep,,no_matching_swagger_schema
semiconductor_scheduling_flow_ontology.json,semiconductor_scheduling_flow,ss_SendAheadMatrix,Send Ahead矩阵,ssWfStackKey,String,物理字段 ss_WfStackKey,,no_matching_swagger_schema
semiconductor_scheduling_flow_ontology.json,semiconductor_scheduling_flow,ss_SendAheadMatrix,Send Ahead矩阵,ssWipStepWorkflow,Navigation,物理字段 ss_WIPStepWorkflowId → Workflow,,no_matching_swagger_schema
semiconductor_scheduling_flow_ontology.json,semiconductor_scheduling_flow,ss_SendAheadMatrix,Send Ahead矩阵,ssWfStackSteps,String,物理字段 ss_WfStackSteps,,no_matching_swagger_schema
semiconductor_scheduling_flow_ontology.json,semiconductor_scheduling_flow,ss_SendAheadMatrix,Send Ahead矩阵,ssWipStepMainWorkflowName,String,物理字段 ss_WIPStepMainWorkflowName,,no_matching_swagger_schema
semiconductor_scheduling_flow_ontology.json,semiconductor_scheduling_flow,ss_SendAheadMatrix,Send Ahead矩阵,setupAccess,Navigation,物理字段 SetupAccessId → A_SetupAccess,,no_matching_swagger_schema
semiconductor_scheduling_flow_ontology.json,semiconductor_scheduling_flow,ss_SendAheadMatrix,Send Ahead矩阵,isFrozen,Boolean,物理字段 IsFrozen,,no_matching_swagger_schema
semiconductor_scheduling_flow_ontology.json,semiconductor_scheduling_flow,ss_SendAheadMatrix,Send Ahead矩阵,ssWipDataSetup,Navigation,物理字段 ss_WIPDataSetupId → A_WIPDataSetup,,no_matching_swagger_schema
semiconductor_scheduling_flow_ontology.json,semiconductor_scheduling_flow,ss_SendAheadMatrix,Send Ahead矩阵,name,String,物理字段 ss_SendAheadMatrixName,,no_matching_swagger_schema
semiconductor_scheduling_flow_ontology.json,semiconductor_scheduling_flow,ss_SendAheadMatrix,Send Ahead矩阵,ssProduct,Navigation,物理字段 ss_ProductId → Product,,no_matching_swagger_schema
semiconductor_scheduling_flow_ontology.json,semiconductor_scheduling_flow,ss_SendAheadMatrix,Send Ahead矩阵,ssSpec,Navigation,物理字段 ss_SpecId → Spec,,no_matching_swagger_schema
semiconductor_scheduling_flow_ontology.json,semiconductor_scheduling_flow,ss_SendAheadMatrix,Send Ahead矩阵,ssProcessSpec,Navigation,物理字段 ss_ProcessSpecId → A_ProcessSpec,,no_matching_swagger_schema
semiconductor_scheduling_flow_ontology.json,semiconductor_scheduling_flow,ss_SendAheadMatrix,Send Ahead矩阵,notes,String,物理字段 Notes,,no_matching_swagger_schema
semiconductor_scheduling_flow_ontology.json,semiconductor_scheduling_flow,ss_SendAheadMatrix,Send Ahead矩阵,changeHistory,Navigation,物理字段 ChangeHistoryId → ChangeStatus,,no_matching_swagger_schema
semiconductor_scheduling_flow_ontology.json,semiconductor_scheduling_flow,ss_SendAheadMatrix,Send Ahead矩阵,description,String,物理字段 Description,,no_matching_swagger_schema
semiconductor_scheduling_flow_ontology.json,semiconductor_scheduling_flow,ss_SendAheadMatrix,Send Ahead矩阵,iconId,Integer,物理字段 IconId,,no_matching_swagger_schema
semiconductor_scheduling_flow_ontology.json,semiconductor_scheduling_flow,ss_SendAheadMatrix,Send Ahead矩阵,ssBlockSpecBase,Integer,物理字段 ss_BlockSpecBaseId,,no_matching_swagger_schema
semiconductor_scheduling_flow_ontology.json,semiconductor_scheduling_flow,ss_SendAheadMatrix,Send Ahead矩阵,ssValidationSpecBase,Integer,物理字段 ss_ValidationSpecBaseId,,no_matching_swagger_schema
semiconductor_scheduling_flow_ontology.json,semiconductor_scheduling_flow,ss_SendAheadMatrix,Send Ahead矩阵,ssFutureCombineSpecBase,Integer,物理字段 ss_FutureCombineSpecBaseId,,no_matching_swagger_schema
semiconductor_scheduling_flow_ontology.json,semiconductor_scheduling_flow,ss_SendAheadMatrix,Send Ahead矩阵,ssBlockSpec,Navigation,物理字段 ss_BlockSpecId → Spec,,no_matching_swagger_schema
semiconductor_scheduling_flow_ontology.json,semiconductor_scheduling_flow,ss_SendAheadMatrix,Send Ahead矩阵,ssFutureCombineSpec,Navigation,物理字段 ss_FutureCombineSpecId → Spec,,no_matching_swagger_schema
semiconductor_scheduling_flow_ontology.json,semiconductor_scheduling_flow,ss_SendAheadMatrix,Send Ahead矩阵,ssValidationSpec,Navigation,物理字段 ss_ValidationSpecId → Spec,,no_matching_swagger_schema
semiconductor_security_kpi_configuration_ontology.json,semiconductor_security_kpi_configuration,KPIMatrix,KPI矩阵,changeHistory,Navigation,物理字段 ChangeHistoryId → ChangeStatus,,no_matching_swagger_schema
semiconductor_security_kpi_configuration_ontology.json,semiconductor_security_kpi_configuration,KPIMatrix,KPI矩阵,description,String,物理字段 Description,,no_matching_swagger_schema
semiconductor_security_kpi_configuration_ontology.json,semiconductor_security_kpi_configuration,KPIMatrix,KPI矩阵,iconId,Integer,物理字段 IconId,,no_matching_swagger_schema
semiconductor_security_kpi_configuration_ontology.json,semiconductor_security_kpi_configuration,KPIMatrix,KPI矩阵,isFrozen,Boolean,物理字段 IsFrozen,,no_matching_swagger_schema
semiconductor_security_kpi_configuration_ontology.json,semiconductor_security_kpi_configuration,KPIMatrix,KPI矩阵,name,String,物理字段 KPIMatrixName,,no_matching_swagger_schema
semiconductor_security_kpi_configuration_ontology.json,semiconductor_security_kpi_configuration,KPIMatrix,KPI矩阵,filterTags,String,物理字段 FilterTags,,no_matching_swagger_schema
semiconductor_security_kpi_configuration_ontology.json,semiconductor_security_kpi_configuration,KPIMatrix,KPI矩阵,notes,String,物理字段 Notes,,no_matching_swagger_schema
semiconductor_security_kpi_configuration_ontology.json,semiconductor_security_kpi_configuration,KPITimeframe,KPI时间范围,changeHistory,Navigation,物理字段 ChangeHistoryId → ChangeStatus,,no_matching_swagger_schema
semiconductor_security_kpi_configuration_ontology.json,semiconductor_security_kpi_configuration,KPITimeframe,KPI时间范围,filterTags,String,物理字段 FilterTags,,no_matching_swagger_schema
semiconductor_security_kpi_configuration_ontology.json,semiconductor_security_kpi_configuration,KPITimeframe,KPI时间范围,description,String,物理字段 Description,,no_matching_swagger_schema
semiconductor_security_kpi_configuration_ontology.json,semiconductor_security_kpi_configuration,KPITimeframe,KPI时间范围,iconId,Integer,物理字段 IconId,,no_matching_swagger_schema
semiconductor_security_kpi_configuration_ontology.json,semiconductor_security_kpi_configuration,KPITimeframe,KPI时间范围,isFrozen,Boolean,物理字段 IsFrozen,,no_matching_swagger_schema
semiconductor_security_kpi_configuration_ontology.json,semiconductor_security_kpi_configuration,KPITimeframe,KPI时间范围,name,String,物理字段 KPITimeframeName,,no_matching_swagger_schema
semiconductor_security_kpi_configuration_ontology.json,semiconductor_security_kpi_configuration,KPITimeframe,KPI时间范围,notes,String,物理字段 Notes,,no_matching_swagger_schema
semiconductor_security_kpi_configuration_ontology.json,semiconductor_security_kpi_configuration,KPIType,KPI类型,notes,String,物理字段 Notes,,no_matching_swagger_schema
semiconductor_security_kpi_configuration_ontology.json,semiconductor_security_kpi_configuration,KPIType,KPI类型,filterTags,String,物理字段 FilterTags,,no_matching_swagger_schema
semiconductor_security_kpi_configuration_ontology.json,semiconductor_security_kpi_configuration,KPIType,KPI类型,changeHistory,Navigation,物理字段 ChangeHistoryId → ChangeStatus,,no_matching_swagger_schema
semiconductor_security_kpi_configuration_ontology.json,semiconductor_security_kpi_configuration,KPIType,KPI类型,description,String,物理字段 Description,,no_matching_swagger_schema
semiconductor_security_kpi_configuration_ontology.json,semiconductor_security_kpi_configuration,KPIType,KPI类型,iconId,Integer,物理字段 IconId,,no_matching_swagger_schema
semiconductor_security_kpi_configuration_ontology.json,semiconductor_security_kpi_configuration,KPIType,KPI类型,isFrozen,Boolean,物理字段 IsFrozen,,no_matching_swagger_schema
semiconductor_security_kpi_configuration_ontology.json,semiconductor_security_kpi_configuration,KPIType,KPI类型,name,String,物理字段 KPITypeName,,no_matching_swagger_schema
semiconductor_security_kpi_configuration_ontology.json,semiconductor_security_kpi_configuration,NamedObjectGroup,命名对象组,setupAccess,Navigation,物理字段 SetupAccessId → A_SetupAccess,,no_matching_swagger_schema
semiconductor_security_kpi_configuration_ontology.json,semiconductor_security_kpi_configuration,NamedObjectGroup,命名对象组,notes,String,物理字段 Notes,,no_matching_swagger_schema
semiconductor_security_kpi_configuration_ontology.json,semiconductor_security_kpi_configuration,NamedObjectGroup,命名对象组,isFrozen,Boolean,物理字段 IsFrozen,,no_matching_swagger_schema
semiconductor_security_kpi_configuration_ontology.json,semiconductor_security_kpi_configuration,NamedObjectGroup,命名对象组,name,String,物理字段 NamedObjectGroupName,,no_matching_swagger_schema
semiconductor_security_kpi_configuration_ontology.json,semiconductor_security_kpi_configuration,NamedObjectGroup,命名对象组,description,String,物理字段 Description,,no_matching_swagger_schema
semiconductor_security_kpi_configuration_ontology.json,semiconductor_security_kpi_configuration,NamedObjectGroup,命名对象组,changeHistory,Navigation,物理字段 ChangeHistoryId → ChangeStatus,,no_matching_swagger_schema
semiconductor_security_kpi_configuration_ontology.json,semiconductor_security_kpi_configuration,NamedObjectGroup,命名对象组,entryType,String,物理字段 EntryType,,no_matching_swagger_schema
semiconductor_security_kpi_configuration_ontology.json,semiconductor_security_kpi_configuration,NamedObjectGroup,命名对象组,iconId,Integer,物理字段 IconId,,no_matching_swagger_schema
semiconductor_security_kpi_configuration_ontology.json,semiconductor_security_kpi_configuration,NamedObjectGroup,命名对象组,filterTags,String,物理字段 FilterTags,,no_matching_swagger_schema
semiconductor_security_kpi_configuration_ontology.json,semiconductor_security_kpi_configuration,ReprintReason,重新打印原因,changeHistory,Navigation,物理字段 ChangeHistoryId → ChangeStatus,,no_matching_swagger_schema
semiconductor_security_kpi_configuration_ontology.json,semiconductor_security_kpi_configuration,ReprintReason,重新打印原因,notes,String,物理字段 Notes,,no_matching_swagger_schema
semiconductor_security_kpi_configuration_ontology.json,semiconductor_security_kpi_configuration,ReprintReason,重新打印原因,description,String,物理字段 Description,,no_matching_swagger_schema
semiconductor_security_kpi_configuration_ontology.json,semiconductor_security_kpi_configuration,ReprintReason,重新打印原因,iconId,Integer,物理字段 IconId,,no_matching_swagger_schema
semiconductor_security_kpi_configuration_ontology.json,semiconductor_security_kpi_configuration,ReprintReason,重新打印原因,isFrozen,Boolean,物理字段 IsFrozen,,no_matching_swagger_schema
semiconductor_security_kpi_configuration_ontology.json,semiconductor_security_kpi_configuration,ReprintReason,重新打印原因,name,String,物理字段 ReprintReasonName,,no_matching_swagger_schema
semiconductor_security_kpi_configuration_ontology.json,semiconductor_security_kpi_configuration,ReprintReason,重新打印原因,filterTags,String,物理字段 FilterTags,,no_matching_swagger_schema
semiconductor_security_kpi_configuration_ontology.json,semiconductor_security_kpi_configuration,RevisionedObjectGroup,版本对象组,setupAccess,Navigation,物理字段 SetupAccessId → A_SetupAccess,,no_matching_swagger_schema
semiconductor_security_kpi_configuration_ontology.json,semiconductor_security_kpi_configuration,RevisionedObjectGroup,版本对象组,notes,String,物理字段 Notes,,no_matching_swagger_schema
semiconductor_security_kpi_configuration_ontology.json,semiconductor_security_kpi_configuration,RevisionedObjectGroup,版本对象组,changeHistory,Navigation,物理字段 ChangeHistoryId → ChangeStatus,,no_matching_swagger_schema
semiconductor_security_kpi_configuration_ontology.json,semiconductor_security_kpi_configuration,RevisionedObjectGroup,版本对象组,description,String,物理字段 Description,,no_matching_swagger_schema
semiconductor_security_kpi_configuration_ontology.json,semiconductor_security_kpi_configuration,RevisionedObjectGroup,版本对象组,entryType,String,物理字段 EntryType,,no_matching_swagger_schema
semiconductor_security_kpi_configuration_ontology.json,semiconductor_security_kpi_configuration,RevisionedObjectGroup,版本对象组,iconId,Integer,物理字段 IconId,,no_matching_swagger_schema
semiconductor_security_kpi_configuration_ontology.json,semiconductor_security_kpi_configuration,RevisionedObjectGroup,版本对象组,isFrozen,Boolean,物理字段 IsFrozen,,no_matching_swagger_schema
semiconductor_security_kpi_configuration_ontology.json,semiconductor_security_kpi_configuration,RevisionedObjectGroup,版本对象组,name,String,物理字段 RevisionedObjectGroupName,,no_matching_swagger_schema
semiconductor_security_kpi_configuration_ontology.json,semiconductor_security_kpi_configuration,RevisionedObjectGroup,版本对象组,filterTags,String,物理字段 FilterTags,,no_matching_swagger_schema
semiconductor_security_kpi_configuration_ontology.json,semiconductor_security_kpi_configuration,UserCodeGroup,用户代码组,setupAccess,Navigation,物理字段 SetupAccessId → A_SetupAccess,,no_matching_swagger_schema
semiconductor_security_kpi_configuration_ontology.json,semiconductor_security_kpi_configuration,UserCodeGroup,用户代码组,name,String,物理字段 UserCodeGroupName,,no_matching_swagger_schema
semiconductor_security_kpi_configuration_ontology.json,semiconductor_security_kpi_configuration,UserCodeGroup,用户代码组,isFrozen,Boolean,物理字段 IsFrozen,,no_matching_swagger_schema
semiconductor_security_kpi_configuration_ontology.json,semiconductor_security_kpi_configuration,UserCodeGroup,用户代码组,iconId,Integer,物理字段 IconId,,no_matching_swagger_schema
semiconductor_security_kpi_configuration_ontology.json,semiconductor_security_kpi_configuration,UserCodeGroup,用户代码组,description,String,物理字段 Description,,no_matching_swagger_schema
semiconductor_security_kpi_configuration_ontology.json,semiconductor_security_kpi_configuration,UserCodeGroup,用户代码组,changeHistory,Navigation,物理字段 ChangeHistoryId → ChangeStatus,,no_matching_swagger_schema
semiconductor_security_kpi_configuration_ontology.json,semiconductor_security_kpi_configuration,UserCodeGroup,用户代码组,entryType,String,物理字段 EntryType,,no_matching_swagger_schema
semiconductor_security_kpi_configuration_ontology.json,semiconductor_security_kpi_configuration,UserCodeGroup,用户代码组,notes,String,物理字段 Notes,,no_matching_swagger_schema
semiconductor_security_kpi_configuration_ontology.json,semiconductor_security_kpi_configuration,UserCodeGroup,用户代码组,filterTags,String,物理字段 FilterTags,,no_matching_swagger_schema
semiconductor_service_location_ontology.json,semiconductor_service_location,A_ExternalInterface,外部接口,notes,String,物理字段 Notes,,no_matching_swagger_schema
semiconductor_service_location_ontology.json,semiconductor_service_location,A_ExternalInterface,外部接口,isFrozen,Boolean,物理字段 IsFrozen,,no_matching_swagger_schema
semiconductor_service_location_ontology.json,semiconductor_service_location,A_ExternalInterface,外部接口,name,String,物理字段 ExternalInterfaceName,,no_matching_swagger_schema
semiconductor_service_location_ontology.json,semiconductor_service_location,A_ExternalInterface,外部接口,setupAccess,Navigation,物理字段 SetupAccessId → A_SetupAccess,,no_matching_swagger_schema
semiconductor_service_location_ontology.json,semiconductor_service_location,A_ExternalInterface,外部接口,iconId,Integer,物理字段 IconId,,no_matching_swagger_schema
semiconductor_service_location_ontology.json,semiconductor_service_location,A_ExternalInterface,外部接口,changeHistory,Navigation,物理字段 ChangeHistoryId → ChangeStatus,,no_matching_swagger_schema
semiconductor_service_location_ontology.json,semiconductor_service_location,A_ExternalInterface,外部接口,description,String,物理字段 Description,,no_matching_swagger_schema
semiconductor_service_location_ontology.json,semiconductor_service_location,A_ExternalInterface,外部接口,className,String,物理字段 ClassName,,no_matching_swagger_schema
semiconductor_service_location_ontology.json,semiconductor_service_location,A_ExternalInterface,外部接口,filterTags,String,物理字段 FilterTags,,no_matching_swagger_schema
semiconductor_service_location_ontology.json,semiconductor_service_location,A_ExternalLocation,外部位置,notes,String,物理字段 Notes,,no_matching_swagger_schema
semiconductor_service_location_ontology.json,semiconductor_service_location,A_ExternalLocation,外部位置,isSubCon,Boolean,物理字段 IsSubCon,,no_matching_swagger_schema
semiconductor_service_location_ontology.json,semiconductor_service_location,A_ExternalLocation,外部位置,setupAccess,Navigation,物理字段 SetupAccessId → A_SetupAccess,,no_matching_swagger_schema
semiconductor_service_location_ontology.json,semiconductor_service_location,A_ExternalLocation,外部位置,name,String,物理字段 ExternalLocationName,,no_matching_swagger_schema
semiconductor_service_location_ontology.json,semiconductor_service_location,A_ExternalLocation,外部位置,description,String,物理字段 Description,,no_matching_swagger_schema
semiconductor_service_location_ontology.json,semiconductor_service_location,A_ExternalLocation,外部位置,iconId,Integer,物理字段 IconId,,no_matching_swagger_schema
semiconductor_service_location_ontology.json,semiconductor_service_location,A_ExternalLocation,外部位置,changeHistory,Navigation,物理字段 ChangeHistoryId → ChangeStatus,,no_matching_swagger_schema
semiconductor_service_location_ontology.json,semiconductor_service_location,A_ExternalLocation,外部位置,isFrozen,Boolean,物理字段 IsFrozen,,no_matching_swagger_schema
semiconductor_service_location_ontology.json,semiconductor_service_location,A_ExternalLocation,外部位置,filterTags,String,物理字段 FilterTags,,no_matching_swagger_schema
semiconductor_service_location_ontology.json,semiconductor_service_location,A_ExternalLocationType,外部位置类型,iconId,Integer,物理字段 IconId,,no_matching_swagger_schema
semiconductor_service_location_ontology.json,semiconductor_service_location,A_ExternalLocationType,外部位置类型,description,String,物理字段 Description,,no_matching_swagger_schema
semiconductor_service_location_ontology.json,semiconductor_service_location,A_ExternalLocationType,外部位置类型,notes,String,物理字段 Notes,,no_matching_swagger_schema
semiconductor_service_location_ontology.json,semiconductor_service_location,A_ExternalLocationType,外部位置类型,setupAccess,Navigation,物理字段 SetupAccessId → A_SetupAccess,,no_matching_swagger_schema
semiconductor_service_location_ontology.json,semiconductor_service_location,A_ExternalLocationType,外部位置类型,isFrozen,Boolean,物理字段 IsFrozen,,no_matching_swagger_schema
semiconductor_service_location_ontology.json,semiconductor_service_location,A_ExternalLocationType,外部位置类型,name,String,物理字段 ExternalLocationTypeName,,no_matching_swagger_schema
semiconductor_service_location_ontology.json,semiconductor_service_location,A_ExternalLocationType,外部位置类型,changeHistory,Navigation,物理字段 ChangeHistoryId → ChangeStatus,,no_matching_swagger_schema
semiconductor_service_location_ontology.json,semiconductor_service_location,A_ExternalLocationType,外部位置类型,filterTags,String,物理字段 FilterTags,,no_matching_swagger_schema
semiconductor_service_location_ontology.json,semiconductor_service_location,A_ImpoundType,扣留类型,description,String,物理字段 Description,,no_matching_swagger_schema
semiconductor_service_location_ontology.json,semiconductor_service_location,A_ImpoundType,扣留类型,name,String,物理字段 ImpoundTypeName,,no_matching_swagger_schema
semiconductor_service_location_ontology.json,semiconductor_service_location,A_ImpoundType,扣留类型,iconId,Integer,物理字段 IconId,,no_matching_swagger_schema
semiconductor_service_location_ontology.json,semiconductor_service_location,A_ImpoundType,扣留类型,notes,String,物理字段 Notes,,no_matching_swagger_schema
semiconductor_service_location_ontology.json,semiconductor_service_location,A_ImpoundType,扣留类型,setupAccess,Navigation,物理字段 SetupAccessId → A_SetupAccess,,no_matching_swagger_schema
semiconductor_service_location_ontology.json,semiconductor_service_location,A_ImpoundType,扣留类型,isFrozen,Boolean,物理字段 IsFrozen,,no_matching_swagger_schema
semiconductor_service_location_ontology.json,semiconductor_service_location,A_ImpoundType,扣留类型,changeHistory,Navigation,物理字段 ChangeHistoryId → ChangeStatus,,no_matching_swagger_schema
semiconductor_service_location_ontology.json,semiconductor_service_location,A_ImpoundType,扣留类型,filterTags,String,物理字段 FilterTags,,no_matching_swagger_schema
semiconductor_service_location_ontology.json,semiconductor_service_location,A_InsertionReason,插入原因,notes,String,物理字段 Notes,,no_matching_swagger_schema
semiconductor_service_location_ontology.json,semiconductor_service_location,A_InsertionReason,插入原因,name,String,物理字段 InsertionReasonName,,no_matching_swagger_schema
semiconductor_service_location_ontology.json,semiconductor_service_location,A_InsertionReason,插入原因,changeHistory,Navigation,物理字段 ChangeHistoryId → ChangeStatus,,no_matching_swagger_schema
semiconductor_service_location_ontology.json,semiconductor_service_location,A_InsertionReason,插入原因,isFrozen,Boolean,物理字段 IsFrozen,,no_matching_swagger_schema
semiconductor_service_location_ontology.json,semiconductor_service_location,A_InsertionReason,插入原因,iconId,Integer,物理字段 IconId,,no_matching_swagger_schema
semiconductor_service_location_ontology.json,semiconductor_service_location,A_InsertionReason,插入原因,description,String,物理字段 Description,,no_matching_swagger_schema
semiconductor_service_location_ontology.json,semiconductor_service_location,A_InsertionReason,插入原因,setupAccess,Navigation,物理字段 SetupAccessId → A_SetupAccess,,no_matching_swagger_schema
semiconductor_service_location_ontology.json,semiconductor_service_location,A_InsertionReason,插入原因,filterTags,String,物理字段 FilterTags,,no_matching_swagger_schema
semiconductor_service_location_ontology.json,semiconductor_service_location,A_LocationMap,位置映射,notes,String,物理字段 Notes,,no_matching_swagger_schema
semiconductor_service_location_ontology.json,semiconductor_service_location,A_LocationMap,位置映射,setupAccess,Navigation,物理字段 SetupAccessId → A_SetupAccess,,no_matching_swagger_schema
semiconductor_service_location_ontology.json,semiconductor_service_location,A_LocationMap,位置映射,iconId,Integer,物理字段 IconId,,no_matching_swagger_schema
semiconductor_service_location_ontology.json,semiconductor_service_location,A_LocationMap,位置映射,changeHistory,Navigation,物理字段 ChangeHistoryId → ChangeStatus,,no_matching_swagger_schema
semiconductor_service_location_ontology.json,semiconductor_service_location,A_LocationMap,位置映射,isFrozen,Boolean,物理字段 IsFrozen,,no_matching_swagger_schema
semiconductor_service_location_ontology.json,semiconductor_service_location,A_LocationMap,位置映射,name,String,物理字段 LocationMapName,,no_matching_swagger_schema
semiconductor_service_location_ontology.json,semiconductor_service_location,A_LocationMap,位置映射,workflow,Navigation,物理字段 WorkflowId → Workflow,,no_matching_swagger_schema
semiconductor_service_location_ontology.json,semiconductor_service_location,A_LocationMap,位置映射,workflowStep,Navigation,物理字段 WorkflowStepId → WorkflowStep,,no_matching_swagger_schema
semiconductor_service_location_ontology.json,semiconductor_service_location,A_LocationMap,位置映射,description,String,物理字段 Description,,no_matching_swagger_schema
semiconductor_service_location_ontology.json,semiconductor_service_location,A_LocationMap,位置映射,filterTags,String,物理字段 FilterTags,,no_matching_swagger_schema
semiconductor_service_location_ontology.json,semiconductor_service_location,A_ScanningName,扫描名称,webAddress,String,物理字段 WebAddress,,no_matching_swagger_schema
semiconductor_service_location_ontology.json,semiconductor_service_location,A_ScanningName,扫描名称,setupAccess,Navigation,物理字段 SetupAccessId → A_SetupAccess,,no_matching_swagger_schema
semiconductor_service_location_ontology.json,semiconductor_service_location,A_ScanningName,扫描名称,changeHistory,Navigation,物理字段 ChangeHistoryId → ChangeStatus,,no_matching_swagger_schema
semiconductor_service_location_ontology.json,semiconductor_service_location,A_ScanningName,扫描名称,description,String,物理字段 Description,,no_matching_swagger_schema
semiconductor_service_location_ontology.json,semiconductor_service_location,A_ScanningName,扫描名称,iconId,Integer,物理字段 IconId,,no_matching_swagger_schema
semiconductor_service_location_ontology.json,semiconductor_service_location,A_ScanningName,扫描名称,isFrozen,Boolean,物理字段 IsFrozen,,no_matching_swagger_schema
semiconductor_service_location_ontology.json,semiconductor_service_location,A_ScanningName,扫描名称,scanningPlan,String,物理字段 ScanningPlan,,no_matching_swagger_schema
semiconductor_service_location_ontology.json,semiconductor_service_location,A_ScanningName,扫描名称,name,String,物理字段 ScanningNameName,,no_matching_swagger_schema
semiconductor_service_location_ontology.json,semiconductor_service_location,A_ScanningName,扫描名称,notes,String,物理字段 Notes,,no_matching_swagger_schema
semiconductor_service_location_ontology.json,semiconductor_service_location,A_ScanningName,扫描名称,filterTags,String,物理字段 FilterTags,,no_matching_swagger_schema
semiconductor_service_location_ontology.json,semiconductor_service_location,A_ScanningSetup,扫描配置,spec,Navigation,物理字段 SpecId → Spec,,no_matching_swagger_schema
semiconductor_service_location_ontology.json,semiconductor_service_location,A_ScanningSetup,扫描配置,notes,String,物理字段 Notes,,no_matching_swagger_schema
semiconductor_service_location_ontology.json,semiconductor_service_location,A_ScanningSetup,扫描配置,setupAccess,Navigation,物理字段 SetupAccessId → A_SetupAccess,,no_matching_swagger_schema
semiconductor_service_location_ontology.json,semiconductor_service_location,A_ScanningSetup,扫描配置,serviceName,String,物理字段 ServiceName,,no_matching_swagger_schema
semiconductor_service_location_ontology.json,semiconductor_service_location,A_ScanningSetup,扫描配置,changeHistory,Navigation,物理字段 ChangeHistoryId → ChangeStatus,,no_matching_swagger_schema
semiconductor_service_location_ontology.json,semiconductor_service_location,A_ScanningSetup,扫描配置,description,String,物理字段 Description,,no_matching_swagger_schema
semiconductor_service_location_ontology.json,semiconductor_service_location,A_ScanningSetup,扫描配置,isFrozen,Boolean,物理字段 IsFrozen,,no_matching_swagger_schema
semiconductor_service_location_ontology.json,semiconductor_service_location,A_ScanningSetup,扫描配置,followSequence,Boolean,物理字段 FollowSequence,,no_matching_swagger_schema
semiconductor_service_location_ontology.json,semiconductor_service_location,A_ScanningSetup,扫描配置,name,String,物理字段 ScanningSetupName,,no_matching_swagger_schema
semiconductor_service_location_ontology.json,semiconductor_service_location,A_ScanningSetup,扫描配置,clearByContainerOnTransact,Boolean,物理字段 ClearByContainerOnTransact,,no_matching_swagger_schema
semiconductor_service_location_ontology.json,semiconductor_service_location,A_ScanningSetup,扫描配置,iconId,Integer,物理字段 IconId,,no_matching_swagger_schema
semiconductor_service_location_ontology.json,semiconductor_service_location,A_ScanningSetup,扫描配置,filterTags,String,物理字段 FilterTags,,no_matching_swagger_schema
semiconductor_service_location_ontology.json,semiconductor_service_location,A_ServiceAttrsSetup,服务属性配置,spec,Navigation,物理字段 SpecId → Spec,,no_matching_swagger_schema
semiconductor_service_location_ontology.json,semiconductor_service_location,A_ServiceAttrsSetup,服务属性配置,setupAccess,Navigation,物理字段 SetupAccessId → A_SetupAccess,,no_matching_swagger_schema
semiconductor_service_location_ontology.json,semiconductor_service_location,A_ServiceAttrsSetup,服务属性配置,isFrozen,Boolean,物理字段 IsFrozen,,no_matching_swagger_schema
semiconductor_service_location_ontology.json,semiconductor_service_location,A_ServiceAttrsSetup,服务属性配置,changeHistory,Navigation,物理字段 ChangeHistoryId → ChangeStatus,,no_matching_swagger_schema
semiconductor_service_location_ontology.json,semiconductor_service_location,A_ServiceAttrsSetup,服务属性配置,description,String,物理字段 Description,,no_matching_swagger_schema
semiconductor_service_location_ontology.json,semiconductor_service_location,A_ServiceAttrsSetup,服务属性配置,name,String,物理字段 ServiceAttrsSetupName,,no_matching_swagger_schema
semiconductor_service_location_ontology.json,semiconductor_service_location,A_ServiceAttrsSetup,服务属性配置,serviceName,String,物理字段 ServiceName,,no_matching_swagger_schema
semiconductor_service_location_ontology.json,semiconductor_service_location,A_ServiceAttrsSetup,服务属性配置,externalLocation,Navigation,物理字段 ExternalLocationId → A_ExternalLocation,,no_matching_swagger_schema
semiconductor_service_location_ontology.json,semiconductor_service_location,A_ServiceAttrsSetup,服务属性配置,startReason,Navigation,物理字段 StartReasonId → StartReason,,no_matching_swagger_schema
semiconductor_service_location_ontology.json,semiconductor_service_location,A_ServiceAttrsSetup,服务属性配置,iconId,Integer,物理字段 IconId,,no_matching_swagger_schema
semiconductor_service_location_ontology.json,semiconductor_service_location,A_ServiceAttrsSetup,服务属性配置,notes,String,物理字段 Notes,,no_matching_swagger_schema
semiconductor_service_location_ontology.json,semiconductor_service_location,A_ServiceAttrsSetup,服务属性配置,filterTags,String,物理字段 FilterTags,,no_matching_swagger_schema
semiconductor_service_location_ontology.json,semiconductor_service_location,A_ServiceRules,服务规则,changeHistory,Navigation,物理字段 ChangeHistoryId → ChangeStatus,,no_matching_swagger_schema
semiconductor_service_location_ontology.json,semiconductor_service_location,A_ServiceRules,服务规则,notes,String,物理字段 Notes,,no_matching_swagger_schema
semiconductor_service_location_ontology.json,semiconductor_service_location,A_ServiceRules,服务规则,setupAccess,Navigation,物理字段 SetupAccessId → A_SetupAccess,,no_matching_swagger_schema
semiconductor_service_location_ontology.json,semiconductor_service_location,A_ServiceRules,服务规则,description,String,物理字段 Description,,no_matching_swagger_schema
semiconductor_service_location_ontology.json,semiconductor_service_location,A_ServiceRules,服务规则,listItemName,String,物理字段 ListItemName,,no_matching_swagger_schema
semiconductor_service_location_ontology.json,semiconductor_service_location,A_ServiceRules,服务规则,listName,String,物理字段 ListName,,no_matching_swagger_schema
semiconductor_service_location_ontology.json,semiconductor_service_location,A_ServiceRules,服务规则,name,String,物理字段 ServiceRulesName,,no_matching_swagger_schema
semiconductor_service_location_ontology.json,semiconductor_service_location,A_ServiceRules,服务规则,isFrozen,Boolean,物理字段 IsFrozen,,no_matching_swagger_schema
semiconductor_service_location_ontology.json,semiconductor_service_location,A_ServiceRules,服务规则,iconId,Integer,物理字段 IconId,,no_matching_swagger_schema
semiconductor_service_location_ontology.json,semiconductor_service_location,A_ServiceRules,服务规则,filterTags,String,物理字段 FilterTags,,no_matching_swagger_schema
semiconductor_service_location_ontology.json,semiconductor_service_location,A_ServiceSetup,服务配置,isFrozen,Boolean,物理字段 IsFrozen,,no_matching_swagger_schema
semiconductor_service_location_ontology.json,semiconductor_service_location,A_ServiceSetup,服务配置,name,String,物理字段 ServiceSetupName,,no_matching_swagger_schema
semiconductor_service_location_ontology.json,semiconductor_service_location,A_ServiceSetup,服务配置,description,String,物理字段 Description,,no_matching_swagger_schema
semiconductor_service_location_ontology.json,semiconductor_service_location,A_ServiceSetup,服务配置,lotIdRule,Navigation,物理字段 LotIdRuleId → NumberingRule,,no_matching_swagger_schema
semiconductor_service_location_ontology.json,semiconductor_service_location,A_ServiceSetup,服务配置,iconId,Integer,物理字段 IconId,,no_matching_swagger_schema
semiconductor_service_location_ontology.json,semiconductor_service_location,A_ServiceSetup,服务配置,notes,String,物理字段 Notes,,no_matching_swagger_schema
semiconductor_service_location_ontology.json,semiconductor_service_location,A_ServiceSetup,服务配置,employeeUserLogic,String,物理字段 EmployeeUserLogic,,no_matching_swagger_schema
semiconductor_service_location_ontology.json,semiconductor_service_location,A_ServiceSetup,服务配置,externalInterface,Navigation,物理字段 ExternalInterfaceId → A_ExternalInterface,,no_matching_swagger_schema
semiconductor_service_location_ontology.json,semiconductor_service_location,A_ServiceSetup,服务配置,setupAccess,Navigation,物理字段 SetupAccessId → A_SetupAccess,,no_matching_swagger_schema
semiconductor_service_location_ontology.json,semiconductor_service_location,A_ServiceSetup,服务配置,verifyLoginEmployeeGroup,Boolean,物理字段 VerifyLoginEmployeeGroup,,no_matching_swagger_schema
semiconductor_service_location_ontology.json,semiconductor_service_location,A_ServiceSetup,服务配置,changeHistory,Navigation,物理字段 ChangeHistoryId → ChangeStatus,,no_matching_swagger_schema
semiconductor_service_location_ontology.json,semiconductor_service_location,A_ServiceSetup,服务配置,filterTags,String,物理字段 FilterTags,,no_matching_swagger_schema
semiconductor_service_location_ontology.json,semiconductor_service_location,A_TerminateAccount,账户终止配置,description,String,物理字段 Description,,no_matching_swagger_schema
semiconductor_service_location_ontology.json,semiconductor_service_location,A_TerminateAccount,账户终止配置,notes,String,物理字段 Notes,,no_matching_swagger_schema
semiconductor_service_location_ontology.json,semiconductor_service_location,A_TerminateAccount,账户终止配置,name,String,物理字段 TerminateAccountName,,no_matching_swagger_schema
semiconductor_service_location_ontology.json,semiconductor_service_location,A_TerminateAccount,账户终止配置,iconId,Integer,物理字段 IconId,,no_matching_swagger_schema
semiconductor_service_location_ontology.json,semiconductor_service_location,A_TerminateAccount,账户终止配置,changeHistory,Navigation,物理字段 ChangeHistoryId → ChangeStatus,,no_matching_swagger_schema
semiconductor_service_location_ontology.json,semiconductor_service_location,A_TerminateAccount,账户终止配置,setupAccess,Navigation,物理字段 SetupAccessId → A_SetupAccess,,no_matching_swagger_schema
semiconductor_service_location_ontology.json,semiconductor_service_location,A_TerminateAccount,账户终止配置,isFrozen,Boolean,物理字段 IsFrozen,,no_matching_swagger_schema
semiconductor_service_location_ontology.json,semiconductor_service_location,A_TerminateAccount,账户终止配置,filterTags,String,物理字段 FilterTags,,no_matching_swagger_schema
semiconductor_service_location_ontology.json,semiconductor_service_location,A_TerminateReason,终止原因,iconId,Integer,物理字段 IconId,,no_matching_swagger_schema
semiconductor_service_location_ontology.json,semiconductor_service_location,A_TerminateReason,终止原因,notes,String,物理字段 Notes,,no_matching_swagger_schema
semiconductor_service_location_ontology.json,semiconductor_service_location,A_TerminateReason,终止原因,setupAccess,Navigation,物理字段 SetupAccessId → A_SetupAccess,,no_matching_swagger_schema
semiconductor_service_location_ontology.json,semiconductor_service_location,A_TerminateReason,终止原因,description,String,物理字段 Description,,no_matching_swagger_schema
semiconductor_service_location_ontology.json,semiconductor_service_location,A_TerminateReason,终止原因,isFrozen,Boolean,物理字段 IsFrozen,,no_matching_swagger_schema
semiconductor_service_location_ontology.json,semiconductor_service_location,A_TerminateReason,终止原因,name,String,物理字段 TerminateReasonName,,no_matching_swagger_schema
semiconductor_service_location_ontology.json,semiconductor_service_location,A_TerminateReason,终止原因,allowInWip,Boolean,物理字段 AllowInWIP,,no_matching_swagger_schema
semiconductor_service_location_ontology.json,semiconductor_service_location,A_TerminateReason,终止原因,changeHistory,Navigation,物理字段 ChangeHistoryId → ChangeStatus,,no_matching_swagger_schema
semiconductor_service_location_ontology.json,semiconductor_service_location,A_TerminateReason,终止原因,filterTags,String,物理字段 FilterTags,,no_matching_swagger_schema
semiconductor_service_location_ontology.json,semiconductor_service_location,A_UTAReason,UTA原因,name,String,物理字段 UTAReasonName,,no_matching_swagger_schema
semiconductor_service_location_ontology.json,semiconductor_service_location,A_UTAReason,UTA原因,notes,String,物理字段 Notes,,no_matching_swagger_schema
semiconductor_service_location_ontology.json,semiconductor_service_location,A_UTAReason,UTA原因,setupAccess,Navigation,物理字段 SetupAccessId → A_SetupAccess,,no_matching_swagger_schema
semiconductor_service_location_ontology.json,semiconductor_service_location,A_UTAReason,UTA原因,changeHistory,Navigation,物理字段 ChangeHistoryId → ChangeStatus,,no_matching_swagger_schema
semiconductor_service_location_ontology.json,semiconductor_service_location,A_UTAReason,UTA原因,description,String,物理字段 Description,,no_matching_swagger_schema
semiconductor_service_location_ontology.json,semiconductor_service_location,A_UTAReason,UTA原因,isFrozen,Boolean,物理字段 IsFrozen,,no_matching_swagger_schema
semiconductor_service_location_ontology.json,semiconductor_service_location,A_UTAReason,UTA原因,iconId,Integer,物理字段 IconId,,no_matching_swagger_schema
semiconductor_service_location_ontology.json,semiconductor_service_location,A_UTAReason,UTA原因,filterTags,String,物理字段 FilterTags,,no_matching_swagger_schema
semiconductor_service_location_ontology.json,semiconductor_service_location,A_UnTerminateReason,取消终止原因,iconId,Integer,物理字段 IconId,,no_matching_swagger_schema
semiconductor_service_location_ontology.json,semiconductor_service_location,A_UnTerminateReason,取消终止原因,name,String,物理字段 UnTerminateReasonName,,no_matching_swagger_schema
semiconductor_service_location_ontology.json,semiconductor_service_location,A_UnTerminateReason,取消终止原因,isFrozen,Boolean,物理字段 IsFrozen,,no_matching_swagger_schema
semiconductor_service_location_ontology.json,semiconductor_service_location,A_UnTerminateReason,取消终止原因,notes,String,物理字段 Notes,,no_matching_swagger_schema
semiconductor_service_location_ontology.json,semiconductor_service_location,A_UnTerminateReason,取消终止原因,setupAccess,Navigation,物理字段 SetupAccessId → A_SetupAccess,,no_matching_swagger_schema
semiconductor_service_location_ontology.json,semiconductor_service_location,A_UnTerminateReason,取消终止原因,changeHistory,Navigation,物理字段 ChangeHistoryId → ChangeStatus,,no_matching_swagger_schema
semiconductor_service_location_ontology.json,semiconductor_service_location,A_UnTerminateReason,取消终止原因,description,String,物理字段 Description,,no_matching_swagger_schema
semiconductor_service_location_ontology.json,semiconductor_service_location,A_UnTerminateReason,取消终止原因,filterTags,String,物理字段 FilterTags,,no_matching_swagger_schema
semiconductor_shared_support_ontology.json,semiconductor_shared_support,ResourceDef,资源定义,maintenanceFailureStatus,Navigation,物理字段 MaintenanceFailureStatusId → ResourceStatusCode,,no_matching_swagger_schema
semiconductor_shared_support_ontology.json,semiconductor_shared_support,ResourceDef,资源定义,trackMaterialsHistory,Boolean,物理字段 TrackMaterialsHistory,,no_matching_swagger_schema
semiconductor_shared_support_ontology.json,semiconductor_shared_support,ResourceDef,资源定义,lastIntegrationTxn,Integer,物理字段 LastIntegrationTxnId,,no_matching_swagger_schema
semiconductor_shared_support_ontology.json,semiconductor_shared_support,ResourceDef,资源定义,lastCorrelationLotName,String,物理字段 LastCorrelationLotName,,no_matching_swagger_schema
semiconductor_shared_support_ontology.json,semiconductor_shared_support,ResourceDef,资源定义,mask,Navigation,物理字段 MaskId → ResourceDef,,no_matching_swagger_schema
semiconductor_shared_support_ontology.json,semiconductor_shared_support,ResourceDef,资源定义,statusModel,Navigation,物理字段 StatusModelId → scsStatusModel,,no_matching_swagger_schema
semiconductor_shared_support_ontology.json,semiconductor_shared_support,ResourceDef,资源定义,resourceIcon,Navigation,物理字段 ResourceIconId → A_ResourceIcon,,no_matching_swagger_schema
semiconductor_shared_support_ontology.json,semiconductor_shared_support,ResourceDef,资源定义,documentSet,Navigation,物理字段 DocumentSetId → DocumentSet,,no_matching_swagger_schema
semiconductor_shared_support_ontology.json,semiconductor_shared_support,ResourceDef,资源定义,objectType,String,物理字段 ObjectType,,no_matching_swagger_schema
semiconductor_shared_support_ontology.json,semiconductor_shared_support,ResourceDef,资源定义,requireMinTimeWindow,Boolean,物理字段 RequireMinTimeWindow,,no_matching_swagger_schema
semiconductor_shared_support_ontology.json,semiconductor_shared_support,ResourceDef,资源定义,trackToolsHistory,Boolean,物理字段 TrackToolsHistory,,no_matching_swagger_schema
semiconductor_shared_support_ontology.json,semiconductor_shared_support,ResourceDef,资源定义,useSpcMatrix,Boolean,物理字段 UseSPCMatrix,,no_matching_swagger_schema
semiconductor_shared_support_ontology.json,semiconductor_shared_support,ResourceDef,资源定义,recipe,Navigation,物理字段 RecipeId → Document,,no_matching_swagger_schema
semiconductor_shared_support_ontology.json,semiconductor_shared_support,ResourceDef,资源定义,packageGroup,Navigation,物理字段 PackageGroupId → A_PackageGroup,,no_matching_swagger_schema
semiconductor_shared_support_ontology.json,semiconductor_shared_support,ResourceDef,资源定义,lotCount,Integer,物理字段 LotCount,,no_matching_swagger_schema
semiconductor_shared_support_ontology.json,semiconductor_shared_support,ResourceDef,资源定义,container,Navigation,物理字段 ContainerId → Container,,no_matching_swagger_schema
semiconductor_shared_support_ontology.json,semiconductor_shared_support,ResourceDef,资源定义,automationPlan,Navigation,物理字段 AutomationPlanId → A_AutomationPlan,,no_matching_swagger_schema
semiconductor_shared_support_ontology.json,semiconductor_shared_support,ResourceDef,资源定义,resourceSequence,Integer,物理字段 ResourceSequence,,no_matching_swagger_schema
semiconductor_shared_support_ontology.json,semiconductor_shared_support,ResourceDef,资源定义,setupAccess,Navigation,物理字段 SetupAccessId → A_SetupAccess,,no_matching_swagger_schema
semiconductor_shared_support_ontology.json,semiconductor_shared_support,ResourceDef,资源定义,objectCategory,String,物理字段 ObjectCategory,,no_matching_swagger_schema
semiconductor_shared_support_ontology.json,semiconductor_shared_support,ResourceDef,资源定义,machineGroup,Navigation,物理字段 MachineGroupId → A_MachineGroup,,no_matching_swagger_schema
semiconductor_shared_support_ontology.json,semiconductor_shared_support,ResourceDef,资源定义,resourceComments,String,物理字段 ResourceComments,,no_matching_swagger_schema
semiconductor_shared_support_ontology.json,semiconductor_shared_support,ResourceDef,资源定义,toolPlan,Navigation,物理字段 ToolPlanId → A_ToolPlan,,no_matching_swagger_schema
semiconductor_shared_support_ontology.json,semiconductor_shared_support,ResourceDef,资源定义,spcSetup,Navigation,物理字段 SPCSetupId → A_SPCSetup,,no_matching_swagger_schema
semiconductor_shared_support_ontology.json,semiconductor_shared_support,ResourceDef,资源定义,carrierSequence,Integer,物理字段 CarrierSequence,,no_matching_swagger_schema
semiconductor_shared_support_ontology.json,semiconductor_shared_support,ResourceDef,资源定义,requireTimeCorrelation,Boolean,物理字段 RequireTimeCorrelation,,no_matching_swagger_schema
semiconductor_shared_support_ontology.json,semiconductor_shared_support,ResourceDef,资源定义,trackSequence,Integer,物理字段 TrackSequence,,no_matching_swagger_schema
semiconductor_shared_support_ontology.json,semiconductor_shared_support,ResourceDef,资源定义,requireShiftCorrelation,Boolean,物理字段 RequireShiftCorrelation,,no_matching_swagger_schema
semiconductor_shared_support_ontology.json,semiconductor_shared_support,ResourceDef,资源定义,timeCorrelationLimit,Float,物理字段 TimeCorrelationLimit,,no_matching_swagger_schema
semiconductor_shared_support_ontology.json,semiconductor_shared_support,ResourceDef,资源定义,timeCorrelationTimeframe,Float,物理字段 TimeCorrelationTimeframe,,no_matching_swagger_schema
semiconductor_shared_support_ontology.json,semiconductor_shared_support,ResourceDef,资源定义,correlationGoodUnits,Float,物理字段 CorrelationGoodUnits,,no_matching_swagger_schema
semiconductor_shared_support_ontology.json,semiconductor_shared_support,ResourceDef,资源定义,correlationRejectUnits,Float,物理字段 CorrelationRejectUnits,,no_matching_swagger_schema
semiconductor_shared_support_ontology.json,semiconductor_shared_support,ResourceDef,资源定义,lastCorrelationDate,DateTime,物理字段 LastCorrelationDate,,no_matching_swagger_schema
semiconductor_shared_support_ontology.json,semiconductor_shared_support,ResourceDef,资源定义,lastCorrelationShift,String,物理字段 LastCorrelationShift,,no_matching_swagger_schema
semiconductor_shared_support_ontology.json,semiconductor_shared_support,ResourceDef,资源定义,lastCorrelationHistory,Integer,物理字段 LastCorrelationHistoryId,,no_matching_swagger_schema
semiconductor_shared_support_ontology.json,semiconductor_shared_support,ResourceDef,资源定义,correlationFlag,Integer,物理字段 CorrelationFlag,,no_matching_swagger_schema
semiconductor_shared_support_ontology.json,semiconductor_shared_support,ResourceDef,资源定义,lastCorrelationLot,Integer,物理字段 LastCorrelationLotId,,no_matching_swagger_schema
semiconductor_shared_support_ontology.json,semiconductor_shared_support,ResourceDef,资源定义,trackParamsHistory,Boolean,物理字段 TrackParamsHistory,,no_matching_swagger_schema
semiconductor_shared_support_ontology.json,semiconductor_shared_support,ResourceDef,资源定义,paramList,Navigation,物理字段 ParamListId → A_EquipmentParamList,,no_matching_swagger_schema
semiconductor_shared_support_ontology.json,semiconductor_shared_support,ResourceDef,资源定义,maxLots,Integer,物理字段 MaxLots,,no_matching_swagger_schema
semiconductor_shared_support_ontology.json,semiconductor_shared_support,ResourceDef,资源定义,maxUnits,Float,物理字段 MaxUnits,,no_matching_swagger_schema
semiconductor_shared_support_ontology.json,semiconductor_shared_support,ResourceDef,资源定义,multiLotsFlag,Integer,物理字段 MultiLotsFlag,,no_matching_swagger_schema
semiconductor_shared_support_ontology.json,semiconductor_shared_support,ResourceDef,资源定义,requireSetupCorrelation,Boolean,物理字段 RequireSetupCorrelation,,no_matching_swagger_schema
semiconductor_shared_support_ontology.json,semiconductor_shared_support,ResourceDef,资源定义,ssReserveEmployee,Navigation,物理字段 ss_ReserveEmployeeId → Employee,,no_matching_swagger_schema
semiconductor_shared_support_ontology.json,semiconductor_shared_support,ResourceDef,资源定义,ssReserveEquipment,Navigation,物理字段 ss_ReserveEquipmentId → ResourceDef,,no_matching_swagger_schema
semiconductor_shared_support_ontology.json,semiconductor_shared_support,ResourceDef,资源定义,ssMountToolAction,Navigation,物理字段 ss_MountToolActionId → ss_ToolAction,,no_matching_swagger_schema
semiconductor_shared_support_ontology.json,semiconductor_shared_support,ResourceDef,资源定义,ssUnMountToolAction,Navigation,物理字段 ss_UnMountToolActionId → ss_ToolAction,,no_matching_swagger_schema
semiconductor_shared_support_ontology.json,semiconductor_shared_support,ResourceDef,资源定义,subEquipmentLogicalId,String,物理字段 SubEquipmentLogicalID,,no_matching_swagger_schema
semiconductor_shared_support_ontology.json,semiconductor_shared_support,ResourceDef,资源定义,equipmentType,String,物理字段 EquipmentType,,no_matching_swagger_schema
semiconductor_shared_support_ontology.json,semiconductor_shared_support,ResourceDef,资源定义,ssRecipeGroup,Navigation,物理字段 ss_RecipeGroupId → ss_RecipeGroup,,no_matching_swagger_schema
semiconductor_shared_support_ontology.json,semiconductor_shared_support,ResourceDef,资源定义,scsPositionAssignLotVerificati,Integer,物理字段 scsPositionAssignLotVerificati,,no_matching_swagger_schema
semiconductor_shared_support_ontology.json,semiconductor_shared_support,ResourceDef,资源定义,scsInqInnerInputCarrierFamil,Navigation,物理字段 scsInqInnerInputCarrierFamilId → ResourceFamily,,no_matching_swagger_schema
semiconductor_shared_support_ontology.json,semiconductor_shared_support,ResourceDef,资源定义,scsInqInnerOutputCarrierFami,Navigation,物理字段 scsInqInnerOutputCarrierFamiId → ResourceFamily,,no_matching_swagger_schema
semiconductor_shared_support_ontology.json,semiconductor_shared_support,ResourceDef,资源定义,scsFieldEnable,Boolean,物理字段 scsFieldEnable,,no_matching_swagger_schema
semiconductor_shared_support_ontology.json,semiconductor_shared_support,ResourceDef,资源定义,scsAllowMultiStepsTrackIn,Boolean,物理字段 scsAllowMultiStepsTrackIn,,no_matching_swagger_schema
semiconductor_shared_support_ontology.json,semiconductor_shared_support,ResourceDef,资源定义,scsBypassMaskVerification,Boolean,物理字段 scsBypassMaskVerification,,no_matching_swagger_schema
semiconductor_shared_support_ontology.json,semiconductor_shared_support,ResourceDef,资源定义,scsAutomated,Boolean,物理字段 scsAutomated,,no_matching_swagger_schema
semiconductor_shared_support_ontology.json,semiconductor_shared_support,ResourceDef,资源定义,scsRecipeRequired,Boolean,物理字段 scsRecipeRequired,,no_matching_swagger_schema
semiconductor_shared_support_ontology.json,semiconductor_shared_support,ResourceDef,资源定义,ssUsageCntProcessed,Boolean,物理字段 ss_UsageCntProcessed,,no_matching_swagger_schema
semiconductor_shared_support_ontology.json,semiconductor_shared_support,ResourceDef,资源定义,ssProcessUsageReq,Boolean,物理字段 ss_ProcessUsageReq,,no_matching_swagger_schema
semiconductor_shared_support_ontology.json,semiconductor_shared_support,ResourceDef,资源定义,ssIsDownViaParent,Boolean,物理字段 ss_IsDownViaParent,,no_matching_swagger_schema
semiconductor_shared_support_ontology.json,semiconductor_shared_support,ResourceDef,资源定义,ssChildStatusCombination,String,物理字段 ss_ChildStatusCombination,,no_matching_swagger_schema
semiconductor_shared_support_ontology.json,semiconductor_shared_support,ResourceDef,资源定义,ssAllowInProcessStatChange,Boolean,物理字段 ss_AllowInProcessStatChange,,no_matching_swagger_schema
semiconductor_shared_support_ontology.json,semiconductor_shared_support,ResourceDef,资源定义,ssFeederSlot,Navigation,物理字段 ss_FeederSlotId → ss_FeederSlot,,no_matching_swagger_schema
semiconductor_shared_support_ontology.json,semiconductor_shared_support,ResourceDef,资源定义,ssFeederContainer,Navigation,物理字段 ss_FeederContainerId → Container,,no_matching_swagger_schema
semiconductor_shared_support_ontology.json,semiconductor_shared_support,ResourceDef,资源定义,ssMaxWafersProcessed,Float,物理字段 ss_MaxWafersProcessed,,no_matching_swagger_schema
semiconductor_shared_support_ontology.json,semiconductor_shared_support,ResourceDef,资源定义,ssLastDummyWaferDataCollTime,DateTime,物理字段 ss_LastDummyWaferDataCollTime,,no_matching_swagger_schema
semiconductor_shared_support_ontology.json,semiconductor_shared_support,ResourceDef,资源定义,ssMaxNoProcessTime,Float,物理字段 ss_MaxNoProcessTime,,no_matching_swagger_schema
semiconductor_shared_support_ontology.json,semiconductor_shared_support,ResourceDef,资源定义,ssMinUnits,Float,物理字段 ss_MinUnits,,no_matching_swagger_schema
semiconductor_shared_support_ontology.json,semiconductor_shared_support,ResourceDef,资源定义,ssMinDummyWafers,Float,物理字段 ss_MinDummyWafers,,no_matching_swagger_schema
semiconductor_shared_support_ontology.json,semiconductor_shared_support,ResourceDef,资源定义,ssLastPassedDummyLot,Navigation,物理字段 ss_LastPassedDummyLotId → Container,,no_matching_swagger_schema
semiconductor_shared_support_ontology.json,semiconductor_shared_support,ResourceDef,资源定义,ssLastDummyWaferDataCollStatu,String,物理字段 ss_LastDummyWaferDataCollStatu,,no_matching_swagger_schema
semiconductor_shared_support_ontology.json,semiconductor_shared_support,ResourceDef,资源定义,lastRevTxn,Integer,物理字段 LastRevTxnId,,no_matching_swagger_schema
semiconductor_shared_support_ontology.json,semiconductor_shared_support,ResourceDef,资源定义,name,String,物理字段 ResourceName,,no_matching_swagger_schema
semiconductor_shared_support_ontology.json,semiconductor_shared_support,ResourceDef,资源定义,description,String,物理字段 Description,,no_matching_swagger_schema
semiconductor_shared_support_ontology.json,semiconductor_shared_support,ResourceDef,资源定义,iconId,Integer,物理字段 IconId,,no_matching_swagger_schema
semiconductor_shared_support_ontology.json,semiconductor_shared_support,ResourceDef,资源定义,factory,Navigation,物理字段 FactoryId → Factory,,no_matching_swagger_schema
semiconductor_shared_support_ontology.json,semiconductor_shared_support,ResourceDef,资源定义,isFrozen,Boolean,物理字段 IsFrozen,,no_matching_swagger_schema
semiconductor_shared_support_ontology.json,semiconductor_shared_support,ResourceDef,资源定义,location,Navigation,物理字段 LocationId → Location,,no_matching_swagger_schema
semiconductor_shared_support_ontology.json,semiconductor_shared_support,ResourceDef,资源定义,parentResource,Navigation,物理字段 ParentResourceId → ResourceDef,,no_matching_swagger_schema
semiconductor_shared_support_ontology.json,semiconductor_shared_support,ResourceDef,资源定义,productionStatus,Navigation,物理字段 ProductionStatusId → ProductionStatus,,no_matching_swagger_schema
semiconductor_shared_support_ontology.json,semiconductor_shared_support,ResourceDef,资源定义,wipMsgDefMgr,Navigation,物理字段 WIPMsgDefMgrId → WIPMsgDefMgr,,no_matching_swagger_schema
semiconductor_shared_support_ontology.json,semiconductor_shared_support,ResourceDef,资源定义,changeStatus,Navigation,物理字段 ChangeStatusId → ChangeStatus,,no_matching_swagger_schema
semiconductor_shared_support_ontology.json,semiconductor_shared_support,ResourceDef,资源定义,trainingReqGroup,Navigation,物理字段 TrainingReqGroupId → TrainingRequirementGroup,,no_matching_swagger_schema
semiconductor_shared_support_ontology.json,semiconductor_shared_support,ResourceDef,资源定义,notes,String,物理字段 Notes,,no_matching_swagger_schema
semiconductor_shared_support_ontology.json,semiconductor_shared_support,ResourceDef,资源定义,vendorModel,String,物理字段 VendorModel,,no_matching_swagger_schema
semiconductor_shared_support_ontology.json,semiconductor_shared_support,ResourceDef,资源定义,vendorSerialNumber,String,物理字段 VendorSerialNumber,,no_matching_swagger_schema
semiconductor_shared_support_ontology.json,semiconductor_shared_support,ResourceDef,资源定义,vendor,Navigation,物理字段 VendorId → Vendor,,no_matching_swagger_schema
semiconductor_shared_support_ontology.json,semiconductor_shared_support,ResourceDef,资源定义,printQueue,Navigation,物理字段 PrintQueueId → PrintQueue,,no_matching_swagger_schema
semiconductor_shared_support_ontology.json,semiconductor_shared_support,ResourceDef,资源定义,clearanceLevel,Integer,物理字段 ClearanceLevel,,no_matching_swagger_schema
semiconductor_shared_support_ontology.json,semiconductor_shared_support,ResourceDef,资源定义,maintenanceClass,Navigation,物理字段 MaintenanceClassId → MaintenanceClass,,no_matching_swagger_schema
semiconductor_shared_support_ontology.json,semiconductor_shared_support,ResourceDef,资源定义,resourceStatusModel,Navigation,物理字段 ResourceStatusModelId → ResourceStatusModel,,no_matching_swagger_schema
semiconductor_shared_support_ontology.json,semiconductor_shared_support,ResourceDef,资源定义,resourceType,Navigation,物理字段 ResourceTypeId → ResourceType,,no_matching_swagger_schema
semiconductor_shared_support_ontology.json,semiconductor_shared_support,ResourceDef,资源定义,webServiceTransport,Navigation,物理字段 WebServiceTransportId → DataTransport,,no_matching_swagger_schema
semiconductor_shared_support_ontology.json,semiconductor_shared_support,ResourceDef,资源定义,fullyQualifiedName,String,物理字段 FullyQualifiedName,,no_matching_swagger_schema
semiconductor_shared_support_ontology.json,semiconductor_shared_support,ResourceDef,资源定义,decimalScale,Integer,物理字段 DecimalScale,,no_matching_swagger_schema
semiconductor_shared_support_ontology.json,semiconductor_shared_support,ResourceDef,资源定义,workingRangeMax,Float,物理字段 WorkingRangeMax,,no_matching_swagger_schema
semiconductor_shared_support_ontology.json,semiconductor_shared_support,ResourceDef,资源定义,workingRangeMin,Float,物理字段 WorkingRangeMin,,no_matching_swagger_schema
semiconductor_shared_support_ontology.json,semiconductor_shared_support,ResourceDef,资源定义,uom,Navigation,物理字段 UOMId → UOM,,no_matching_swagger_schema
semiconductor_shared_support_ontology.json,semiconductor_shared_support,ResourceDef,资源定义,decimalPrecision,Integer,物理字段 DecimalPrecision,,no_matching_swagger_schema
semiconductor_shared_support_ontology.json,semiconductor_shared_support,ResourceDef,资源定义,resourceFamily,Navigation,物理字段 ResourceFamilyId → ResourceFamily,,no_matching_swagger_schema
semiconductor_shared_support_ontology.json,semiconductor_shared_support,ResourceDef,资源定义,hvSetup,Navigation,物理字段 HVSetupId → HVResourceSetupHistory,,no_matching_swagger_schema
semiconductor_shared_support_ontology.json,semiconductor_shared_support,ResourceDef,资源定义,nickName,String,物理字段 NickName,,no_matching_swagger_schema
semiconductor_shared_support_ontology.json,semiconductor_shared_support,ResourceDef,资源定义,recipePattern,String,物理字段 RecipePattern,,no_matching_swagger_schema
semiconductor_shared_support_ontology.json,semiconductor_shared_support,ResourceDef,资源定义,useHvTraceability,Boolean,物理字段 UseHVTraceability,,no_matching_swagger_schema
semiconductor_shared_support_ontology.json,semiconductor_shared_support,ResourceDef,资源定义,factoryLevelIndex,Integer,物理字段 FactoryLevelIndex,,no_matching_swagger_schema
semiconductor_shared_support_ontology.json,semiconductor_shared_support,ResourceDef,资源定义,factoryLevel,Integer,物理字段 FactoryLevel,,no_matching_swagger_schema
semiconductor_shared_support_ontology.json,semiconductor_shared_support,ResourceDef,资源定义,smartScanRule,Navigation,物理字段 SmartScanRuleId → SmartScanRule,,no_matching_swagger_schema
semiconductor_shared_support_ontology.json,semiconductor_shared_support,ResourceDef,资源定义,filterTags,String,物理字段 FilterTags,,no_matching_swagger_schema
semiconductor_shared_support_ontology.json,semiconductor_shared_support,ResourceDef,资源定义,bom,Navigation,物理字段 BOMId → A_ResourceBOM,,no_matching_swagger_schema
semiconductor_shared_support_ontology.json,semiconductor_shared_support,ResourceDef,资源定义,bomBase,Integer,物理字段 BOMBaseId,,no_matching_swagger_schema
semiconductor_shared_support_ontology.json,semiconductor_shared_support,ResourceDef,资源定义,ssFeederPlan,Navigation,物理字段 ss_FeederPlanId → ss_FeederPlan,,no_matching_swagger_schema
semiconductor_shared_support_ontology.json,semiconductor_shared_support,ResourceDef,资源定义,ssFeederPlanBase,Integer,物理字段 ss_FeederPlanBaseId,,no_matching_swagger_schema
semiconductor_shared_support_ontology.json,semiconductor_shared_support,TargetSystem,目标系统,processingFolder,String,物理字段 ProcessingFolder,,no_matching_swagger_schema
semiconductor_shared_support_ontology.json,semiconductor_shared_support,TargetSystem,目标系统,camstarVersion,String,物理字段 CamstarVersion,,no_matching_swagger_schema
semiconductor_shared_support_ontology.json,semiconductor_shared_support,TargetSystem,目标系统,ipAddress,String,物理字段 IPAddress,,no_matching_swagger_schema
semiconductor_shared_support_ontology.json,semiconductor_shared_support,TargetSystem,目标系统,password,String,物理字段 Password,,no_matching_swagger_schema
semiconductor_shared_support_ontology.json,semiconductor_shared_support,TargetSystem,目标系统,port,Integer,物理字段 Port,,no_matching_swagger_schema
semiconductor_shared_support_ontology.json,semiconductor_shared_support,TargetSystem,目标系统,deliveryOption,Integer,物理字段 DeliveryOption,,no_matching_swagger_schema
semiconductor_shared_support_ontology.json,semiconductor_shared_support,TargetSystem,目标系统,folderLocation,String,物理字段 FolderLocation,,no_matching_swagger_schema
semiconductor_shared_support_ontology.json,semiconductor_shared_support,TargetSystem,目标系统,isSourceSystem,Boolean,物理字段 IsSourceSystem,,no_matching_swagger_schema
semiconductor_shared_support_ontology.json,semiconductor_shared_support,TargetSystem,目标系统,userName,String,物理字段 UserName,,no_matching_swagger_schema
semiconductor_shared_support_ontology.json,semiconductor_shared_support,TargetSystem,目标系统,iconId,Integer,物理字段 IconId,,no_matching_swagger_schema
semiconductor_shared_support_ontology.json,semiconductor_shared_support,TargetSystem,目标系统,changeHistory,Navigation,物理字段 ChangeHistoryId → ChangeStatus,,no_matching_swagger_schema
semiconductor_shared_support_ontology.json,semiconductor_shared_support,TargetSystem,目标系统,notes,String,物理字段 Notes,,no_matching_swagger_schema
semiconductor_shared_support_ontology.json,semiconductor_shared_support,TargetSystem,目标系统,name,String,物理字段 TargetSystemName,,no_matching_swagger_schema
semiconductor_shared_support_ontology.json,semiconductor_shared_support,TargetSystem,目标系统,description,String,物理字段 Description,,no_matching_swagger_schema
semiconductor_shared_support_ontology.json,semiconductor_shared_support,TargetSystem,目标系统,location,String,物理字段 Location,,no_matching_swagger_schema
semiconductor_shared_support_ontology.json,semiconductor_shared_support,TargetSystem,目标系统,isFrozen,Boolean,物理字段 IsFrozen,,no_matching_swagger_schema
semiconductor_shared_support_ontology.json,semiconductor_shared_support,TargetSystem,目标系统,serverType,String,物理字段 ServerType,,no_matching_swagger_schema
semiconductor_shared_support_ontology.json,semiconductor_shared_support,TargetSystem,目标系统,administrator,String,物理字段 Administrator,,no_matching_swagger_schema
semiconductor_shared_support_ontology.json,semiconductor_shared_support,TargetSystem,目标系统,mdbVersion,String,物理字段 MDBVersion,,no_matching_swagger_schema
semiconductor_shared_support_ontology.json,semiconductor_shared_support,TargetSystem,目标系统,dbHost,String,物理字段 DBHost,,no_matching_swagger_schema
semiconductor_shared_support_ontology.json,semiconductor_shared_support,TargetSystem,目标系统,dbPort,Integer,物理字段 DBPort,,no_matching_swagger_schema
semiconductor_shared_support_ontology.json,semiconductor_shared_support,TargetSystem,目标系统,dbSchema,String,物理字段 DBSchema,,no_matching_swagger_schema
semiconductor_shared_support_ontology.json,semiconductor_shared_support,TargetSystem,目标系统,dbUser,String,物理字段 DBUser,,no_matching_swagger_schema
semiconductor_shared_support_ontology.json,semiconductor_shared_support,TargetSystem,目标系统,dbPassword,String,物理字段 DBPassword,,no_matching_swagger_schema
semiconductor_shared_support_ontology.json,semiconductor_shared_support,TargetSystem,目标系统,dbName,String,物理字段 DBName,,no_matching_swagger_schema
semiconductor_shared_support_ontology.json,semiconductor_shared_support,TargetSystem,目标系统,adDomain,String,物理字段 ADDomain,,no_matching_swagger_schema
semiconductor_shared_support_ontology.json,semiconductor_shared_support,TargetSystem,目标系统,isNotACamstarServer,Boolean,物理字段 IsNotACamstarServer,,no_matching_swagger_schema
semiconductor_shared_support_ontology.json,semiconductor_shared_support,TargetSystem,目标系统,filterTags,String,物理字段 FilterTags,,no_matching_swagger_schema
semiconductor_shared_support_ontology.json,semiconductor_shared_support,BillType,清单类型,setupAccess,Navigation,物理字段 SetupAccessId → A_SetupAccess,,no_matching_swagger_schema
semiconductor_shared_support_ontology.json,semiconductor_shared_support,BillType,清单类型,changeHistory,Navigation,物理字段 ChangeHistoryId → ChangeStatus,,no_matching_swagger_schema
semiconductor_shared_support_ontology.json,semiconductor_shared_support,BillType,清单类型,name,String,物理字段 BillTypeName,,no_matching_swagger_schema
semiconductor_shared_support_ontology.json,semiconductor_shared_support,BillType,清单类型,isFrozen,Boolean,物理字段 IsFrozen,,no_matching_swagger_schema
semiconductor_shared_support_ontology.json,semiconductor_shared_support,BillType,清单类型,description,String,物理字段 Description,,no_matching_swagger_schema
semiconductor_shared_support_ontology.json,semiconductor_shared_support,BillType,清单类型,iconId,Integer,物理字段 IconId,,no_matching_swagger_schema
semiconductor_shared_support_ontology.json,semiconductor_shared_support,BillType,清单类型,notes,String,物理字段 Notes,,no_matching_swagger_schema
semiconductor_shared_support_ontology.json,semiconductor_shared_support,BillType,清单类型,filterTags,String,物理字段 FilterTags,,no_matching_swagger_schema
semiconductor_shared_support_ontology.json,semiconductor_shared_support,A_EmployeeGroup,员工组,changeHistory,Navigation,物理字段 ChangeHistoryId → ChangeStatus,,no_matching_swagger_schema
semiconductor_shared_support_ontology.json,semiconductor_shared_support,A_EmployeeGroup,员工组,iconId,Integer,物理字段 IconId,,no_matching_swagger_schema
semiconductor_shared_support_ontology.json,semiconductor_shared_support,A_EmployeeGroup,员工组,isFrozen,Boolean,物理字段 IsFrozen,,no_matching_swagger_schema
semiconductor_shared_support_ontology.json,semiconductor_shared_support,A_EmployeeGroup,员工组,description,String,物理字段 Description,,no_matching_swagger_schema
semiconductor_shared_support_ontology.json,semiconductor_shared_support,A_EmployeeGroup,员工组,notes,String,物理字段 Notes,,no_matching_swagger_schema
semiconductor_shared_support_ontology.json,semiconductor_shared_support,A_EmployeeGroup,员工组,name,String,物理字段 EmployeeGroupName,,no_matching_swagger_schema
semiconductor_shared_support_ontology.json,semiconductor_shared_support,A_EmployeeGroup,员工组,entryType,String,物理字段 EntryType,,no_matching_swagger_schema
semiconductor_shared_support_ontology.json,semiconductor_shared_support,A_EmployeeGroup,员工组,setupAccess,Navigation,物理字段 SetupAccessId → A_SetupAccess,,no_matching_swagger_schema
semiconductor_shared_support_ontology.json,semiconductor_shared_support,A_EmployeeGroup,员工组,filterTags,String,物理字段 FilterTags,,no_matching_swagger_schema
semiconductor_shared_support_ontology.json,semiconductor_shared_support,ApprovalSheetTemplate,审批单模板,setupAccess,Navigation,物理字段 SetupAccessId → A_SetupAccess,,no_matching_swagger_schema
semiconductor_shared_support_ontology.json,semiconductor_shared_support,ApprovalSheetTemplate,审批单模板,notes,String,物理字段 Notes,,no_matching_swagger_schema
semiconductor_shared_support_ontology.json,semiconductor_shared_support,ApprovalSheetTemplate,审批单模板,changeHistory,Navigation,物理字段 ChangeHistoryId → ChangeStatus,,no_matching_swagger_schema
semiconductor_shared_support_ontology.json,semiconductor_shared_support,ApprovalSheetTemplate,审批单模板,description,String,物理字段 Description,,no_matching_swagger_schema
semiconductor_shared_support_ontology.json,semiconductor_shared_support,ApprovalSheetTemplate,审批单模板,iconId,Integer,物理字段 IconId,,no_matching_swagger_schema
semiconductor_shared_support_ontology.json,semiconductor_shared_support,ApprovalSheetTemplate,审批单模板,isFrozen,Boolean,物理字段 IsFrozen,,no_matching_swagger_schema
semiconductor_shared_support_ontology.json,semiconductor_shared_support,ApprovalSheetTemplate,审批单模板,name,String,物理字段 ApprovalSheetTemplateName,,no_matching_swagger_schema
semiconductor_shared_support_ontology.json,semiconductor_shared_support,ApprovalSheetTemplate,审批单模板,approvalDecisionList,Navigation,物理字段 ApprovalDecisionListId → ApprovalDecisionList,,no_matching_swagger_schema
semiconductor_shared_support_ontology.json,semiconductor_shared_support,ApprovalSheetTemplate,审批单模板,generalInstructions,String,物理字段 GeneralInstructions,,no_matching_swagger_schema
semiconductor_shared_support_ontology.json,semiconductor_shared_support,ApprovalSheetTemplate,审批单模板,toStage,Integer,物理字段 ToStage,,no_matching_swagger_schema
semiconductor_shared_support_ontology.json,semiconductor_shared_support,ApprovalSheetTemplate,审批单模板,approvalRequired,Boolean,物理字段 ApprovalRequired,,no_matching_swagger_schema
semiconductor_shared_support_ontology.json,semiconductor_shared_support,ApprovalSheetTemplate,审批单模板,fromStage,Integer,物理字段 FromStage,,no_matching_swagger_schema
semiconductor_shared_support_ontology.json,semiconductor_shared_support,ApprovalSheetTemplate,审批单模板,filterTags,String,物理字段 FilterTags,,no_matching_swagger_schema
semiconductor_shared_support_ontology.json,semiconductor_shared_support,DataPointCollection,数据点集合,parent,Navigation,物理字段 ParentId → Container,,no_matching_swagger_schema
semiconductor_shared_support_ontology.json,semiconductor_shared_support,DataPointCollection,数据点集合,isFrozen,Boolean,物理字段 IsFrozen,,no_matching_swagger_schema
semiconductor_shared_support_ontology.json,semiconductor_shared_support,DataPointCollection,数据点集合,instructions,String,物理字段 Instructions,,no_matching_swagger_schema
semiconductor_shared_support_ontology.json,semiconductor_shared_support,DataPointCollection,数据点集合,name,String,物理字段 DataPointCollectionName,,no_matching_swagger_schema
semiconductor_shared_support_ontology.json,semiconductor_shared_support,CurrentStatus,当前状态,currentSpecPass,Integer,物理字段 CurrentSpecPass,,no_matching_swagger_schema
semiconductor_shared_support_ontology.json,semiconductor_shared_support,CurrentStatus,当前状态,lastSpecPass,Integer,物理字段 LastSpecPass,,no_matching_swagger_schema
semiconductor_shared_support_ontology.json,semiconductor_shared_support,CurrentStatus,当前状态,inRework,Boolean,物理字段 InRework,,no_matching_swagger_schema
semiconductor_shared_support_ontology.json,semiconductor_shared_support,CurrentStatus,当前状态,reworkLoopCount,Integer,物理字段 ReworkLoopCount,,no_matching_swagger_schema
semiconductor_shared_support_ontology.json,semiconductor_shared_support,CurrentStatus,当前状态,reworkTotalCount,Integer,物理字段 ReworkTotalCount,,no_matching_swagger_schema
semiconductor_shared_support_ontology.json,semiconductor_shared_support,CurrentStatus,当前状态,carrier,Navigation,物理字段 CarrierId → ResourceDef,,no_matching_swagger_schema
semiconductor_shared_support_ontology.json,semiconductor_shared_support,CurrentStatus,当前状态,spec,Navigation,物理字段 SpecId → Spec,,no_matching_swagger_schema
semiconductor_shared_support_ontology.json,semiconductor_shared_support,CurrentStatus,当前状态,stepEntryTxn,Integer,物理字段 StepEntryTxnId,,no_matching_swagger_schema
semiconductor_shared_support_ontology.json,semiconductor_shared_support,CurrentStatus,当前状态,currentStepPass,Integer,物理字段 CurrentStepPass,,no_matching_swagger_schema
semiconductor_shared_support_ontology.json,semiconductor_shared_support,CurrentStatus,当前状态,lastMoveDate,DateTime,物理字段 LastMoveDate,,no_matching_swagger_schema
semiconductor_shared_support_ontology.json,semiconductor_shared_support,CurrentStatus,当前状态,lastMoveDateGmt,DateTime,物理字段 LastMoveDateGMT,,no_matching_swagger_schema
semiconductor_shared_support_ontology.json,semiconductor_shared_support,CurrentStatus,当前状态,resource,Navigation,物理字段 ResourceId → ResourceDef,,no_matching_swagger_schema
semiconductor_shared_support_ontology.json,semiconductor_shared_support,CurrentStatus,当前状态,inProcess,Boolean,物理字段 InProcess,,no_matching_swagger_schema
semiconductor_shared_support_ontology.json,semiconductor_shared_support,CurrentStatus,当前状态,workflowStep,Navigation,物理字段 WorkflowStepId → WorkflowStep,,no_matching_swagger_schema
semiconductor_shared_support_ontology.json,semiconductor_shared_support,CurrentStatus,当前状态,factory,Navigation,物理字段 FactoryId → Factory,,no_matching_swagger_schema
semiconductor_shared_support_ontology.json,semiconductor_shared_support,CurrentStatus,当前状态,lastRevTxn,Integer,物理字段 LastRevTxnId,,no_matching_swagger_schema
semiconductor_shared_support_ontology.json,semiconductor_shared_support,CurrentStatus,当前状态,location,Navigation,物理字段 LocationId → Location,,no_matching_swagger_schema
semiconductor_shared_support_ontology.json,semiconductor_shared_support,CurrentStatus,当前状态,lastCompletedTask,Integer,物理字段 LastCompletedTaskId,,no_matching_swagger_schema
semiconductor_shared_support_ontology.json,semiconductor_shared_support,CurrentStatus,当前状态,initialRecipeList,Navigation,物理字段 InitialRecipeListId → RecipeList,,no_matching_swagger_schema
semiconductor_shared_support_ontology.json,semiconductor_shared_support,CurrentStatus,当前状态,loopPass,Integer,物理字段 LoopPass,,no_matching_swagger_schema
semiconductor_shared_support_ontology.json,semiconductor_shared_support,CurrentStatus,当前状态,inQueueTime,Float,物理字段 InQueueTime,,no_matching_swagger_schema
semiconductor_shared_support_ontology.json,semiconductor_shared_support,CurrentStatus,当前状态,timersCount,Integer,物理字段 TimersCount,,no_matching_swagger_schema
semiconductor_shared_support_ontology.json,semiconductor_shared_support,CurrentStatus,当前状态,workstation,Navigation,物理字段 WorkstationId → ResourceDef,,no_matching_swagger_schema
semiconductor_shared_support_ontology.json,semiconductor_shared_support,HoldStatus,Hold状态,holdMessage,String,物理字段 HoldMessage,,no_matching_swagger_schema
semiconductor_shared_support_ontology.json,semiconductor_shared_support,HoldStatus,Hold状态,onHold,Boolean,物理字段 OnHold,,no_matching_swagger_schema
semiconductor_shared_support_ontology.json,semiconductor_shared_support,HoldStatus,Hold状态,holdReason,Navigation,物理字段 HoldReasonId → HoldReason,,no_matching_swagger_schema
semiconductor_shared_support_ontology.json,semiconductor_shared_support,HoldStatus,Hold状态,onHoldDate,DateTime,物理字段 OnHoldDate,,no_matching_swagger_schema
semiconductor_shared_support_ontology.json,semiconductor_shared_support,HoldStatus,Hold状态,parent,Integer,物理字段 ParentId,,no_matching_swagger_schema
semiconductor_shared_support_ontology.json,semiconductor_shared_support,HoldStatus,Hold状态,name,String,物理字段 HoldStatusName,,no_matching_swagger_schema
semiconductor_shared_support_ontology.json,semiconductor_shared_support,HoldStatus,Hold状态,lastRevTxn,Integer,物理字段 LastRevTxnId,,no_matching_swagger_schema
semiconductor_shared_support_ontology.json,semiconductor_shared_support,HoldStatus,Hold状态,onHoldDateGmt,DateTime,物理字段 OnHoldDateGMT,,no_matching_swagger_schema
semiconductor_shared_support_ontology.json,semiconductor_shared_support,A_JobModel,作业模型,changeHistory,Navigation,物理字段 ChangeHistoryId → ChangeStatus,,no_matching_swagger_schema
semiconductor_shared_support_ontology.json,semiconductor_shared_support,A_JobModel,作业模型,jobType,Integer,物理字段 JobType,,no_matching_swagger_schema
semiconductor_shared_support_ontology.json,semiconductor_shared_support,A_JobModel,作业模型,setupAccess,Navigation,物理字段 SetupAccessId → A_SetupAccess,,no_matching_swagger_schema
semiconductor_shared_support_ontology.json,semiconductor_shared_support,A_JobModel,作业模型,description,String,物理字段 Description,,no_matching_swagger_schema
semiconductor_shared_support_ontology.json,semiconductor_shared_support,A_JobModel,作业模型,notes,String,物理字段 Notes,,no_matching_swagger_schema
semiconductor_shared_support_ontology.json,semiconductor_shared_support,A_JobModel,作业模型,documentSet,Navigation,物理字段 DocumentSetId → DocumentSet,,no_matching_swagger_schema
semiconductor_shared_support_ontology.json,semiconductor_shared_support,A_JobModel,作业模型,name,String,物理字段 JobModelName,,no_matching_swagger_schema
semiconductor_shared_support_ontology.json,semiconductor_shared_support,A_JobModel,作业模型,isFrozen,Boolean,物理字段 IsFrozen,,no_matching_swagger_schema
semiconductor_shared_support_ontology.json,semiconductor_shared_support,A_JobModel,作业模型,iconId,Integer,物理字段 IconId,,no_matching_swagger_schema
semiconductor_shared_support_ontology.json,semiconductor_shared_support,A_JobModel,作业模型,isSimpleMode,Boolean,物理字段 IsSimpleMode,,no_matching_swagger_schema
semiconductor_shared_support_ontology.json,semiconductor_shared_support,A_JobModel,作业模型,filterTags,String,物理字段 FilterTags,,no_matching_swagger_schema
semiconductor_shared_support_ontology.json,semiconductor_shared_support,ResourceStatusCodeGroup,资源状态代码组,setupAccess,Navigation,物理字段 SetupAccessId → A_SetupAccess,,no_matching_swagger_schema
semiconductor_shared_support_ontology.json,semiconductor_shared_support,ResourceStatusCodeGroup,资源状态代码组,notes,String,物理字段 Notes,,no_matching_swagger_schema
semiconductor_shared_support_ontology.json,semiconductor_shared_support,ResourceStatusCodeGroup,资源状态代码组,description,String,物理字段 Description,,no_matching_swagger_schema
semiconductor_shared_support_ontology.json,semiconductor_shared_support,ResourceStatusCodeGroup,资源状态代码组,isFrozen,Boolean,物理字段 IsFrozen,,no_matching_swagger_schema
semiconductor_shared_support_ontology.json,semiconductor_shared_support,ResourceStatusCodeGroup,资源状态代码组,entryType,String,物理字段 EntryType,,no_matching_swagger_schema
semiconductor_shared_support_ontology.json,semiconductor_shared_support,ResourceStatusCodeGroup,资源状态代码组,changeHistory,Navigation,物理字段 ChangeHistoryId → ChangeStatus,,no_matching_swagger_schema
semiconductor_shared_support_ontology.json,semiconductor_shared_support,ResourceStatusCodeGroup,资源状态代码组,iconId,Integer,物理字段 IconId,,no_matching_swagger_schema
semiconductor_shared_support_ontology.json,semiconductor_shared_support,ResourceStatusCodeGroup,资源状态代码组,name,String,物理字段 ResourceStatusCodeGroupName,,no_matching_swagger_schema
semiconductor_shared_support_ontology.json,semiconductor_shared_support,ResourceStatusCodeGroup,资源状态代码组,filterTags,String,物理字段 FilterTags,,no_matching_swagger_schema
semiconductor_shared_support_ontology.json,semiconductor_shared_support,Location,位置,factory,Navigation,物理字段 FactoryId → Factory,,no_matching_swagger_schema
semiconductor_shared_support_ontology.json,semiconductor_shared_support,Location,位置,isFrozen,Boolean,物理字段 IsFrozen,,no_matching_swagger_schema
semiconductor_shared_support_ontology.json,semiconductor_shared_support,Location,位置,iconId,Integer,物理字段 IconId,,no_matching_swagger_schema
semiconductor_shared_support_ontology.json,semiconductor_shared_support,Location,位置,status,Integer,物理字段 Status,,no_matching_swagger_schema
semiconductor_shared_support_ontology.json,semiconductor_shared_support,Location,位置,name,String,物理字段 LocationName,,no_matching_swagger_schema
semiconductor_shared_support_ontology.json,semiconductor_shared_support,Location,位置,description,String,物理字段 Description,,no_matching_swagger_schema
semiconductor_shared_support_ontology.json,semiconductor_shared_support,Location,位置,changeStatus,Navigation,物理字段 ChangeStatusId → ChangeStatus,,no_matching_swagger_schema
semiconductor_shipping_integration_ontology.json,semiconductor_shipping_integration,A_ShipErrors,出货错误配置,comments,String,物理字段 Comments,,no_matching_swagger_schema
semiconductor_shipping_integration_ontology.json,semiconductor_shipping_integration,A_ShipErrors,出货错误配置,changeHistory,Navigation,物理字段 ChangeHistoryId → ChangeStatus,,no_matching_swagger_schema
semiconductor_shipping_integration_ontology.json,semiconductor_shipping_integration,A_ShipErrors,出货错误配置,description,String,物理字段 Description,,no_matching_swagger_schema
semiconductor_shipping_integration_ontology.json,semiconductor_shipping_integration,A_ShipErrors,出货错误配置,iconId,Integer,物理字段 IconId,,no_matching_swagger_schema
semiconductor_shipping_integration_ontology.json,semiconductor_shipping_integration,A_ShipErrors,出货错误配置,isFrozen,Boolean,物理字段 IsFrozen,,no_matching_swagger_schema
semiconductor_shipping_integration_ontology.json,semiconductor_shipping_integration,A_ShipErrors,出货错误配置,containerName,String,物理字段 ContainerName,,no_matching_swagger_schema
semiconductor_shipping_integration_ontology.json,semiconductor_shipping_integration,A_ShipErrors,出货错误配置,errorMessage,String,物理字段 ErrorMessage,,no_matching_swagger_schema
semiconductor_shipping_integration_ontology.json,semiconductor_shipping_integration,A_ShipErrors,出货错误配置,notes,String,物理字段 Notes,,no_matching_swagger_schema
semiconductor_shipping_integration_ontology.json,semiconductor_shipping_integration,A_ShipErrors,出货错误配置,setupAccess,Navigation,物理字段 SetupAccessId → A_SetupAccess,,no_matching_swagger_schema
semiconductor_shipping_integration_ontology.json,semiconductor_shipping_integration,A_ShipErrors,出货错误配置,removeTimestamp,DateTime,物理字段 RemoveTimestamp,,no_matching_swagger_schema
semiconductor_shipping_integration_ontology.json,semiconductor_shipping_integration,A_ShipErrors,出货错误配置,reuseLot,Boolean,物理字段 ReuseLot,,no_matching_swagger_schema
semiconductor_shipping_integration_ontology.json,semiconductor_shipping_integration,A_ShipErrors,出货错误配置,removeService,String,物理字段 RemoveService,,no_matching_swagger_schema
semiconductor_shipping_integration_ontology.json,semiconductor_shipping_integration,A_ShipErrors,出货错误配置,removeUsername,String,物理字段 RemoveUsername,,no_matching_swagger_schema
semiconductor_shipping_integration_ontology.json,semiconductor_shipping_integration,A_ShipErrors,出货错误配置,errorTimestamp,DateTime,物理字段 ErrorTimestamp,,no_matching_swagger_schema
semiconductor_shipping_integration_ontology.json,semiconductor_shipping_integration,A_ShipErrors,出货错误配置,documentNumber,String,物理字段 DocumentNumber,,no_matching_swagger_schema
semiconductor_shipping_integration_ontology.json,semiconductor_shipping_integration,A_ShipErrors,出货错误配置,newContainerName,String,物理字段 NewContainerName,,no_matching_swagger_schema
semiconductor_shipping_integration_ontology.json,semiconductor_shipping_integration,A_ShipErrors,出货错误配置,username,String,物理字段 Username,,no_matching_swagger_schema
semiconductor_shipping_integration_ontology.json,semiconductor_shipping_integration,A_ShipErrors,出货错误配置,errorService,String,物理字段 ErrorService,,no_matching_swagger_schema
semiconductor_shipping_integration_ontology.json,semiconductor_shipping_integration,A_ShipErrors,出货错误配置,errorStatus,String,物理字段 ErrorStatus,,no_matching_swagger_schema
semiconductor_shipping_integration_ontology.json,semiconductor_shipping_integration,A_ShipErrors,出货错误配置,shipFromFactory,String,物理字段 ShipFromFactory,,no_matching_swagger_schema
semiconductor_shipping_integration_ontology.json,semiconductor_shipping_integration,A_ShipErrors,出货错误配置,shipmentNumber,String,物理字段 ShipmentNumber,,no_matching_swagger_schema
semiconductor_shipping_integration_ontology.json,semiconductor_shipping_integration,A_ShipErrors,出货错误配置,shipToFactory,String,物理字段 ShipToFactory,,no_matching_swagger_schema
semiconductor_shipping_integration_ontology.json,semiconductor_shipping_integration,A_ShipErrors,出货错误配置,shipToProcess,String,物理字段 ShipToProcess,,no_matching_swagger_schema
semiconductor_shipping_integration_ontology.json,semiconductor_shipping_integration,A_ShipErrors,出货错误配置,txnDate,DateTime,物理字段 TxnDate,,no_matching_swagger_schema
semiconductor_shipping_integration_ontology.json,semiconductor_shipping_integration,A_ShipErrors,出货错误配置,correctiveAction,String,物理字段 CorrectiveAction,,no_matching_swagger_schema
semiconductor_shipping_integration_ontology.json,semiconductor_shipping_integration,A_ShipErrors,出货错误配置,errorUsername,String,物理字段 ErrorUsername,,no_matching_swagger_schema
semiconductor_shipping_integration_ontology.json,semiconductor_shipping_integration,A_ShipErrors,出货错误配置,filterTags,String,物理字段 FilterTags,,no_matching_swagger_schema
semiconductor_shipping_integration_ontology.json,semiconductor_shipping_integration,A_ShipFromFactory,发货工厂,description,String,物理字段 Description,,no_matching_swagger_schema
semiconductor_shipping_integration_ontology.json,semiconductor_shipping_integration,A_ShipFromFactory,发货工厂,notes,String,物理字段 Notes,,no_matching_swagger_schema
semiconductor_shipping_integration_ontology.json,semiconductor_shipping_integration,A_ShipFromFactory,发货工厂,setupAccess,Navigation,物理字段 SetupAccessId → A_SetupAccess,,no_matching_swagger_schema
semiconductor_shipping_integration_ontology.json,semiconductor_shipping_integration,A_ShipFromFactory,发货工厂,changeHistory,Navigation,物理字段 ChangeHistoryId → ChangeStatus,,no_matching_swagger_schema
semiconductor_shipping_integration_ontology.json,semiconductor_shipping_integration,A_ShipFromFactory,发货工厂,iconId,Integer,物理字段 IconId,,no_matching_swagger_schema
semiconductor_shipping_integration_ontology.json,semiconductor_shipping_integration,A_ShipFromFactory,发货工厂,isFrozen,Boolean,物理字段 IsFrozen,,no_matching_swagger_schema
semiconductor_shipping_integration_ontology.json,semiconductor_shipping_integration,A_ShipFromFactory,发货工厂,name,String,物理字段 ShipFromFactoryName,,no_matching_swagger_schema
semiconductor_shipping_integration_ontology.json,semiconductor_shipping_integration,A_ShipFromFactory,发货工厂,emailGroup,Navigation,物理字段 EmailGroupId → A_EmailGroup,,no_matching_swagger_schema
semiconductor_shipping_integration_ontology.json,semiconductor_shipping_integration,A_ShipFromFactory,发货工厂,filterTags,String,物理字段 FilterTags,,no_matching_swagger_schema
semiconductor_shipping_integration_ontology.json,semiconductor_shipping_integration,A_ShipPlantCode,出货工厂代码,changeHistory,Navigation,物理字段 ChangeHistoryId → ChangeStatus,,no_matching_swagger_schema
semiconductor_shipping_integration_ontology.json,semiconductor_shipping_integration,A_ShipPlantCode,出货工厂代码,notes,String,物理字段 Notes,,no_matching_swagger_schema
semiconductor_shipping_integration_ontology.json,semiconductor_shipping_integration,A_ShipPlantCode,出货工厂代码,setupAccess,Navigation,物理字段 SetupAccessId → A_SetupAccess,,no_matching_swagger_schema
semiconductor_shipping_integration_ontology.json,semiconductor_shipping_integration,A_ShipPlantCode,出货工厂代码,description,String,物理字段 Description,,no_matching_swagger_schema
semiconductor_shipping_integration_ontology.json,semiconductor_shipping_integration,A_ShipPlantCode,出货工厂代码,iconId,Integer,物理字段 IconId,,no_matching_swagger_schema
semiconductor_shipping_integration_ontology.json,semiconductor_shipping_integration,A_ShipPlantCode,出货工厂代码,isFrozen,Boolean,物理字段 IsFrozen,,no_matching_swagger_schema
semiconductor_shipping_integration_ontology.json,semiconductor_shipping_integration,A_ShipPlantCode,出货工厂代码,name,String,物理字段 ShipPlantCodeName,,no_matching_swagger_schema
semiconductor_shipping_integration_ontology.json,semiconductor_shipping_integration,A_ShipPlantCode,出货工厂代码,filterTags,String,物理字段 FilterTags,,no_matching_swagger_schema
semiconductor_shipping_integration_ontology.json,semiconductor_shipping_integration,A_ShipToFactory,收货工厂,emailGroup,Navigation,物理字段 EmailGroupId → A_EmailGroup,,no_matching_swagger_schema
semiconductor_shipping_integration_ontology.json,semiconductor_shipping_integration,A_ShipToFactory,收货工厂,notes,String,物理字段 Notes,,no_matching_swagger_schema
semiconductor_shipping_integration_ontology.json,semiconductor_shipping_integration,A_ShipToFactory,收货工厂,setupAccess,Navigation,物理字段 SetupAccessId → A_SetupAccess,,no_matching_swagger_schema
semiconductor_shipping_integration_ontology.json,semiconductor_shipping_integration,A_ShipToFactory,收货工厂,address,String,物理字段 Address,,no_matching_swagger_schema
semiconductor_shipping_integration_ontology.json,semiconductor_shipping_integration,A_ShipToFactory,收货工厂,filterTags,String,物理字段 FilterTags,,no_matching_swagger_schema
semiconductor_shipping_integration_ontology.json,semiconductor_shipping_integration,A_ShipToFactory,收货工厂,changeHistory,Navigation,物理字段 ChangeHistoryId → ChangeStatus,,no_matching_swagger_schema
semiconductor_shipping_integration_ontology.json,semiconductor_shipping_integration,A_ShipToFactory,收货工厂,description,String,物理字段 Description,,no_matching_swagger_schema
semiconductor_shipping_integration_ontology.json,semiconductor_shipping_integration,A_ShipToFactory,收货工厂,isFrozen,Boolean,物理字段 IsFrozen,,no_matching_swagger_schema
semiconductor_shipping_integration_ontology.json,semiconductor_shipping_integration,A_ShipToFactory,收货工厂,iconId,Integer,物理字段 IconId,,no_matching_swagger_schema
semiconductor_shipping_integration_ontology.json,semiconductor_shipping_integration,A_ShipToFactory,收货工厂,name,String,物理字段 ShipToFactoryName,,no_matching_swagger_schema
semiconductor_shipping_integration_ontology.json,semiconductor_shipping_integration,A_ShipToProcess,出货目标工序,notes,String,物理字段 Notes,,no_matching_swagger_schema
semiconductor_shipping_integration_ontology.json,semiconductor_shipping_integration,A_ShipToProcess,出货目标工序,setupAccess,Navigation,物理字段 SetupAccessId → A_SetupAccess,,no_matching_swagger_schema
semiconductor_shipping_integration_ontology.json,semiconductor_shipping_integration,A_ShipToProcess,出货目标工序,description,String,物理字段 Description,,no_matching_swagger_schema
semiconductor_shipping_integration_ontology.json,semiconductor_shipping_integration,A_ShipToProcess,出货目标工序,iconId,Integer,物理字段 IconId,,no_matching_swagger_schema
semiconductor_shipping_integration_ontology.json,semiconductor_shipping_integration,A_ShipToProcess,出货目标工序,isFrozen,Boolean,物理字段 IsFrozen,,no_matching_swagger_schema
semiconductor_shipping_integration_ontology.json,semiconductor_shipping_integration,A_ShipToProcess,出货目标工序,name,String,物理字段 ShipToProcessName,,no_matching_swagger_schema
semiconductor_shipping_integration_ontology.json,semiconductor_shipping_integration,A_ShipToProcess,出货目标工序,changeHistory,Navigation,物理字段 ChangeHistoryId → ChangeStatus,,no_matching_swagger_schema
semiconductor_shipping_integration_ontology.json,semiconductor_shipping_integration,A_ShipToProcess,出货目标工序,filterTags,String,物理字段 FilterTags,,no_matching_swagger_schema
semiconductor_shipping_integration_ontology.json,semiconductor_shipping_integration,I_IntegrationMap,集成映射,stepLogicName,String,物理字段 StepLogicName,,no_matching_swagger_schema
semiconductor_shipping_integration_ontology.json,semiconductor_shipping_integration,I_IntegrationMap,集成映射,cdoName,String,物理字段 CDOName,,no_matching_swagger_schema
semiconductor_shipping_integration_ontology.json,semiconductor_shipping_integration,I_IntegrationMap,集成映射,notes,String,物理字段 Notes,,no_matching_swagger_schema
semiconductor_shipping_integration_ontology.json,semiconductor_shipping_integration,I_IntegrationMap,集成映射,specName,String,物理字段 SpecName,,no_matching_swagger_schema
semiconductor_shipping_integration_ontology.json,semiconductor_shipping_integration,I_IntegrationMap,集成映射,fromSpecName,String,物理字段 FromSpecName,,no_matching_swagger_schema
semiconductor_shipping_integration_ontology.json,semiconductor_shipping_integration,I_IntegrationMap,集成映射,changeHistory,Navigation,物理字段 ChangeHistoryId → ChangeStatus,,no_matching_swagger_schema
semiconductor_shipping_integration_ontology.json,semiconductor_shipping_integration,I_IntegrationMap,集成映射,description,String,物理字段 Description,,no_matching_swagger_schema
semiconductor_shipping_integration_ontology.json,semiconductor_shipping_integration,I_IntegrationMap,集成映射,iconId,Integer,物理字段 IconId,,no_matching_swagger_schema
semiconductor_shipping_integration_ontology.json,semiconductor_shipping_integration,I_IntegrationMap,集成映射,isFrozen,Boolean,物理字段 IsFrozen,,no_matching_swagger_schema
semiconductor_shipping_integration_ontology.json,semiconductor_shipping_integration,I_IntegrationMap,集成映射,integrationMapName,String,物理字段 IntegrationMapName,,no_matching_swagger_schema
semiconductor_shipping_integration_ontology.json,semiconductor_shipping_integration,I_IntegrationMap,集成映射,callByCdoName,String,物理字段 CallByCDOName,,no_matching_swagger_schema
semiconductor_shipping_integration_ontology.json,semiconductor_shipping_integration,I_IntegrationMap,集成映射,setupAccess,Navigation,物理字段 SetupAccessId → A_SetupAccess,,no_matching_swagger_schema
semiconductor_shipping_integration_ontology.json,semiconductor_shipping_integration,I_IntegrationMap,集成映射,filterTags,String,物理字段 FilterTags,,no_matching_swagger_schema
semiconductor_shipping_integration_ontology.json,semiconductor_shipping_integration,I_IntegrationPoint,集成点,description,String,物理字段 Description,,no_matching_swagger_schema
semiconductor_shipping_integration_ontology.json,semiconductor_shipping_integration,I_IntegrationPoint,集成点,notes,String,物理字段 Notes,,no_matching_swagger_schema
semiconductor_shipping_integration_ontology.json,semiconductor_shipping_integration,I_IntegrationPoint,集成点,setupAccess,Navigation,物理字段 SetupAccessId → A_SetupAccess,,no_matching_swagger_schema
semiconductor_shipping_integration_ontology.json,semiconductor_shipping_integration,I_IntegrationPoint,集成点,iconId,Integer,物理字段 IconId,,no_matching_swagger_schema
semiconductor_shipping_integration_ontology.json,semiconductor_shipping_integration,I_IntegrationPoint,集成点,isFrozen,Boolean,物理字段 IsFrozen,,no_matching_swagger_schema
semiconductor_shipping_integration_ontology.json,semiconductor_shipping_integration,I_IntegrationPoint,集成点,integrationPointName,String,物理字段 IntegrationPointName,,no_matching_swagger_schema
semiconductor_shipping_integration_ontology.json,semiconductor_shipping_integration,I_IntegrationPoint,集成点,changeHistory,Navigation,物理字段 ChangeHistoryId → ChangeStatus,,no_matching_swagger_schema
semiconductor_shipping_integration_ontology.json,semiconductor_shipping_integration,I_IntegrationPoint,集成点,filterTags,String,物理字段 FilterTags,,no_matching_swagger_schema
semiconductor_shipping_integration_ontology.json,semiconductor_shipping_integration,scsMapData,半导体Map数据,changeHistory,Navigation,物理字段 ChangeHistoryId → ChangeStatus,,no_matching_swagger_schema
semiconductor_shipping_integration_ontology.json,semiconductor_shipping_integration,scsMapData,半导体Map数据,isFrozen,Boolean,物理字段 IsFrozen,,no_matching_swagger_schema
semiconductor_shipping_integration_ontology.json,semiconductor_shipping_integration,scsMapData,半导体Map数据,setupAccess,Navigation,物理字段 SetupAccessId → A_SetupAccess,,no_matching_swagger_schema
semiconductor_shipping_integration_ontology.json,semiconductor_shipping_integration,scsMapData,半导体Map数据,iconId,Integer,物理字段 IconId,,no_matching_swagger_schema
semiconductor_shipping_integration_ontology.json,semiconductor_shipping_integration,scsMapData,半导体Map数据,notes,String,物理字段 Notes,,no_matching_swagger_schema
semiconductor_shipping_integration_ontology.json,semiconductor_shipping_integration,scsMapData,半导体Map数据,description,String,物理字段 Description,,no_matching_swagger_schema
semiconductor_shipping_integration_ontology.json,semiconductor_shipping_integration,scsMapData,半导体Map数据,filterTags,String,物理字段 FilterTags,,no_matching_swagger_schema
semiconductor_shipping_integration_ontology.json,semiconductor_shipping_integration,scsMapData,半导体Map数据,name,String,物理字段 scsMapDataName,,no_matching_swagger_schema
semiconductor_shipping_integration_ontology.json,semiconductor_shipping_integration,scsMapData,半导体Map数据,uploadDate,DateTime,物理字段 UploadDate,,no_matching_swagger_schema
semiconductor_shipping_integration_ontology.json,semiconductor_shipping_integration,scsQuantixMatrix,Quantix矩阵,name,String,物理字段 scsQuantixMatrixName,,no_matching_swagger_schema
semiconductor_shipping_integration_ontology.json,semiconductor_shipping_integration,scsQuantixMatrix,Quantix矩阵,ssWipStep,Navigation,物理字段 ss_WIPStepId → WorkflowStep,,no_matching_swagger_schema
semiconductor_shipping_integration_ontology.json,semiconductor_shipping_integration,scsQuantixMatrix,Quantix矩阵,ssWfStackSteps,String,物理字段 ss_WfStackSteps,,no_matching_swagger_schema
semiconductor_shipping_integration_ontology.json,semiconductor_shipping_integration,scsQuantixMatrix,Quantix矩阵,ssWfStackKey,String,物理字段 ss_WfStackKey,,no_matching_swagger_schema
semiconductor_shipping_integration_ontology.json,semiconductor_shipping_integration,scsQuantixMatrix,Quantix矩阵,scsProcessType,Navigation,物理字段 scsProcessTypeId → A_ProcessType,,no_matching_swagger_schema
semiconductor_shipping_integration_ontology.json,semiconductor_shipping_integration,scsQuantixMatrix,Quantix矩阵,processCapability,Navigation,物理字段 ProcessCapabilityId → A_ProcessCapability,,no_matching_swagger_schema
semiconductor_shipping_integration_ontology.json,semiconductor_shipping_integration,scsQuantixMatrix,Quantix矩阵,owner,Navigation,物理字段 OwnerId → Owner,,no_matching_swagger_schema
semiconductor_shipping_integration_ontology.json,semiconductor_shipping_integration,scsQuantixMatrix,Quantix矩阵,iconId,Integer,物理字段 IconId,,no_matching_swagger_schema
semiconductor_shipping_integration_ontology.json,semiconductor_shipping_integration,scsQuantixMatrix,Quantix矩阵,equipment,Navigation,物理字段 EquipmentId → ResourceDef,,no_matching_swagger_schema
semiconductor_shipping_integration_ontology.json,semiconductor_shipping_integration,scsQuantixMatrix,Quantix矩阵,scsQbinProgram,Boolean,物理字段 scsQBINProgram,,no_matching_swagger_schema
semiconductor_shipping_integration_ontology.json,semiconductor_shipping_integration,scsQuantixMatrix,Quantix矩阵,toolPlan,Navigation,物理字段 ToolPlanId → A_ToolPlan,,no_matching_swagger_schema
semiconductor_shipping_integration_ontology.json,semiconductor_shipping_integration,scsQuantixMatrix,Quantix矩阵,equipmentFamily,Navigation,物理字段 EquipmentFamilyId → ResourceFamily,,no_matching_swagger_schema
semiconductor_shipping_integration_ontology.json,semiconductor_shipping_integration,scsQuantixMatrix,Quantix矩阵,description,String,物理字段 Description,,no_matching_swagger_schema
semiconductor_shipping_integration_ontology.json,semiconductor_shipping_integration,scsQuantixMatrix,Quantix矩阵,changeHistory,Navigation,物理字段 ChangeHistoryId → ChangeStatus,,no_matching_swagger_schema
semiconductor_shipping_integration_ontology.json,semiconductor_shipping_integration,scsQuantixMatrix,Quantix矩阵,notes,String,物理字段 Notes,,no_matching_swagger_schema
semiconductor_shipping_integration_ontology.json,semiconductor_shipping_integration,scsQuantixMatrix,Quantix矩阵,filterTags,String,物理字段 FilterTags,,no_matching_swagger_schema
semiconductor_shipping_integration_ontology.json,semiconductor_shipping_integration,scsQuantixMatrix,Quantix矩阵,ssWipStepWorkflow,Navigation,物理字段 ss_WIPStepWorkflowId → Workflow,,no_matching_swagger_schema
semiconductor_shipping_integration_ontology.json,semiconductor_shipping_integration,scsQuantixMatrix,Quantix矩阵,isFrozen,Boolean,物理字段 IsFrozen,,no_matching_swagger_schema
semiconductor_shipping_integration_ontology.json,semiconductor_shipping_integration,scsQuantixMatrix,Quantix矩阵,setupAccess,Navigation,物理字段 SetupAccessId → A_SetupAccess,,no_matching_swagger_schema
semiconductor_shipping_integration_ontology.json,semiconductor_shipping_integration,scsQuantixMatrix,Quantix矩阵,ssWipStepMainWorkflowName,String,物理字段 ss_WIPStepMainWorkflowName,,no_matching_swagger_schema
semiconductor_shipping_integration_ontology.json,semiconductor_shipping_integration,scsQuantixMatrix,Quantix矩阵,scsQspmRecipe,Navigation,物理字段 scsQSPMRecipeId → scsQuantixRecipe,,no_matching_swagger_schema
semiconductor_shipping_integration_ontology.json,semiconductor_shipping_integration,scsQuantixMatrix,Quantix矩阵,scsQsyaRecipe,Navigation,物理字段 scsQSYARecipeId → scsQuantixRecipe,,no_matching_swagger_schema
semiconductor_shipping_integration_ontology.json,semiconductor_shipping_integration,scsQuantixMatrix,Quantix矩阵,scsQpatRecipe,Navigation,物理字段 scsQPATRecipeId → scsQuantixRecipe,,no_matching_swagger_schema
semiconductor_shipping_integration_ontology.json,semiconductor_shipping_integration,scsQuantixMatrix,Quantix矩阵,scsQoeeEnabled,Boolean,物理字段 scsQOEEEnabled,,no_matching_swagger_schema
semiconductor_shipping_integration_ontology.json,semiconductor_shipping_integration,scsQuantixMatrix,Quantix矩阵,processSpec,Navigation,物理字段 ProcessSpecId → A_ProcessSpec,,no_matching_swagger_schema
semiconductor_shipping_integration_ontology.json,semiconductor_shipping_integration,scsQuantixMatrix,Quantix矩阵,processSpecBase,Integer,物理字段 ProcessSpecBaseId,,no_matching_swagger_schema
semiconductor_shipping_integration_ontology.json,semiconductor_shipping_integration,scsQuantixMatrix,Quantix矩阵,product,Navigation,物理字段 ProductId → Product,,no_matching_swagger_schema
semiconductor_shipping_integration_ontology.json,semiconductor_shipping_integration,scsQuantixMatrix,Quantix矩阵,productBase,Integer,物理字段 ProductBaseId,,no_matching_swagger_schema
semiconductor_shipping_integration_ontology.json,semiconductor_shipping_integration,scsQuantixMatrix,Quantix矩阵,spec,Navigation,物理字段 SpecId → Spec,,no_matching_swagger_schema
semiconductor_shipping_integration_ontology.json,semiconductor_shipping_integration,scsQuantixMatrix,Quantix矩阵,specBase,Integer,物理字段 SpecBaseId,,no_matching_swagger_schema
semiconductor_shipping_integration_ontology.json,semiconductor_shipping_integration,scsQuantixRecipe,Quantix配方,scsSyaFailureHoldSetup,Navigation,物理字段 scsSYAFailureHoldSetupId → scsFailureHoldSetup,,no_matching_swagger_schema
semiconductor_shipping_integration_ontology.json,semiconductor_shipping_integration,scsQuantixRecipe,Quantix配方,notes,String,物理字段 Notes,,no_matching_swagger_schema
semiconductor_shipping_integration_ontology.json,semiconductor_shipping_integration,scsQuantixRecipe,Quantix配方,scsSpmFailureHoldSetup,Navigation,物理字段 scsSPMFailureHoldSetupId → scsFailureHoldSetup,,no_matching_swagger_schema
semiconductor_shipping_integration_ontology.json,semiconductor_shipping_integration,scsQuantixRecipe,Quantix配方,scsSpmFailureNcrSetup,Navigation,物理字段 scsSPMFailureNCRSetupId → ss_FailureNCRSetup,,no_matching_swagger_schema
semiconductor_shipping_integration_ontology.json,semiconductor_shipping_integration,scsQuantixRecipe,Quantix配方,scsSpmFailureFutureHoldSetup,Navigation,物理字段 scsSPMFailureFutureHoldSetupId → ss_FailureFutureHoldSetup,,no_matching_swagger_schema
semiconductor_shipping_integration_ontology.json,semiconductor_shipping_integration,scsQuantixRecipe,Quantix配方,scsSblFailureHoldSetup,Navigation,物理字段 scsSBLFailureHoldSetupId → scsFailureHoldSetup,,no_matching_swagger_schema
semiconductor_shipping_integration_ontology.json,semiconductor_shipping_integration,scsQuantixRecipe,Quantix配方,scsSblFailureFutureHoldSetup,Navigation,物理字段 scsSBLFailureFutureHoldSetupId → ss_FailureFutureHoldSetup,,no_matching_swagger_schema
semiconductor_shipping_integration_ontology.json,semiconductor_shipping_integration,scsQuantixRecipe,Quantix配方,scsSyaFailureNcrSetup,Navigation,物理字段 scsSYAFailureNCRSetupId → ss_FailureNCRSetup,,no_matching_swagger_schema
semiconductor_shipping_integration_ontology.json,semiconductor_shipping_integration,scsQuantixRecipe,Quantix配方,scsSyaFailureFutureHoldSetup,Navigation,物理字段 scsSYAFailureFutureHoldSetupId → ss_FailureFutureHoldSetup,,no_matching_swagger_schema
semiconductor_shipping_integration_ontology.json,semiconductor_shipping_integration,scsQuantixRecipe,Quantix配方,scsSblFailureNcrSetup,Navigation,物理字段 scsSBLFailureNCRSetupId → ss_FailureNCRSetup,,no_matching_swagger_schema
semiconductor_shipping_integration_ontology.json,semiconductor_shipping_integration,scsQuantixRecipe,Quantix配方,description,String,物理字段 Description,,no_matching_swagger_schema
semiconductor_shipping_integration_ontology.json,semiconductor_shipping_integration,scsQuantixRecipe,Quantix配方,filterTags,String,物理字段 FilterTags,,no_matching_swagger_schema
semiconductor_shipping_integration_ontology.json,semiconductor_shipping_integration,scsQuantixRecipe,Quantix配方,name,String,物理字段 scsQuantixRecipeName,,no_matching_swagger_schema
semiconductor_shipping_integration_ontology.json,semiconductor_shipping_integration,scsQuantixRecipe,Quantix配方,setupAccess,Navigation,物理字段 SetupAccessId → A_SetupAccess,,no_matching_swagger_schema
semiconductor_shipping_integration_ontology.json,semiconductor_shipping_integration,scsQuantixRecipe,Quantix配方,isFrozen,Boolean,物理字段 IsFrozen,,no_matching_swagger_schema
semiconductor_shipping_integration_ontology.json,semiconductor_shipping_integration,scsQuantixRecipe,Quantix配方,iconId,Integer,物理字段 IconId,,no_matching_swagger_schema
semiconductor_shipping_integration_ontology.json,semiconductor_shipping_integration,scsQuantixRecipe,Quantix配方,changeHistory,Navigation,物理字段 ChangeHistoryId → ChangeStatus,,no_matching_swagger_schema
semiconductor_shipping_integration_ontology.json,semiconductor_shipping_integration,scsStatusModel,半导体状态模型,statusModelName,String,物理字段 StatusModelName,,no_matching_swagger_schema
semiconductor_shipping_integration_ontology.json,semiconductor_shipping_integration,scsStatusModel,半导体状态模型,isFrozen,Boolean,物理字段 IsFrozen,,no_matching_swagger_schema
semiconductor_shipping_integration_ontology.json,semiconductor_shipping_integration,scsStatusModel,半导体状态模型,iconId,Integer,物理字段 IconId,,no_matching_swagger_schema
semiconductor_shipping_integration_ontology.json,semiconductor_shipping_integration,scsStatusModel,半导体状态模型,description,String,物理字段 Description,,no_matching_swagger_schema
semiconductor_shipping_integration_ontology.json,semiconductor_shipping_integration,scsStatusModel,半导体状态模型,changeHistory,Navigation,物理字段 ChangeHistoryId → ChangeStatus,,no_matching_swagger_schema
semiconductor_shipping_integration_ontology.json,semiconductor_shipping_integration,scsStatusModel,半导体状态模型,notes,String,物理字段 Notes,,no_matching_swagger_schema
semiconductor_shipping_integration_ontology.json,semiconductor_shipping_integration,scsStatusModel,半导体状态模型,setupAccess,Navigation,物理字段 SetupAccessId → A_SetupAccess,,no_matching_swagger_schema
semiconductor_shipping_integration_ontology.json,semiconductor_shipping_integration,scsStatusModel,半导体状态模型,filterTags,String,物理字段 FilterTags,,no_matching_swagger_schema
semiconductor_shipping_integration_ontology.json,semiconductor_shipping_integration,ss_Surveillance,过程监控,filterTags,String,物理字段 FilterTags,,no_matching_swagger_schema
semiconductor_shipping_integration_ontology.json,semiconductor_shipping_integration,ss_Surveillance,过程监控,description,String,物理字段 Description,,no_matching_swagger_schema
semiconductor_shipping_integration_ontology.json,semiconductor_shipping_integration,ss_Surveillance,过程监控,isFrozen,Boolean,物理字段 IsFrozen,,no_matching_swagger_schema
semiconductor_shipping_integration_ontology.json,semiconductor_shipping_integration,ss_Surveillance,过程监控,iconId,Integer,物理字段 IconId,,no_matching_swagger_schema
semiconductor_shipping_integration_ontology.json,semiconductor_shipping_integration,ss_Surveillance,过程监控,changeHistory,Navigation,物理字段 ChangeHistoryId → ChangeStatus,,no_matching_swagger_schema
semiconductor_shipping_integration_ontology.json,semiconductor_shipping_integration,ss_Surveillance,过程监控,notes,String,物理字段 Notes,,no_matching_swagger_schema
semiconductor_shipping_integration_ontology.json,semiconductor_shipping_integration,ss_Surveillance,过程监控,eco,String,物理字段 ECO,,no_matching_swagger_schema
semiconductor_shipping_integration_ontology.json,semiconductor_shipping_integration,ss_Surveillance,过程监控,ssSeedDate,DateTime,物理字段 ss_SeedDate,,no_matching_swagger_schema
semiconductor_shipping_integration_ontology.json,semiconductor_shipping_integration,ss_Surveillance,过程监控,wipMsgDefMgr,Navigation,物理字段 WIPMsgDefMgrId → WIPMsgDefMgr,,no_matching_swagger_schema
semiconductor_shipping_integration_ontology.json,semiconductor_shipping_integration,ss_Surveillance,过程监控,ssRecurringDateType,Integer,物理字段 ss_RecurringDateType,,no_matching_swagger_schema
semiconductor_shipping_integration_ontology.json,semiconductor_shipping_integration,ss_Surveillance,过程监控,ssWarningCount,Float,物理字段 ss_WarningCount,,no_matching_swagger_schema
semiconductor_shipping_integration_ontology.json,semiconductor_shipping_integration,ss_Surveillance,过程监控,ssToleranceCount,Float,物理字段 ss_ToleranceCount,,no_matching_swagger_schema
semiconductor_shipping_integration_ontology.json,semiconductor_shipping_integration,ss_Surveillance,过程监控,ssCount,Float,物理字段 ss_Count,,no_matching_swagger_schema
semiconductor_shipping_integration_ontology.json,semiconductor_shipping_integration,ss_Surveillance,过程监控,ssWarningPeriod,Float,物理字段 ss_WarningPeriod,,no_matching_swagger_schema
semiconductor_shipping_integration_ontology.json,semiconductor_shipping_integration,ss_Surveillance,过程监控,ssFirstSurvDateDueGmt,DateTime,物理字段 ss_FirstSurvDateDueGMT,,no_matching_swagger_schema
semiconductor_shipping_integration_ontology.json,semiconductor_shipping_integration,ss_Surveillance,过程监控,ssCalculatedEndDate,DateTime,物理字段 ss_CalculatedEndDate,,no_matching_swagger_schema
semiconductor_shipping_integration_ontology.json,semiconductor_shipping_integration,ss_Surveillance,过程监控,ssCalculatedEndDateGmt,DateTime,物理字段 ss_CalculatedEndDateGMT,,no_matching_swagger_schema
semiconductor_shipping_integration_ontology.json,semiconductor_shipping_integration,ss_Surveillance,过程监控,ssEndDateGmt,DateTime,物理字段 ss_EndDateGMT,,no_matching_swagger_schema
semiconductor_shipping_integration_ontology.json,semiconductor_shipping_integration,ss_Surveillance,过程监控,revision,String,物理字段 Revision,,no_matching_swagger_schema
semiconductor_shipping_integration_ontology.json,semiconductor_shipping_integration,ss_Surveillance,过程监控,status,Integer,物理字段 Status,,no_matching_swagger_schema
semiconductor_shipping_integration_ontology.json,semiconductor_shipping_integration,ss_Surveillance,过程监控,ssSurveillanceReason,Navigation,物理字段 ss_SurveillanceReasonId → ss_SurveillanceReason,,no_matching_swagger_schema
semiconductor_shipping_integration_ontology.json,semiconductor_shipping_integration,ss_Surveillance,过程监控,ssPendingEmailText,String,物理字段 ss_PendingEmailText,,no_matching_swagger_schema
semiconductor_shipping_integration_ontology.json,semiconductor_shipping_integration,ss_Surveillance,过程监控,ssEndDate,DateTime,物理字段 ss_EndDate,,no_matching_swagger_schema
semiconductor_shipping_integration_ontology.json,semiconductor_shipping_integration,ss_Surveillance,过程监控,ssSurveillanceBase,Navigation,物理字段 ss_SurveillanceBaseId → ss_SurveillanceBase,,no_matching_swagger_schema
semiconductor_shipping_integration_ontology.json,semiconductor_shipping_integration,ss_Surveillance,过程监控,ssSeedDateGmt,DateTime,物理字段 ss_SeedDateGMT,,no_matching_swagger_schema
semiconductor_shipping_integration_ontology.json,semiconductor_shipping_integration,ss_Surveillance,过程监控,setupAccess,Navigation,物理字段 SetupAccessId → A_SetupAccess,,no_matching_swagger_schema
semiconductor_shipping_integration_ontology.json,semiconductor_shipping_integration,ss_Surveillance,过程监控,ssTolerancePeriod,Float,物理字段 ss_TolerancePeriod,,no_matching_swagger_schema
semiconductor_shipping_integration_ontology.json,semiconductor_shipping_integration,ss_Surveillance,过程监控,ssFirstSurvDateDue,DateTime,物理字段 ss_FirstSurvDateDue,,no_matching_swagger_schema
semiconductor_shipping_integration_ontology.json,semiconductor_shipping_integration,ss_Surveillance,过程监控,ssDayOfWeek,Integer,物理字段 ss_DayOfWeek,,no_matching_swagger_schema
semiconductor_shipping_integration_ontology.json,semiconductor_shipping_integration,ss_Surveillance,过程监控,ssDataCollection,Navigation,物理字段 ss_DataCollectionDefId → DataCollectionDef,,no_matching_swagger_schema
semiconductor_shipping_integration_ontology.json,semiconductor_shipping_integration,ss_Surveillance,过程监控,ssFrequency,Integer,物理字段 ss_Frequency,,no_matching_swagger_schema
semiconductor_shipping_integration_ontology.json,semiconductor_shipping_integration,ss_Surveillance,过程监控,ssDueEmailText,String,物理字段 ss_DueEmailText,,no_matching_swagger_schema
semiconductor_shipping_integration_ontology.json,semiconductor_shipping_integration,ss_Surveillance,过程监控,ssPastDueEmailText,String,物理字段 ss_PastDueEmailText,,no_matching_swagger_schema
semiconductor_shipping_integration_ontology.json,semiconductor_shipping_integration,ss_Surveillance,过程监控,ssDayOfMonth,Integer,物理字段 ss_DayOfMonth,,no_matching_swagger_schema
semiconductor_shipping_integration_ontology.json,semiconductor_shipping_integration,ss_Surveillance,过程监控,ssRecurringDatePattern,Integer,物理字段 ss_RecurringDatePattern,,no_matching_swagger_schema
semiconductor_shipping_integration_ontology.json,semiconductor_shipping_integration,ss_Surveillance,过程监控,ssOccurrences,Integer,物理字段 ss_Occurrences,,no_matching_swagger_schema
semiconductor_shipping_integration_ontology.json,semiconductor_shipping_integration,ss_Surveillance,过程监控,ssMonthOfYear,Integer,物理字段 ss_MonthOfYear,,no_matching_swagger_schema
semiconductor_shipping_integration_ontology.json,semiconductor_shipping_integration,ss_SurveillanceReason,监控原因,instanceLocked,Boolean,物理字段 InstanceLocked,,no_matching_swagger_schema
semiconductor_shipping_integration_ontology.json,semiconductor_shipping_integration,ss_SurveillanceReason,监控原因,filterTags,String,物理字段 FilterTags,,no_matching_swagger_schema
semiconductor_shipping_integration_ontology.json,semiconductor_shipping_integration,ss_SurveillanceReason,监控原因,associatedPackages,Integer,物理字段 AssociatedPackages,,no_matching_swagger_schema
semiconductor_shipping_integration_ontology.json,semiconductor_shipping_integration,ss_SurveillanceReason,监控原因,name,String,物理字段 ss_SurveillanceReasonName,,no_matching_swagger_schema
semiconductor_shipping_integration_ontology.json,semiconductor_shipping_integration,ss_SurveillanceReason,监控原因,setupAccess,Navigation,物理字段 SetupAccessId → A_SetupAccess,,no_matching_swagger_schema
semiconductor_shipping_integration_ontology.json,semiconductor_shipping_integration,ss_SurveillanceReason,监控原因,isFrozen,Boolean,物理字段 IsFrozen,,no_matching_swagger_schema
semiconductor_shipping_integration_ontology.json,semiconductor_shipping_integration,ss_SurveillanceReason,监控原因,iconId,Integer,物理字段 IconId,,no_matching_swagger_schema
semiconductor_shipping_integration_ontology.json,semiconductor_shipping_integration,ss_SurveillanceReason,监控原因,description,String,物理字段 Description,,no_matching_swagger_schema
semiconductor_shipping_integration_ontology.json,semiconductor_shipping_integration,ss_SurveillanceReason,监控原因,changeHistory,Navigation,物理字段 ChangeHistoryId → ChangeStatus,,no_matching_swagger_schema
semiconductor_shipping_integration_ontology.json,semiconductor_shipping_integration,ss_SurveillanceReason,监控原因,notes,String,物理字段 Notes,,no_matching_swagger_schema
semiconductor_shipping_integration_ontology.json,semiconductor_shipping_integration,ss_TrackLabel,追踪标签,lastTxnTimestamp,DateTime,物理字段 LastTxnTimestamp,,no_matching_swagger_schema
semiconductor_shipping_integration_ontology.json,semiconductor_shipping_integration,ss_TrackLabel,追踪标签,generateAt,Integer,物理字段 GenerateAt,,no_matching_swagger_schema
semiconductor_shipping_integration_ontology.json,semiconductor_shipping_integration,ss_TrackLabel,追踪标签,printingSetup,Navigation,物理字段 PrintingSetupId → A_PrintingSetup,,no_matching_swagger_schema
semiconductor_shipping_integration_ontology.json,semiconductor_shipping_integration,ss_TrackLabel,追踪标签,parentId,String,物理字段 ParentID,,no_matching_swagger_schema
semiconductor_shipping_integration_ontology.json,semiconductor_shipping_integration,ss_TrackLabel,追踪标签,spec,Navigation,物理字段 SpecId → Spec,,no_matching_swagger_schema
semiconductor_shipping_integration_ontology.json,semiconductor_shipping_integration,ss_TrackLabel,追踪标签,numberOfLabels,Integer,物理字段 NumberOfLabels,,no_matching_swagger_schema
semiconductor_shipping_integration_ontology.json,semiconductor_shipping_integration,ss_TrackLabel,追踪标签,ssLabelSetup,Navigation,物理字段 ss_LabelSetupId → ss_LabelSetup,,no_matching_swagger_schema
semiconductor_shipping_integration_ontology.json,semiconductor_shipping_integration,ss_TrackLabel,追踪标签,ssLabelPlan,Navigation,物理字段 ss_LabelPlanId → ss_LabelPlan,,no_matching_swagger_schema
semiconductor_shipping_integration_ontology.json,semiconductor_shipping_integration,ss_TrackLabel,追踪标签,trackLabelId,String,物理字段 TrackLabelID,,no_matching_swagger_schema
semiconductor_shipping_integration_ontology.json,semiconductor_shipping_integration,ss_TrackLabel,追踪标签,name,String,物理字段 ss_TrackLabelName,,no_matching_swagger_schema
semiconductor_shipping_integration_ontology.json,semiconductor_shipping_integration,ss_TrackLabel,追踪标签,iconId,Integer,物理字段 IconId,,no_matching_swagger_schema
semiconductor_shipping_integration_ontology.json,semiconductor_shipping_integration,ss_TrackLabel,追踪标签,setupAccess,Navigation,物理字段 SetupAccessId → A_SetupAccess,,no_matching_swagger_schema
semiconductor_shipping_integration_ontology.json,semiconductor_shipping_integration,ss_TrackLabel,追踪标签,description,String,物理字段 Description,,no_matching_swagger_schema
semiconductor_shipping_integration_ontology.json,semiconductor_shipping_integration,ss_TrackLabel,追踪标签,changeHistory,Navigation,物理字段 ChangeHistoryId → ChangeStatus,,no_matching_swagger_schema
semiconductor_shipping_integration_ontology.json,semiconductor_shipping_integration,ss_TrackLabel,追踪标签,notes,String,物理字段 Notes,,no_matching_swagger_schema
semiconductor_shipping_integration_ontology.json,semiconductor_shipping_integration,ss_TrackLabel,追踪标签,ssLabelType,Navigation,物理字段 ss_LabelTypeId → ss_LabelType,,no_matching_swagger_schema
semiconductor_shipping_integration_ontology.json,semiconductor_shipping_integration,ss_TrackLabel,追踪标签,isFrozen,Boolean,物理字段 IsFrozen,,no_matching_swagger_schema
semiconductor_shipping_integration_ontology.json,semiconductor_shipping_integration,ss_TrackLabel,追踪标签,levelId,Integer,物理字段 LevelID,,no_matching_swagger_schema
semiconductor_shipping_integration_ontology.json,semiconductor_shipping_integration,ss_TrackLabel,追踪标签,totalQtyGenerated,Float,物理字段 TotalQtyGenerated,,no_matching_swagger_schema
semiconductor_shipping_integration_ontology.json,semiconductor_shipping_integration,ss_TrackLabel,追踪标签,ssTrackLabelStatus,Integer,物理字段 ss_TrackLabelStatus,,no_matching_swagger_schema
semiconductor_shipping_integration_ontology.json,semiconductor_shipping_integration,ss_TrackLabel,追踪标签,filterTags,String,物理字段 FilterTags,,no_matching_swagger_schema
semiconductor_spc_quality_details_ontology.json,semiconductor_spc_quality_details,A_SPCMatrixParams,SPC矩阵参数,spcMatrix,Navigation,物理字段 SPCMatrixId → A_SPCMatrix,,no_matching_swagger_schema
semiconductor_spc_quality_details_ontology.json,semiconductor_spc_quality_details,A_SPCMatrixParams,SPC矩阵参数,paramValue,String,物理字段 ParamValue,,no_matching_swagger_schema
semiconductor_spc_quality_details_ontology.json,semiconductor_spc_quality_details,A_SPCMatrixParams,SPC矩阵参数,isFrozen,Boolean,物理字段 IsFrozen,,no_matching_swagger_schema
semiconductor_spc_quality_details_ontology.json,semiconductor_spc_quality_details,A_SPCMatrixParams,SPC矩阵参数,spcSetupDetailsName,String,物理字段 SPCSetupDetailsName,,no_matching_swagger_schema
semiconductor_spc_quality_details_ontology.json,semiconductor_spc_quality_details,A_SPCMatrixParams,SPC矩阵参数,paramName,String,物理字段 ParamName,,no_matching_swagger_schema
semiconductor_spc_quality_details_ontology.json,semiconductor_spc_quality_details,A_SPCMatrixParams,SPC矩阵参数,displaySequence,Integer,物理字段 DisplaySequence,,no_matching_swagger_schema
semiconductor_spc_quality_details_ontology.json,semiconductor_spc_quality_details,A_SPCRulesParams,SPC规则参数,spcRules,Navigation,物理字段 SPCRulesId → A_SPCRules,,no_matching_swagger_schema
semiconductor_spc_quality_details_ontology.json,semiconductor_spc_quality_details,A_SPCRulesParams,SPC规则参数,isFrozen,Boolean,物理字段 IsFrozen,,no_matching_swagger_schema
semiconductor_spc_quality_details_ontology.json,semiconductor_spc_quality_details,A_SPCRulesParams,SPC规则参数,displaySequence,Integer,物理字段 DisplaySequence,,no_matching_swagger_schema
semiconductor_spc_quality_details_ontology.json,semiconductor_spc_quality_details,A_SPCRulesParams,SPC规则参数,paramName,String,物理字段 ParamName,,no_matching_swagger_schema
semiconductor_spc_quality_details_ontology.json,semiconductor_spc_quality_details,A_SPCRulesParams,SPC规则参数,defaultValue,String,物理字段 DefaultValue,,no_matching_swagger_schema
semiconductor_spc_quality_details_ontology.json,semiconductor_spc_quality_details,A_SPCSetupDetails,SPC配置明细,spcSetup,Navigation,物理字段 SPCSetupId → A_SPCSetup,,no_matching_swagger_schema
semiconductor_spc_quality_details_ontology.json,semiconductor_spc_quality_details,A_SPCSetupDetails,SPC配置明细,isFrozen,Boolean,物理字段 IsFrozen,,no_matching_swagger_schema
semiconductor_spc_quality_details_ontology.json,semiconductor_spc_quality_details,A_SPCSetupDetails,SPC配置明细,displaySequence,Integer,物理字段 DisplaySequence,,no_matching_swagger_schema
semiconductor_spc_quality_details_ontology.json,semiconductor_spc_quality_details,A_SPCSetupDetails,SPC配置明细,spcRules,Navigation,物理字段 SPCRulesId → A_SPCRules,,no_matching_swagger_schema
semiconductor_spc_quality_details_ontology.json,semiconductor_spc_quality_details,A_SPCSetupDetails,SPC配置明细,spcChart,Navigation,物理字段 SPCChartId → A_SPCChart,,no_matching_swagger_schema
semiconductor_spc_quality_details_ontology.json,semiconductor_spc_quality_details,A_SPCSetupDetails,SPC配置明细,failureAction,String,物理字段 FailureAction,,no_matching_swagger_schema
semiconductor_spc_quality_details_ontology.json,semiconductor_spc_quality_details,A_SPCSetupDetails,SPC配置明细,name,String,物理字段 SPCSetupDetailsName,,no_matching_swagger_schema
semiconductor_spc_quality_details_ontology.json,semiconductor_spc_quality_details,A_SPCSetupDetails,SPC配置明细,scsLegendLocation,Integer,物理字段 scsLegendLocation,,no_matching_swagger_schema
semiconductor_spc_quality_details_ontology.json,semiconductor_spc_quality_details,A_SPCSetupDetails,SPC配置明细,scsResolvedTitle,String,物理字段 scsResolvedTitle,,no_matching_swagger_schema
semiconductor_spc_quality_details_ontology.json,semiconductor_spc_quality_details,A_SPCSetupDetails,SPC配置明细,spcChartTypeInline,Navigation,物理字段 SPCChartTypeInlineId → A_SPCChart,,no_matching_swagger_schema
semiconductor_spc_quality_details_ontology.json,semiconductor_spc_quality_details,A_SPCSetupDetails,SPC配置明细,scsDvnResolvedValue,String,物理字段 scsDVNResolvedValue,,no_matching_swagger_schema
semiconductor_spc_quality_details_ontology.json,semiconductor_spc_quality_details,A_SPCSetupDetails,SPC配置明细,scsSpcQueryOverride,Navigation,物理字段 scsSPCQueryOverrideId → UserQuery,,no_matching_swagger_schema
semiconductor_spc_quality_details_ontology.json,semiconductor_spc_quality_details,A_SPCSetupDetails,SPC配置明细,scsDvnOverride,String,物理字段 scsDVNOverride,,no_matching_swagger_schema
semiconductor_spc_quality_details_ontology.json,semiconductor_spc_quality_details,A_SPCSetupDetails,SPC配置明细,scsRslOverride,Integer,物理字段 scsRSLOverride,,no_matching_swagger_schema
semiconductor_spc_quality_details_ontology.json,semiconductor_spc_quality_details,A_SPCSetupDetails,SPC配置明细,scsDvnIsDynamic,Boolean,物理字段 scsDVNIsDynamic,,no_matching_swagger_schema
semiconductor_spc_quality_details_ontology.json,semiconductor_spc_quality_details,A_SPCSetupDetails,SPC配置明细,scsReqOverrideAnnotations,Boolean,物理字段 scsReqOverrideAnnotations,,no_matching_swagger_schema
semiconductor_spc_quality_details_ontology.json,semiconductor_spc_quality_details,A_SPCSetupDetails,SPC配置明细,ssFailureFutureHoldSetup,Navigation,物理字段 ss_FailureFutureHoldSetupId → ss_FailureFutureHoldSetup,,no_matching_swagger_schema
semiconductor_spc_quality_details_ontology.json,semiconductor_spc_quality_details,A_SPCSetupDetails,SPC配置明细,ssFailureNcrSetup,Navigation,物理字段 ss_FailureNCRSetupId → ss_FailureNCRSetup,,no_matching_swagger_schema
semiconductor_spc_quality_details_ontology.json,semiconductor_spc_quality_details,A_SPCSetupDetails,SPC配置明细,ssFailureHoldReason,Navigation,物理字段 ss_FailureHoldReasonId → HoldReason,,no_matching_swagger_schema
semiconductor_spc_quality_details_ontology.json,semiconductor_spc_quality_details,A_SPCSetupDetails,SPC配置明细,ssAnnvarTertiaryValue,String,物理字段 ss_ANNVARTertiaryValue,,no_matching_swagger_schema
semiconductor_spc_quality_details_ontology.json,semiconductor_spc_quality_details,A_SPCSetupDetails,SPC配置明细,ssXAxisTrendValue,String,物理字段 ss_XAxisTrendValue,,no_matching_swagger_schema
semiconductor_spc_quality_details_ontology.json,semiconductor_spc_quality_details,A_SPCSetupDetails,SPC配置明细,ssDataValue,String,物理字段 ss_DataValue,,no_matching_swagger_schema
semiconductor_spc_quality_details_ontology.json,semiconductor_spc_quality_details,A_SPCSetupDetails,SPC配置明细,ssSpcRuleDataPointAnalysisMet,String,物理字段 ss_SPCRuleDataPointAnalysisMet,,no_matching_swagger_schema
semiconductor_spc_quality_details_ontology.json,semiconductor_spc_quality_details,A_SPCSetupDetails,SPC配置明细,ssDisplayHistoricalLimits,Boolean,物理字段 ss_DisplayHistoricalLimits,,no_matching_swagger_schema
semiconductor_spc_quality_details_ontology.json,semiconductor_spc_quality_details,A_SPCSetupDetails,SPC配置明细,ssSubgroupPlotMethod,String,物理字段 ss_SubgroupPlotMethod,,no_matching_swagger_schema
semiconductor_spc_quality_details_ontology.json,semiconductor_spc_quality_details,A_SPCSetupDetails,SPC配置明细,ssXAxisDisplayValue,String,物理字段 ss_XAxisDisplayValue,,no_matching_swagger_schema
semiconductor_spc_quality_details_ontology.json,semiconductor_spc_quality_details,A_SPCSetupDetails,SPC配置明细,ssAnnvarPrimaryValue,String,物理字段 ss_ANNVARPrimaryValue,,no_matching_swagger_schema
semiconductor_spc_quality_details_ontology.json,semiconductor_spc_quality_details,A_SPCSetupDetails,SPC配置明细,ssIsYVariable,Boolean,物理字段 ss_IsYVariable,,no_matching_swagger_schema
semiconductor_spc_quality_details_ontology.json,semiconductor_spc_quality_details,A_SPCSetupDetails,SPC配置明细,ssAnnvarSecondaryValue,String,物理字段 ss_ANNVARSecondaryValue,,no_matching_swagger_schema
semiconductor_spc_quality_details_ontology.json,semiconductor_spc_quality_details,A_SPCSetupDetailsInlineParam,SPC内联参数,paramValue,String,物理字段 ParamValue,,no_matching_swagger_schema
semiconductor_spc_quality_details_ontology.json,semiconductor_spc_quality_details,A_SPCSetupDetailsInlineParam,SPC内联参数,spcSetupDetailsIlParamsName,String,物理字段 SPCSetupDetailsILParamsName,,no_matching_swagger_schema
semiconductor_spc_quality_details_ontology.json,semiconductor_spc_quality_details,A_SPCSetupDetailsInlineParam,SPC内联参数,spcSetupDetails,Navigation,物理字段 SPCSetupDetailsId → A_SPCSetupDetails,,no_matching_swagger_schema
semiconductor_spc_quality_details_ontology.json,semiconductor_spc_quality_details,A_SPCSetupDetailsInlineParam,SPC内联参数,displaySequence,Integer,物理字段 DisplaySequence,,no_matching_swagger_schema
semiconductor_spc_quality_details_ontology.json,semiconductor_spc_quality_details,A_SPCSetupDetailsInlineParam,SPC内联参数,isFrozen,Boolean,物理字段 IsFrozen,,no_matching_swagger_schema
semiconductor_spc_quality_details_ontology.json,semiconductor_spc_quality_details,A_SPCSetupDetailsInlineParam,SPC内联参数,paramType,String,物理字段 ParamType,,no_matching_swagger_schema
semiconductor_spc_quality_details_ontology.json,semiconductor_spc_quality_details,A_SPCSetupDetailsInlineParam,SPC内联参数,allowMatrixOverride,Boolean,物理字段 AllowMatrixOverride,,no_matching_swagger_schema
semiconductor_spc_quality_details_ontology.json,semiconductor_spc_quality_details,A_SPCSetupDetailsInlineParam,SPC内联参数,paramName,String,物理字段 ParamName,,no_matching_swagger_schema
semiconductor_spc_quality_details_ontology.json,semiconductor_spc_quality_details,A_SPCSetupDetailsParams,SPC明细参数,paramValue,String,物理字段 ParamValue,,no_matching_swagger_schema
semiconductor_spc_quality_details_ontology.json,semiconductor_spc_quality_details,A_SPCSetupDetailsParams,SPC明细参数,spcSetupDetails,Navigation,物理字段 SPCSetupDetailsId → A_SPCSetupDetails,,no_matching_swagger_schema
semiconductor_spc_quality_details_ontology.json,semiconductor_spc_quality_details,A_SPCSetupDetailsParams,SPC明细参数,paramName,String,物理字段 ParamName,,no_matching_swagger_schema
semiconductor_spc_quality_details_ontology.json,semiconductor_spc_quality_details,A_SPCSetupDetailsParams,SPC明细参数,paramType,String,物理字段 ParamType,,no_matching_swagger_schema
semiconductor_spc_quality_details_ontology.json,semiconductor_spc_quality_details,A_SPCSetupDetailsParams,SPC明细参数,isFrozen,Boolean,物理字段 IsFrozen,,no_matching_swagger_schema
semiconductor_spc_quality_details_ontology.json,semiconductor_spc_quality_details,A_SPCSetupDetailsParams,SPC明细参数,displaySequence,Integer,物理字段 DisplaySequence,,no_matching_swagger_schema
semiconductor_spc_quality_details_ontology.json,semiconductor_spc_quality_details,A_SPCSetupDetailsParams,SPC明细参数,allowMatrixOverride,Boolean,物理字段 AllowMatrixOverride,,no_matching_swagger_schema
semiconductor_spc_quality_details_ontology.json,semiconductor_spc_quality_details,A_SPCSetupDetailsTitle,SPC明细标题,displaySequence,Integer,物理字段 DisplaySequence,,no_matching_swagger_schema
semiconductor_spc_quality_details_ontology.json,semiconductor_spc_quality_details,A_SPCSetupDetailsTitle,SPC明细标题,name,String,物理字段 SPCSetupDetailsTitleName,,no_matching_swagger_schema
semiconductor_spc_quality_details_ontology.json,semiconductor_spc_quality_details,A_SPCSetupDetailsTitle,SPC明细标题,isFrozen,Boolean,物理字段 IsFrozen,,no_matching_swagger_schema
semiconductor_spc_quality_details_ontology.json,semiconductor_spc_quality_details,A_SPCSetupDetailsTitle,SPC明细标题,spcSetupDetails,Navigation,物理字段 SPCSetupDetailsId → A_SPCSetupDetails,,no_matching_swagger_schema
semiconductor_spc_quality_details_ontology.json,semiconductor_spc_quality_details,A_SPCSetupDetailsTitle,SPC明细标题,scsTitleRow,Integer,物理字段 scsTitleRow,,no_matching_swagger_schema
semiconductor_spc_quality_details_ontology.json,semiconductor_spc_quality_details,A_SPCSetupDetailsTitle,SPC明细标题,scsTitleContent,String,物理字段 scsTitleContent,,no_matching_swagger_schema
semiconductor_spc_quality_details_ontology.json,semiconductor_spc_quality_details,A_SPCSetupDetailsTitle,SPC明细标题,scsIsDynamic,Boolean,物理字段 scsIsDynamic,,no_matching_swagger_schema
semiconductor_spc_quality_details_ontology.json,semiconductor_spc_quality_details,A_SPCSetupParams,SPC配置参数,isFrozen,Boolean,物理字段 IsFrozen,,no_matching_swagger_schema
semiconductor_spc_quality_details_ontology.json,semiconductor_spc_quality_details,A_SPCSetupParams,SPC配置参数,displaySequence,Integer,物理字段 DisplaySequence,,no_matching_swagger_schema
semiconductor_spc_quality_details_ontology.json,semiconductor_spc_quality_details,A_SPCSetupParams,SPC配置参数,spcSetup,Navigation,物理字段 SPCSetupId → A_SPCSetup,,no_matching_swagger_schema
semiconductor_spc_quality_details_ontology.json,semiconductor_spc_quality_details,A_SPCSetupParams,SPC配置参数,paramName,String,物理字段 ParamName,,no_matching_swagger_schema
semiconductor_spc_quality_details_ontology.json,semiconductor_spc_quality_details,A_SPCSetupParams,SPC配置参数,paramValue,String,物理字段 ParamValue,,no_matching_swagger_schema
semiconductor_spc_quality_details_ontology.json,semiconductor_spc_quality_details,A_SPCSetupParams,SPC配置参数,isDynamic,Boolean,物理字段 IsDynamic,,no_matching_swagger_schema
semiconductor_spc_quality_details_ontology.json,semiconductor_spc_quality_details,A_SPCWIPDataMatrixParams,SPC WIP矩阵参数,isFrozen,Boolean,物理字段 IsFrozen,,no_matching_swagger_schema
semiconductor_spc_quality_details_ontology.json,semiconductor_spc_quality_details,A_SPCWIPDataMatrixParams,SPC WIP矩阵参数,name,String,物理字段 SPCWIPDataMatrixParamsName,,no_matching_swagger_schema
semiconductor_spc_quality_details_ontology.json,semiconductor_spc_quality_details,A_SPCWIPDataMatrixParams,SPC WIP矩阵参数,displaySequence,Integer,物理字段 DisplaySequence,,no_matching_swagger_schema
semiconductor_spc_quality_details_ontology.json,semiconductor_spc_quality_details,A_SPCWIPDataMatrixParams,SPC WIP矩阵参数,paramName,String,物理字段 ParamName,,no_matching_swagger_schema
semiconductor_spc_quality_details_ontology.json,semiconductor_spc_quality_details,A_SPCWIPDataMatrixParams,SPC WIP矩阵参数,paramValue,String,物理字段 ParamValue,,no_matching_swagger_schema
semiconductor_spc_quality_details_ontology.json,semiconductor_spc_quality_details,A_SPCWIPDataMatrixParams,SPC WIP矩阵参数,wipDataSetupDetails,Navigation,物理字段 WIPDataSetupDetailsId → A_WIPDataSetupDetails,,no_matching_swagger_schema
semiconductor_spc_quality_details_ontology.json,semiconductor_spc_quality_details,ss_CustomSPCGridFilter,SPC网格过滤器,ssSpcCustomFilterTable,Navigation,物理字段 ss_SPCCustomFilterTableId → ss_SPCCustomFilterTable,,no_matching_swagger_schema
semiconductor_spc_quality_details_ontology.json,semiconductor_spc_quality_details,ss_CustomSPCGridFilter,SPC网格过滤器,spcMatrix,Navigation,物理字段 SPCMatrixId → A_SPCMatrix,,no_matching_swagger_schema
semiconductor_spc_quality_details_ontology.json,semiconductor_spc_quality_details,ss_CustomSPCGridFilter,SPC网格过滤器,ssColumn,String,物理字段 ss_Column,,no_matching_swagger_schema
semiconductor_spc_quality_details_ontology.json,semiconductor_spc_quality_details,ss_CustomSPCGridFilter,SPC网格过滤器,ssFilter,String,物理字段 ss_Filter,,no_matching_swagger_schema
semiconductor_spc_quality_details_ontology.json,semiconductor_spc_quality_details,ss_CustomSPCGridFilter,SPC网格过滤器,displaySequence,Integer,物理字段 DisplaySequence,,no_matching_swagger_schema
semiconductor_spc_quality_details_ontology.json,semiconductor_spc_quality_details,ss_CustomSPCGridFilter,SPC网格过滤器,isFrozen,Boolean,物理字段 IsFrozen,,no_matching_swagger_schema
semiconductor_spc_quality_details_ontology.json,semiconductor_spc_quality_details,ss_CustomSPCGridFilter,SPC网格过滤器,name,String,物理字段 ss_CustomSPCGridFilterName,,no_matching_swagger_schema
semiconductor_spc_quality_details_ontology.json,semiconductor_spc_quality_details,ss_CustomSPCGridFilter,SPC网格过滤器,ssIsDynamic,Boolean,物理字段 ss_IsDynamic,,no_matching_swagger_schema
semiconductor_spc_quality_details_ontology.json,semiconductor_spc_quality_details,ss_SPCGPCChartData,SPC GPC图表配置,ssCpk,Float,物理字段 ss_CPK,,no_matching_swagger_schema
semiconductor_spc_quality_details_ontology.json,semiconductor_spc_quality_details,ss_SPCGPCChartData,SPC GPC图表配置,ssCp,Float,物理字段 ss_CP,,no_matching_swagger_schema
semiconductor_spc_quality_details_ontology.json,semiconductor_spc_quality_details,ss_SPCGPCChartData,SPC GPC图表配置,name,String,物理字段 ss_SPCGPCChartDataName,,no_matching_swagger_schema
semiconductor_spc_quality_details_ontology.json,semiconductor_spc_quality_details,ss_SPCGPCChartData,SPC GPC图表配置,displaySequence,Integer,物理字段 DisplaySequence,,no_matching_swagger_schema
semiconductor_spc_quality_details_ontology.json,semiconductor_spc_quality_details,ss_SPCGPCChartData,SPC GPC图表配置,ssMean,Float,物理字段 ss_Mean,,no_matching_swagger_schema
semiconductor_spc_quality_details_ontology.json,semiconductor_spc_quality_details,ss_SPCGPCChartData,SPC GPC图表配置,ssPp,Float,物理字段 ss_PP,,no_matching_swagger_schema
semiconductor_spc_quality_details_ontology.json,semiconductor_spc_quality_details,ss_SPCGPCChartData,SPC GPC图表配置,ssPpk,Float,物理字段 ss_PPK,,no_matching_swagger_schema
semiconductor_spc_quality_details_ontology.json,semiconductor_spc_quality_details,ss_SPCGPCChartData,SPC GPC图表配置,ssSdu,Float,物理字段 ss_SDU,,no_matching_swagger_schema
semiconductor_spc_quality_details_ontology.json,semiconductor_spc_quality_details,ss_SPCGPCChartData,SPC GPC图表配置,ssSdl,Float,物理字段 ss_SDL,,no_matching_swagger_schema
semiconductor_spc_quality_details_ontology.json,semiconductor_spc_quality_details,ss_SPCGPCChartData,SPC GPC图表配置,ssRsd,Float,物理字段 ss_RSD,,no_matching_swagger_schema
semiconductor_spc_quality_details_ontology.json,semiconductor_spc_quality_details,ss_SPCGPCChartData,SPC GPC图表配置,isFrozen,Boolean,物理字段 IsFrozen,,no_matching_swagger_schema
semiconductor_spc_quality_details_ontology.json,semiconductor_spc_quality_details,ss_SPCGPCChartData,SPC GPC图表配置,spcTxnDataDetails,Navigation,物理字段 SPCTxnDataDetailsId → A_SPCTxnDataDetails,,no_matching_swagger_schema
semiconductor_spc_quality_details_ontology.json,semiconductor_spc_quality_details,ss_SPCGPCChartData,SPC GPC图表配置,ssSd,Float,物理字段 ss_SD,,no_matching_swagger_schema
semiconductor_spc_quality_details_ontology.json,semiconductor_spc_quality_details,ss_ParameterMatrixList,参数矩阵列表,ssParameterMatrix,Navigation,物理字段 ss_ParameterMatrixId → ss_ParameterMatrix,,no_matching_swagger_schema
semiconductor_spc_quality_details_ontology.json,semiconductor_spc_quality_details,ss_ParameterMatrixList,参数矩阵列表,name,String,物理字段 ss_ParameterMatrixListName,,no_matching_swagger_schema
semiconductor_spc_quality_details_ontology.json,semiconductor_spc_quality_details,ss_ParameterMatrixList,参数矩阵列表,isFrozen,Boolean,物理字段 IsFrozen,,no_matching_swagger_schema
semiconductor_spc_quality_details_ontology.json,semiconductor_spc_quality_details,ss_ParameterMatrixList,参数矩阵列表,ssParamName,Navigation,物理字段 ss_ParamNameId → A_ParamName,,no_matching_swagger_schema
semiconductor_spc_quality_details_ontology.json,semiconductor_spc_quality_details,ss_ParameterMatrixList,参数矩阵列表,ssOverrideValue,String,物理字段 ss_OverrideValue,,no_matching_swagger_schema
semiconductor_spc_quality_details_ontology.json,semiconductor_spc_quality_details,ss_ParamNameDetails,参数名称明细,paramName,Navigation,物理字段 ParamNameId → A_ParamName,,no_matching_swagger_schema
semiconductor_spc_quality_details_ontology.json,semiconductor_spc_quality_details,ss_ParamNameDetails,参数名称明细,name,String,物理字段 ss_ParamNameDetailsName,,no_matching_swagger_schema
semiconductor_spc_quality_details_ontology.json,semiconductor_spc_quality_details,ss_ParamNameDetails,参数名称明细,isFrozen,Boolean,物理字段 IsFrozen,,no_matching_swagger_schema
semiconductor_spc_quality_details_ontology.json,semiconductor_spc_quality_details,ss_ParamNameDetails,参数名称明细,ssConditionExpression,String,物理字段 ss_ConditionExpression,,no_matching_swagger_schema
semiconductor_spc_quality_details_ontology.json,semiconductor_spc_quality_details,ss_ParamNameDetails,参数名称明细,ssValue,String,物理字段 ss_Value,,no_matching_swagger_schema
semiconductor_spc_quality_details_ontology.json,semiconductor_spc_quality_details,scsInlineParams,内联参数,wipDataSetupDetails,Navigation,物理字段 WIPDataSetupDetailsId → A_WIPDataSetupDetails,,no_matching_swagger_schema
semiconductor_spc_quality_details_ontology.json,semiconductor_spc_quality_details,scsInlineParams,内联参数,name,String,物理字段 scsInlineParamsName,,no_matching_swagger_schema
semiconductor_spc_quality_details_ontology.json,semiconductor_spc_quality_details,scsInlineParams,内联参数,displaySequence,Integer,物理字段 DisplaySequence,,no_matching_swagger_schema
semiconductor_spc_quality_details_ontology.json,semiconductor_spc_quality_details,scsInlineParams,内联参数,isFrozen,Boolean,物理字段 IsFrozen,,no_matching_swagger_schema
semiconductor_spc_quality_details_ontology.json,semiconductor_spc_quality_details,scsInlineParams,内联参数,scsName,String,物理字段 scsName,,no_matching_swagger_schema
semiconductor_spc_quality_details_ontology.json,semiconductor_spc_quality_details,scsInlineParams,内联参数,scsParamName,String,物理字段 scsParamName,,no_matching_swagger_schema
semiconductor_spc_quality_details_ontology.json,semiconductor_spc_quality_details,scsInlineParams,内联参数,scsParamValue,String,物理字段 scsParamValue,,no_matching_swagger_schema
semiconductor_spc_quality_details_ontology.json,semiconductor_spc_quality_details,A_TestIQCParamsDetails,IQC参数明细,testIqcParams,Navigation,物理字段 TestIQCParamsId → A_TestIQCParams,,no_matching_swagger_schema
semiconductor_spc_quality_details_ontology.json,semiconductor_spc_quality_details,A_TestIQCParamsDetails,IQC参数明细,isFrozen,Boolean,物理字段 IsFrozen,,no_matching_swagger_schema
semiconductor_spc_quality_details_ontology.json,semiconductor_spc_quality_details,A_TestIQCParamsDetails,IQC参数明细,paramName,String,物理字段 ParamName,,no_matching_swagger_schema
semiconductor_spc_quality_details_ontology.json,semiconductor_spc_quality_details,A_TestIQCParamsDetails,IQC参数明细,displaySequence,Integer,物理字段 DisplaySequence,,no_matching_swagger_schema
semiconductor_spc_quality_details_ontology.json,semiconductor_spc_quality_details,ss_UsageReqSetupDetails,使用需求配置明细,ssUsageCountQuery,Navigation,物理字段 ss_UsageCountQueryId → UserQuery,,no_matching_swagger_schema
semiconductor_spc_quality_details_ontology.json,semiconductor_spc_quality_details,ss_UsageReqSetupDetails,使用需求配置明细,isFrozen,Boolean,物理字段 IsFrozen,,no_matching_swagger_schema
semiconductor_spc_quality_details_ontology.json,semiconductor_spc_quality_details,ss_UsageReqSetupDetails,使用需求配置明细,ssUsageReq,Integer,物理字段 ss_UsageReqId,,no_matching_swagger_schema
semiconductor_spc_quality_details_ontology.json,semiconductor_spc_quality_details,ss_UsageReqSetupDetails,使用需求配置明细,ssUsageCountExpression,String,物理字段 ss_UsageCountExpression,,no_matching_swagger_schema
semiconductor_spc_quality_details_ontology.json,semiconductor_spc_quality_details,ss_UsageReqSetupDetails,使用需求配置明细,ssUsageReqCountType,Integer,物理字段 ss_UsageReqCountType,,no_matching_swagger_schema
semiconductor_spc_quality_details_ontology.json,semiconductor_spc_quality_details,ss_UsageReqSetupDetails,使用需求配置明细,name,String,物理字段 ss_UsageReqSetupDetailsName,,no_matching_swagger_schema
semiconductor_spc_quality_details_ontology.json,semiconductor_spc_quality_details,ss_UsageReqSetupDetails,使用需求配置明细,ssUsageReqTxn,Integer,物理字段 ss_UsageReqTxn,,no_matching_swagger_schema
semiconductor_spc_yield_ontology.json,semiconductor_spc_yield,A_SPCConnection,SPC连接,serverName,String,物理字段 ServerName,,no_matching_swagger_schema
semiconductor_spc_yield_ontology.json,semiconductor_spc_yield,A_SPCConnection,SPC连接,portNumber,Integer,物理字段 PortNumber,,no_matching_swagger_schema
semiconductor_spc_yield_ontology.json,semiconductor_spc_yield,A_SPCConnection,SPC连接,username,String,物理字段 Username,,no_matching_swagger_schema
semiconductor_spc_yield_ontology.json,semiconductor_spc_yield,A_SPCConnection,SPC连接,setupAccess,Navigation,物理字段 SetupAccessId → A_SetupAccess,,no_matching_swagger_schema
semiconductor_spc_yield_ontology.json,semiconductor_spc_yield,A_SPCConnection,SPC连接,password,String,物理字段 Password,,no_matching_swagger_schema
semiconductor_spc_yield_ontology.json,semiconductor_spc_yield,A_SPCConnection,SPC连接,notes,String,物理字段 Notes,,no_matching_swagger_schema
semiconductor_spc_yield_ontology.json,semiconductor_spc_yield,A_SPCConnection,SPC连接,name,String,物理字段 SPCConnectionName,,no_matching_swagger_schema
semiconductor_spc_yield_ontology.json,semiconductor_spc_yield,A_SPCConnection,SPC连接,dsn,String,物理字段 DSN,,no_matching_swagger_schema
semiconductor_spc_yield_ontology.json,semiconductor_spc_yield,A_SPCConnection,SPC连接,changeHistory,Navigation,物理字段 ChangeHistoryId → ChangeStatus,,no_matching_swagger_schema
semiconductor_spc_yield_ontology.json,semiconductor_spc_yield,A_SPCConnection,SPC连接,description,String,物理字段 Description,,no_matching_swagger_schema
semiconductor_spc_yield_ontology.json,semiconductor_spc_yield,A_SPCConnection,SPC连接,iconId,Integer,物理字段 IconId,,no_matching_swagger_schema
semiconductor_spc_yield_ontology.json,semiconductor_spc_yield,A_SPCConnection,SPC连接,isFrozen,Boolean,物理字段 IsFrozen,,no_matching_swagger_schema
semiconductor_spc_yield_ontology.json,semiconductor_spc_yield,A_SPCConnection,SPC连接,scsChartUrlPrefix,String,物理字段 scsChartURLPrefix,,no_matching_swagger_schema
semiconductor_spc_yield_ontology.json,semiconductor_spc_yield,A_SPCConnection,SPC连接,filterTags,String,物理字段 FilterTags,,no_matching_swagger_schema
semiconductor_spc_yield_ontology.json,semiconductor_spc_yield,A_SPCConnection,SPC连接,spcApiUrl,String,物理字段 SPCApiUrl,,no_matching_swagger_schema
semiconductor_spc_yield_ontology.json,semiconductor_spc_yield,A_SPCExcludeReason,SPC排除原因,changeHistory,Navigation,物理字段 ChangeHistoryId → ChangeStatus,,no_matching_swagger_schema
semiconductor_spc_yield_ontology.json,semiconductor_spc_yield,A_SPCExcludeReason,SPC排除原因,name,String,物理字段 SPCExcludeReasonName,,no_matching_swagger_schema
semiconductor_spc_yield_ontology.json,semiconductor_spc_yield,A_SPCExcludeReason,SPC排除原因,isFrozen,Boolean,物理字段 IsFrozen,,no_matching_swagger_schema
semiconductor_spc_yield_ontology.json,semiconductor_spc_yield,A_SPCExcludeReason,SPC排除原因,description,String,物理字段 Description,,no_matching_swagger_schema
semiconductor_spc_yield_ontology.json,semiconductor_spc_yield,A_SPCExcludeReason,SPC排除原因,setupAccess,Navigation,物理字段 SetupAccessId → A_SetupAccess,,no_matching_swagger_schema
semiconductor_spc_yield_ontology.json,semiconductor_spc_yield,A_SPCExcludeReason,SPC排除原因,notes,String,物理字段 Notes,,no_matching_swagger_schema
semiconductor_spc_yield_ontology.json,semiconductor_spc_yield,A_SPCExcludeReason,SPC排除原因,iconId,Integer,物理字段 IconId,,no_matching_swagger_schema
semiconductor_spc_yield_ontology.json,semiconductor_spc_yield,A_SPCExcludeReason,SPC排除原因,filterTags,String,物理字段 FilterTags,,no_matching_swagger_schema
semiconductor_spc_yield_ontology.json,semiconductor_spc_yield,A_SPCMacro,SPC宏,changeHistory,Navigation,物理字段 ChangeHistoryId → ChangeStatus,,no_matching_swagger_schema
semiconductor_spc_yield_ontology.json,semiconductor_spc_yield,A_SPCMacro,SPC宏,description,String,物理字段 Description,,no_matching_swagger_schema
semiconductor_spc_yield_ontology.json,semiconductor_spc_yield,A_SPCMacro,SPC宏,iconId,Integer,物理字段 IconId,,no_matching_swagger_schema
semiconductor_spc_yield_ontology.json,semiconductor_spc_yield,A_SPCMacro,SPC宏,isFrozen,Boolean,物理字段 IsFrozen,,no_matching_swagger_schema
semiconductor_spc_yield_ontology.json,semiconductor_spc_yield,A_SPCMacro,SPC宏,name,String,物理字段 SPCMacroName,,no_matching_swagger_schema
semiconductor_spc_yield_ontology.json,semiconductor_spc_yield,A_SPCMacro,SPC宏,macroFilename,String,物理字段 MacroFilename,,no_matching_swagger_schema
semiconductor_spc_yield_ontology.json,semiconductor_spc_yield,A_SPCMacro,SPC宏,notes,String,物理字段 Notes,,no_matching_swagger_schema
semiconductor_spc_yield_ontology.json,semiconductor_spc_yield,A_SPCMacro,SPC宏,setupAccess,Navigation,物理字段 SetupAccessId → A_SetupAccess,,no_matching_swagger_schema
semiconductor_spc_yield_ontology.json,semiconductor_spc_yield,A_SPCMacro,SPC宏,filterTags,String,物理字段 FilterTags,,no_matching_swagger_schema
semiconductor_spc_yield_ontology.json,semiconductor_spc_yield,A_SPCRules,SPC规则,name,String,物理字段 SPCRulesName,,no_matching_swagger_schema
semiconductor_spc_yield_ontology.json,semiconductor_spc_yield,A_SPCRules,SPC规则,isFrozen,Boolean,物理字段 IsFrozen,,no_matching_swagger_schema
semiconductor_spc_yield_ontology.json,semiconductor_spc_yield,A_SPCRules,SPC规则,notes,String,物理字段 Notes,,no_matching_swagger_schema
semiconductor_spc_yield_ontology.json,semiconductor_spc_yield,A_SPCRules,SPC规则,setupAccess,Navigation,物理字段 SetupAccessId → A_SetupAccess,,no_matching_swagger_schema
semiconductor_spc_yield_ontology.json,semiconductor_spc_yield,A_SPCRules,SPC规则,changeHistory,Navigation,物理字段 ChangeHistoryId → ChangeStatus,,no_matching_swagger_schema
semiconductor_spc_yield_ontology.json,semiconductor_spc_yield,A_SPCRules,SPC规则,description,String,物理字段 Description,,no_matching_swagger_schema
semiconductor_spc_yield_ontology.json,semiconductor_spc_yield,A_SPCRules,SPC规则,iconId,Integer,物理字段 IconId,,no_matching_swagger_schema
semiconductor_spc_yield_ontology.json,semiconductor_spc_yield,A_SPCRules,SPC规则,filterTags,String,物理字段 FilterTags,,no_matching_swagger_schema
semiconductor_spc_yield_ontology.json,semiconductor_spc_yield,A_SPCSetup,SPC配置,chartHeight,Integer,物理字段 ChartHeight,,no_matching_swagger_schema
semiconductor_spc_yield_ontology.json,semiconductor_spc_yield,A_SPCSetup,SPC配置,notes,String,物理字段 Notes,,no_matching_swagger_schema
semiconductor_spc_yield_ontology.json,semiconductor_spc_yield,A_SPCSetup,SPC配置,failureEmailGroup,Navigation,物理字段 FailureEmailGroupId → A_EmailGroup,,no_matching_swagger_schema
semiconductor_spc_yield_ontology.json,semiconductor_spc_yield,A_SPCSetup,SPC配置,chartWidth,Integer,物理字段 ChartWidth,,no_matching_swagger_schema
semiconductor_spc_yield_ontology.json,semiconductor_spc_yield,A_SPCSetup,SPC配置,failureJobModel,Navigation,物理字段 FailureJobModelId → A_JobModel,,no_matching_swagger_schema
semiconductor_spc_yield_ontology.json,semiconductor_spc_yield,A_SPCSetup,SPC配置,failureDocumentSet,Navigation,物理字段 FailureDocumentSetId → DocumentSet,,no_matching_swagger_schema
semiconductor_spc_yield_ontology.json,semiconductor_spc_yield,A_SPCSetup,SPC配置,setupAccess,Navigation,物理字段 SetupAccessId → A_SetupAccess,,no_matching_swagger_schema
semiconductor_spc_yield_ontology.json,semiconductor_spc_yield,A_SPCSetup,SPC配置,changeHistory,Navigation,物理字段 ChangeHistoryId → ChangeStatus,,no_matching_swagger_schema
semiconductor_spc_yield_ontology.json,semiconductor_spc_yield,A_SPCSetup,SPC配置,description,String,物理字段 Description,,no_matching_swagger_schema
semiconductor_spc_yield_ontology.json,semiconductor_spc_yield,A_SPCSetup,SPC配置,failureSpec,Navigation,物理字段 FailureSpecId → Spec,,no_matching_swagger_schema
semiconductor_spc_yield_ontology.json,semiconductor_spc_yield,A_SPCSetup,SPC配置,name,String,物理字段 SPCSetupName,,no_matching_swagger_schema
semiconductor_spc_yield_ontology.json,semiconductor_spc_yield,A_SPCSetup,SPC配置,iconId,Integer,物理字段 IconId,,no_matching_swagger_schema
semiconductor_spc_yield_ontology.json,semiconductor_spc_yield,A_SPCSetup,SPC配置,spcMacro,Navigation,物理字段 SPCMacroId → A_SPCMacro,,no_matching_swagger_schema
semiconductor_spc_yield_ontology.json,semiconductor_spc_yield,A_SPCSetup,SPC配置,spcConnection,Navigation,物理字段 SPCConnectionId → A_SPCConnection,,no_matching_swagger_schema
semiconductor_spc_yield_ontology.json,semiconductor_spc_yield,A_SPCSetup,SPC配置,failureStatus,Navigation,物理字段 FailureStatusId → ResourceStatusCode,,no_matching_swagger_schema
semiconductor_spc_yield_ontology.json,semiconductor_spc_yield,A_SPCSetup,SPC配置,isFrozen,Boolean,物理字段 IsFrozen,,no_matching_swagger_schema
semiconductor_spc_yield_ontology.json,semiconductor_spc_yield,A_SPCSetup,SPC配置,scsInLineSpc,Boolean,物理字段 scsInLineSPC,,no_matching_swagger_schema
semiconductor_spc_yield_ontology.json,semiconductor_spc_yield,A_SPCSetup,SPC配置,documentSet,Navigation,物理字段 DocumentSetId → DocumentSet,,no_matching_swagger_schema
semiconductor_spc_yield_ontology.json,semiconductor_spc_yield,A_SPCSetup,SPC配置,ssResolveObjectName,String,物理字段 ss_ResolveObjectName,,no_matching_swagger_schema
semiconductor_spc_yield_ontology.json,semiconductor_spc_yield,A_SPCSetup,SPC配置,ssResolveDataValue,String,物理字段 ss_ResolveDataValue,,no_matching_swagger_schema
semiconductor_spc_yield_ontology.json,semiconductor_spc_yield,A_SPCSetup,SPC配置,filterTags,String,物理字段 FilterTags,,no_matching_swagger_schema
semiconductor_spc_yield_ontology.json,semiconductor_spc_yield,A_SPCSetup,SPC配置,ssObjectName,String,物理字段 ss_ObjectName,,no_matching_swagger_schema
semiconductor_spc_yield_ontology.json,semiconductor_spc_yield,A_SPCSetup,SPC配置,ssDataValue,String,物理字段 ss_DataValue,,no_matching_swagger_schema
semiconductor_spc_yield_ontology.json,semiconductor_spc_yield,A_SPCSetup,SPC配置,ssDataValueIsDynamic,Boolean,物理字段 ss_DataValueIsDynamic,,no_matching_swagger_schema
semiconductor_spc_yield_ontology.json,semiconductor_spc_yield,A_SPCSetup,SPC配置,ssSpcBasicQuery,Navigation,物理字段 ss_SPCBasicQueryId → UserQuery,,no_matching_swagger_schema
semiconductor_spc_yield_ontology.json,semiconductor_spc_yield,A_SPCSetup,SPC配置,ssResultsetSizeLimit,Integer,物理字段 ss_ResultsetSizeLimit,,no_matching_swagger_schema
semiconductor_spc_yield_ontology.json,semiconductor_spc_yield,A_SPCSetup,SPC配置,ssObjectNameIsDynamic,Boolean,物理字段 ss_ObjectNameIsDynamic,,no_matching_swagger_schema
semiconductor_spc_yield_ontology.json,semiconductor_spc_yield,A_SPCMatrix,SPC矩阵,name,String,物理字段 SPCMatrixName,,no_matching_swagger_schema
semiconductor_spc_yield_ontology.json,semiconductor_spc_yield,A_SPCMatrix,SPC矩阵,isFrozen,Boolean,物理字段 IsFrozen,,no_matching_swagger_schema
semiconductor_spc_yield_ontology.json,semiconductor_spc_yield,A_SPCMatrix,SPC矩阵,spcSetup,Navigation,物理字段 SPCSetupId → A_SPCSetup,,no_matching_swagger_schema
semiconductor_spc_yield_ontology.json,semiconductor_spc_yield,A_SPCMatrix,SPC矩阵,resourceFamily,Navigation,物理字段 ResourceFamilyId → ResourceFamily,,no_matching_swagger_schema
semiconductor_spc_yield_ontology.json,semiconductor_spc_yield,A_SPCMatrix,SPC矩阵,spec,Navigation,物理字段 SpecId → Spec,,no_matching_swagger_schema
semiconductor_spc_yield_ontology.json,semiconductor_spc_yield,A_SPCMatrix,SPC矩阵,productLine,Navigation,物理字段 ProductLineId → A_ProductLine,,no_matching_swagger_schema
semiconductor_spc_yield_ontology.json,semiconductor_spc_yield,A_SPCMatrix,SPC矩阵,processSpec,Navigation,物理字段 ProcessSpecId → A_ProcessSpec,,no_matching_swagger_schema
semiconductor_spc_yield_ontology.json,semiconductor_spc_yield,A_SPCMatrix,SPC矩阵,iconId,Integer,物理字段 IconId,,no_matching_swagger_schema
semiconductor_spc_yield_ontology.json,semiconductor_spc_yield,A_SPCMatrix,SPC矩阵,description,String,物理字段 Description,,no_matching_swagger_schema
semiconductor_spc_yield_ontology.json,semiconductor_spc_yield,A_SPCMatrix,SPC矩阵,changeHistory,Navigation,物理字段 ChangeHistoryId → ChangeStatus,,no_matching_swagger_schema
semiconductor_spc_yield_ontology.json,semiconductor_spc_yield,A_SPCMatrix,SPC矩阵,notes,String,物理字段 Notes,,no_matching_swagger_schema
semiconductor_spc_yield_ontology.json,semiconductor_spc_yield,A_SPCMatrix,SPC矩阵,product,Navigation,物理字段 ProductId → Product,,no_matching_swagger_schema
semiconductor_spc_yield_ontology.json,semiconductor_spc_yield,A_SPCMatrix,SPC矩阵,owner,Navigation,物理字段 OwnerId → Owner,,no_matching_swagger_schema
semiconductor_spc_yield_ontology.json,semiconductor_spc_yield,A_SPCMatrix,SPC矩阵,setupAccess,Navigation,物理字段 SetupAccessId → A_SetupAccess,,no_matching_swagger_schema
semiconductor_spc_yield_ontology.json,semiconductor_spc_yield,A_SPCMatrix,SPC矩阵,filterTags,String,物理字段 FilterTags,,no_matching_swagger_schema
semiconductor_spc_yield_ontology.json,semiconductor_spc_yield,A_SPCMatrix,SPC矩阵,ssContext,String,物理字段 ss_Context,,no_matching_swagger_schema
semiconductor_spc_yield_ontology.json,semiconductor_spc_yield,A_SPCMatrix,SPC矩阵,ssProcessEquipment,Navigation,物理字段 ss_ProcessEquipmentId → ResourceDef,,no_matching_swagger_schema
semiconductor_spc_yield_ontology.json,semiconductor_spc_yield,A_SPCMatrix,SPC矩阵,ssProcessRecipe,Navigation,物理字段 ss_ProcessRecipeId → Document,,no_matching_swagger_schema
semiconductor_spc_yield_ontology.json,semiconductor_spc_yield,A_SPCMatrix,SPC矩阵,ssProcessEquipmentFamily,Navigation,物理字段 ss_ProcessEquipmentFamilyId → ResourceFamily,,no_matching_swagger_schema
semiconductor_spc_yield_ontology.json,semiconductor_spc_yield,A_SPCMatrix,SPC矩阵,ssWfStackKey,String,物理字段 ss_WfStackKey,,no_matching_swagger_schema
semiconductor_spc_yield_ontology.json,semiconductor_spc_yield,A_SPCMatrix,SPC矩阵,ssWfStackSteps,String,物理字段 ss_WfStackSteps,,no_matching_swagger_schema
semiconductor_spc_yield_ontology.json,semiconductor_spc_yield,A_SPCMatrix,SPC矩阵,ssWipStepMainWorkflowName,String,物理字段 ss_WIPStepMainWorkflowName,,no_matching_swagger_schema
semiconductor_spc_yield_ontology.json,semiconductor_spc_yield,A_SPCMatrix,SPC矩阵,ssWipStepWorkflow,Navigation,物理字段 ss_WIPStepWorkflowId → Workflow,,no_matching_swagger_schema
semiconductor_spc_yield_ontology.json,semiconductor_spc_yield,A_SPCMatrix,SPC矩阵,ssWipStep,Navigation,物理字段 ss_WIPStepId → WorkflowStep,,no_matching_swagger_schema
semiconductor_spc_yield_ontology.json,semiconductor_spc_yield,ss_SPCAnnotationCategory,SPC注释类别,name,String,物理字段 ss_SPCAnnotationCategoryName,,no_matching_swagger_schema
semiconductor_spc_yield_ontology.json,semiconductor_spc_yield,ss_SPCAnnotationCategory,SPC注释类别,iconId,Integer,物理字段 IconId,,no_matching_swagger_schema
semiconductor_spc_yield_ontology.json,semiconductor_spc_yield,ss_SPCAnnotationCategory,SPC注释类别,setupAccess,Navigation,物理字段 SetupAccessId → A_SetupAccess,,no_matching_swagger_schema
semiconductor_spc_yield_ontology.json,semiconductor_spc_yield,ss_SPCAnnotationCategory,SPC注释类别,isFrozen,Boolean,物理字段 IsFrozen,,no_matching_swagger_schema
semiconductor_spc_yield_ontology.json,semiconductor_spc_yield,ss_SPCAnnotationCategory,SPC注释类别,notes,String,物理字段 Notes,,no_matching_swagger_schema
semiconductor_spc_yield_ontology.json,semiconductor_spc_yield,ss_SPCAnnotationCategory,SPC注释类别,changeHistory,Navigation,物理字段 ChangeHistoryId → ChangeStatus,,no_matching_swagger_schema
semiconductor_spc_yield_ontology.json,semiconductor_spc_yield,ss_SPCAnnotationCategory,SPC注释类别,description,String,物理字段 Description,,no_matching_swagger_schema
semiconductor_spc_yield_ontology.json,semiconductor_spc_yield,ss_SPCAnnotationCategory,SPC注释类别,filterTags,String,物理字段 FilterTags,,no_matching_swagger_schema
semiconductor_spc_yield_ontology.json,semiconductor_spc_yield,ss_SPCCustomFilterTable,SPC自定义过滤表,filterTags,String,物理字段 FilterTags,,no_matching_swagger_schema
semiconductor_spc_yield_ontology.json,semiconductor_spc_yield,ss_SPCCustomFilterTable,SPC自定义过滤表,isFrozen,Boolean,物理字段 IsFrozen,,no_matching_swagger_schema
semiconductor_spc_yield_ontology.json,semiconductor_spc_yield,ss_SPCCustomFilterTable,SPC自定义过滤表,notes,String,物理字段 Notes,,no_matching_swagger_schema
semiconductor_spc_yield_ontology.json,semiconductor_spc_yield,ss_SPCCustomFilterTable,SPC自定义过滤表,ssAlias,String,物理字段 ss_Alias,,no_matching_swagger_schema
semiconductor_spc_yield_ontology.json,semiconductor_spc_yield,ss_SPCCustomFilterTable,SPC自定义过滤表,setupAccess,Navigation,物理字段 SetupAccessId → A_SetupAccess,,no_matching_swagger_schema
semiconductor_spc_yield_ontology.json,semiconductor_spc_yield,ss_SPCCustomFilterTable,SPC自定义过滤表,iconId,Integer,物理字段 IconId,,no_matching_swagger_schema
semiconductor_spc_yield_ontology.json,semiconductor_spc_yield,ss_SPCCustomFilterTable,SPC自定义过滤表,description,String,物理字段 Description,,no_matching_swagger_schema
semiconductor_spc_yield_ontology.json,semiconductor_spc_yield,ss_SPCCustomFilterTable,SPC自定义过滤表,name,String,物理字段 ss_SPCCustomFilterTableName,,no_matching_swagger_schema
semiconductor_spc_yield_ontology.json,semiconductor_spc_yield,ss_SPCCustomFilterTable,SPC自定义过滤表,changeHistory,Navigation,物理字段 ChangeHistoryId → ChangeStatus,,no_matching_swagger_schema
semiconductor_spc_yield_ontology.json,semiconductor_spc_yield,A_YieldType,良率类型,changeHistory,Navigation,物理字段 ChangeHistoryId → ChangeStatus,,no_matching_swagger_schema
semiconductor_spc_yield_ontology.json,semiconductor_spc_yield,A_YieldType,良率类型,notes,String,物理字段 Notes,,no_matching_swagger_schema
semiconductor_spc_yield_ontology.json,semiconductor_spc_yield,A_YieldType,良率类型,yieldAspect,String,物理字段 YieldAspect,,no_matching_swagger_schema
semiconductor_spc_yield_ontology.json,semiconductor_spc_yield,A_YieldType,良率类型,setupAccess,Navigation,物理字段 SetupAccessId → A_SetupAccess,,no_matching_swagger_schema
semiconductor_spc_yield_ontology.json,semiconductor_spc_yield,A_YieldType,良率类型,description,String,物理字段 Description,,no_matching_swagger_schema
semiconductor_spc_yield_ontology.json,semiconductor_spc_yield,A_YieldType,良率类型,iconId,Integer,物理字段 IconId,,no_matching_swagger_schema
semiconductor_spc_yield_ontology.json,semiconductor_spc_yield,A_YieldType,良率类型,isFrozen,Boolean,物理字段 IsFrozen,,no_matching_swagger_schema
semiconductor_spc_yield_ontology.json,semiconductor_spc_yield,A_YieldType,良率类型,name,String,物理字段 YieldTypeName,,no_matching_swagger_schema
semiconductor_spc_yield_ontology.json,semiconductor_spc_yield,A_YieldType,良率类型,filterTags,String,物理字段 FilterTags,,no_matching_swagger_schema
semiconductor_spc_yield_ontology.json,semiconductor_spc_yield,A_YieldLimits,良率限制,yieldCutYieldFailureAction,String,物理字段 YieldCutYieldFailureAction,,no_matching_swagger_schema
semiconductor_spc_yield_ontology.json,semiconductor_spc_yield,A_YieldLimits,良率限制,yieldCutYieldEmailGroup,Navigation,物理字段 YieldCutYieldEmailGroupId → A_EmailGroup,,no_matching_swagger_schema
semiconductor_spc_yield_ontology.json,semiconductor_spc_yield,A_YieldLimits,良率限制,lotSizeYieldCutFailureAction,String,物理字段 LotSizeYieldCutFailureAction,,no_matching_swagger_schema
semiconductor_spc_yield_ontology.json,semiconductor_spc_yield,A_YieldLimits,良率限制,workCenter,Navigation,物理字段 WorkCenterId → WorkCenter,,no_matching_swagger_schema
semiconductor_spc_yield_ontology.json,semiconductor_spc_yield,A_YieldLimits,良率限制,yieldCutYieldLimit,Float,物理字段 YieldCutYieldLimit,,no_matching_swagger_schema
semiconductor_spc_yield_ontology.json,semiconductor_spc_yield,A_YieldLimits,良率限制,binsLimitsRequired,Boolean,物理字段 BinsLimitsRequired,,no_matching_swagger_schema
semiconductor_spc_yield_ontology.json,semiconductor_spc_yield,A_YieldLimits,良率限制,binsLimitsFailureAction,String,物理字段 BinsLimitsFailureAction,,no_matching_swagger_schema
semiconductor_spc_yield_ontology.json,semiconductor_spc_yield,A_YieldLimits,良率限制,binsLimitsEmailGroup,Navigation,物理字段 BinsLimitsEmailGroupId → A_EmailGroup,,no_matching_swagger_schema
semiconductor_spc_yield_ontology.json,semiconductor_spc_yield,A_YieldLimits,良率限制,changeHistory,Navigation,物理字段 ChangeHistoryId → ChangeStatus,,no_matching_swagger_schema
semiconductor_spc_yield_ontology.json,semiconductor_spc_yield,A_YieldLimits,良率限制,description,String,物理字段 Description,,no_matching_swagger_schema
semiconductor_spc_yield_ontology.json,semiconductor_spc_yield,A_YieldLimits,良率限制,yieldType,Navigation,物理字段 YieldTypeId → A_YieldType,,no_matching_swagger_schema
semiconductor_spc_yield_ontology.json,semiconductor_spc_yield,A_YieldLimits,良率限制,upperYieldFailureAction,String,物理字段 UpperYieldFailureAction,,no_matching_swagger_schema
semiconductor_spc_yield_ontology.json,semiconductor_spc_yield,A_YieldLimits,良率限制,lowerYieldLimit,Float,物理字段 LowerYieldLimit,,no_matching_swagger_schema
semiconductor_spc_yield_ontology.json,semiconductor_spc_yield,A_YieldLimits,良率限制,setupAccess,Navigation,物理字段 SetupAccessId → A_SetupAccess,,no_matching_swagger_schema
semiconductor_spc_yield_ontology.json,semiconductor_spc_yield,A_YieldLimits,良率限制,lowerYieldEmailGroup,Navigation,物理字段 LowerYieldEmailGroupId → A_EmailGroup,,no_matching_swagger_schema
semiconductor_spc_yield_ontology.json,semiconductor_spc_yield,A_YieldLimits,良率限制,lowerYieldFailureAction,String,物理字段 LowerYieldFailureAction,,no_matching_swagger_schema
semiconductor_spc_yield_ontology.json,semiconductor_spc_yield,A_YieldLimits,良率限制,upperYieldEmailGroup,Navigation,物理字段 UpperYieldEmailGroupId → A_EmailGroup,,no_matching_swagger_schema
semiconductor_spc_yield_ontology.json,semiconductor_spc_yield,A_YieldLimits,良率限制,spec,Navigation,物理字段 SpecId → Spec,,no_matching_swagger_schema
semiconductor_spc_yield_ontology.json,semiconductor_spc_yield,A_YieldLimits,良率限制,productLine,Navigation,物理字段 ProductLineId → A_ProductLine,,no_matching_swagger_schema
semiconductor_spc_yield_ontology.json,semiconductor_spc_yield,A_YieldLimits,良率限制,product,Navigation,物理字段 ProductId → Product,,no_matching_swagger_schema
semiconductor_spc_yield_ontology.json,semiconductor_spc_yield,A_YieldLimits,良率限制,processSpec,Navigation,物理字段 ProcessSpecId → A_ProcessSpec,,no_matching_swagger_schema
semiconductor_spc_yield_ontology.json,semiconductor_spc_yield,A_YieldLimits,良率限制,owner,Navigation,物理字段 OwnerId → Owner,,no_matching_swagger_schema
semiconductor_spc_yield_ontology.json,semiconductor_spc_yield,A_YieldLimits,良率限制,notes,String,物理字段 Notes,,no_matching_swagger_schema
semiconductor_spc_yield_ontology.json,semiconductor_spc_yield,A_YieldLimits,良率限制,holdLocation,Navigation,物理字段 HoldLocationId → A_HoldLocation,,no_matching_swagger_schema
semiconductor_spc_yield_ontology.json,semiconductor_spc_yield,A_YieldLimits,良率限制,iconId,Integer,物理字段 IconId,,no_matching_swagger_schema
semiconductor_spc_yield_ontology.json,semiconductor_spc_yield,A_YieldLimits,良率限制,lotSizeYieldCutEmailGroup,Navigation,物理字段 LotSizeYieldCutEmailGroupId → A_EmailGroup,,no_matching_swagger_schema
semiconductor_spc_yield_ontology.json,semiconductor_spc_yield,A_YieldLimits,良率限制,lotSizeLowerEmailGroup,Navigation,物理字段 LotSizeLowerEmailGroupId → A_EmailGroup,,no_matching_swagger_schema
semiconductor_spc_yield_ontology.json,semiconductor_spc_yield,A_YieldLimits,良率限制,lotSizeLimitsRequired,Boolean,物理字段 LotSizeLimitsRequired,,no_matching_swagger_schema
semiconductor_spc_yield_ontology.json,semiconductor_spc_yield,A_YieldLimits,良率限制,lotSizeLowerFailureAction,String,物理字段 LotSizeLowerFailureAction,,no_matching_swagger_schema
semiconductor_spc_yield_ontology.json,semiconductor_spc_yield,A_YieldLimits,良率限制,lossReasonLimitsRequired,Boolean,物理字段 LossReasonLimitsRequired,,no_matching_swagger_schema
semiconductor_spc_yield_ontology.json,semiconductor_spc_yield,A_YieldLimits,良率限制,lossReasonLimitsFailureAction,String,物理字段 LossReasonLimitsFailureAction,,no_matching_swagger_schema
semiconductor_spc_yield_ontology.json,semiconductor_spc_yield,A_YieldLimits,良率限制,lossReasonLimitsEmailGroup,Navigation,物理字段 LossReasonLimitsEmailGroupId → A_EmailGroup,,no_matching_swagger_schema
semiconductor_spc_yield_ontology.json,semiconductor_spc_yield,A_YieldLimits,良率限制,isFrozen,Boolean,物理字段 IsFrozen,,no_matching_swagger_schema
semiconductor_spc_yield_ontology.json,semiconductor_spc_yield,A_YieldLimits,良率限制,upperYieldLimit,Float,物理字段 UpperYieldLimit,,no_matching_swagger_schema
semiconductor_spc_yield_ontology.json,semiconductor_spc_yield,A_YieldLimits,良率限制,name,String,物理字段 YieldLimitsName,,no_matching_swagger_schema
semiconductor_spc_yield_ontology.json,semiconductor_spc_yield,A_YieldLimits,良率限制,scsProcessType,Navigation,物理字段 scsProcessTypeId → A_ProcessType,,no_matching_swagger_schema
semiconductor_spc_yield_ontology.json,semiconductor_spc_yield,A_YieldLimits,良率限制,ssLowerYieldFutureHold,Navigation,物理字段 ss_LowerYieldFutureHoldId → ss_FailureFutureHoldSetup,,no_matching_swagger_schema
semiconductor_spc_yield_ontology.json,semiconductor_spc_yield,A_YieldLimits,良率限制,ssUpperYieldNcr,Navigation,物理字段 ss_UpperYieldNCRId → ss_FailureNCRSetup,,no_matching_swagger_schema
semiconductor_spc_yield_ontology.json,semiconductor_spc_yield,A_YieldLimits,良率限制,ssLowerYieldNcr,Navigation,物理字段 ss_LowerYieldNCRId → ss_FailureNCRSetup,,no_matching_swagger_schema
semiconductor_spc_yield_ontology.json,semiconductor_spc_yield,A_YieldLimits,良率限制,ssYieldCutYieldNcr,Navigation,物理字段 ss_YieldCutYieldNCRId → ss_FailureNCRSetup,,no_matching_swagger_schema
semiconductor_spc_yield_ontology.json,semiconductor_spc_yield,A_YieldLimits,良率限制,ssLotSizeLowerFutureHold,Navigation,物理字段 ss_LotSizeLowerFutureHoldId → ss_FailureFutureHoldSetup,,no_matching_swagger_schema
semiconductor_spc_yield_ontology.json,semiconductor_spc_yield,A_YieldLimits,良率限制,ssLowerYieldHoldReason,Navigation,物理字段 ss_LowerYieldHoldReasonId → HoldReason,,no_matching_swagger_schema
semiconductor_spc_yield_ontology.json,semiconductor_spc_yield,A_YieldLimits,良率限制,ssBinsLimitsHoldReason,Navigation,物理字段 ss_BinsLimitsHoldReasonId → HoldReason,,no_matching_swagger_schema
semiconductor_spc_yield_ontology.json,semiconductor_spc_yield,A_YieldLimits,良率限制,ssYieldCutYieldFutureHold,Navigation,物理字段 ss_YieldCutYieldFutureHoldId → ss_FailureFutureHoldSetup,,no_matching_swagger_schema
semiconductor_spc_yield_ontology.json,semiconductor_spc_yield,A_YieldLimits,良率限制,ssLossReasonLimitFutureHold,Navigation,物理字段 ss_LossReasonLimitFutureHoldId → ss_FailureFutureHoldSetup,,no_matching_swagger_schema
semiconductor_spc_yield_ontology.json,semiconductor_spc_yield,A_YieldLimits,良率限制,ssLotSizeYieldCutNcr,Navigation,物理字段 ss_LotSizeYieldCutNCRId → ss_FailureNCRSetup,,no_matching_swagger_schema
semiconductor_spc_yield_ontology.json,semiconductor_spc_yield,A_YieldLimits,良率限制,ssLotSizeLowerHoldReason,Navigation,物理字段 ss_LotSizeLowerHoldReasonId → HoldReason,,no_matching_swagger_schema
semiconductor_spc_yield_ontology.json,semiconductor_spc_yield,A_YieldLimits,良率限制,ssLotSizeYieldCutHoldReason,Navigation,物理字段 ss_LotSizeYieldCutHoldReasonId → HoldReason,,no_matching_swagger_schema
semiconductor_spc_yield_ontology.json,semiconductor_spc_yield,A_YieldLimits,良率限制,ssLossReasonLimitsNcr,Navigation,物理字段 ss_LossReasonLimitsNCRId → ss_FailureNCRSetup,,no_matching_swagger_schema
semiconductor_spc_yield_ontology.json,semiconductor_spc_yield,A_YieldLimits,良率限制,ssBinsLimitsFutureHold,Navigation,物理字段 ss_BinsLimitsFutureHoldId → ss_FailureFutureHoldSetup,,no_matching_swagger_schema
semiconductor_spc_yield_ontology.json,semiconductor_spc_yield,A_YieldLimits,良率限制,ssUpperYieldHoldReason,Navigation,物理字段 ss_UpperYieldHoldReasonId → HoldReason,,no_matching_swagger_schema
semiconductor_spc_yield_ontology.json,semiconductor_spc_yield,A_YieldLimits,良率限制,ssYieldCutYieldHoldReason,Navigation,物理字段 ss_YieldCutYieldHoldReasonId → HoldReason,,no_matching_swagger_schema
semiconductor_spc_yield_ontology.json,semiconductor_spc_yield,A_YieldLimits,良率限制,ssBinsLimitsNcr,Navigation,物理字段 ss_BinsLimitsNCRId → ss_FailureNCRSetup,,no_matching_swagger_schema
semiconductor_spc_yield_ontology.json,semiconductor_spc_yield,A_YieldLimits,良率限制,ssUpperYieldFutureHold,Navigation,物理字段 ss_UpperYieldFutureHoldId → ss_FailureFutureHoldSetup,,no_matching_swagger_schema
semiconductor_spc_yield_ontology.json,semiconductor_spc_yield,A_YieldLimits,良率限制,ssLotSizeLowerNcr,Navigation,物理字段 ss_LotSizeLowerNCRId → ss_FailureNCRSetup,,no_matching_swagger_schema
semiconductor_spc_yield_ontology.json,semiconductor_spc_yield,A_YieldLimits,良率限制,ssLotSizeYieldCutFutureHold,Navigation,物理字段 ss_LotSizeYieldCutFutureHoldId → ss_FailureFutureHoldSetup,,no_matching_swagger_schema
semiconductor_spc_yield_ontology.json,semiconductor_spc_yield,A_YieldLimits,良率限制,ssLossReasonLimitFailHoldRe,Navigation,物理字段 ss_LossReasonLimitFailHoldReId → HoldReason,,no_matching_swagger_schema
semiconductor_spc_yield_ontology.json,semiconductor_spc_yield,A_YieldLimits,良率限制,filterTags,String,物理字段 FilterTags,,no_matching_swagger_schema
semiconductor_spc_yield_ontology.json,semiconductor_spc_yield,A_YieldLimits,良率限制,ssWipStep,Navigation,物理字段 ss_WIPStepId → WorkflowStep,,no_matching_swagger_schema
semiconductor_spc_yield_ontology.json,semiconductor_spc_yield,A_YieldLimits,良率限制,ssWfStackSteps,String,物理字段 ss_WfStackSteps,,no_matching_swagger_schema
semiconductor_spc_yield_ontology.json,semiconductor_spc_yield,A_YieldLimits,良率限制,ssWipStepMainWorkflowName,String,物理字段 ss_WIPStepMainWorkflowName,,no_matching_swagger_schema
semiconductor_spc_yield_ontology.json,semiconductor_spc_yield,A_YieldLimits,良率限制,ssWipStepWorkflow,Navigation,物理字段 ss_WIPStepWorkflowId → Workflow,,no_matching_swagger_schema
semiconductor_spc_yield_ontology.json,semiconductor_spc_yield,A_YieldLimits,良率限制,ssWfStackKey,String,物理字段 ss_WfStackKey,,no_matching_swagger_schema
semiconductor_spc_yield_ontology.json,semiconductor_spc_yield,A_LotSizeSamplingSetup,批量大小抽样配置,description,String,物理字段 Description,,no_matching_swagger_schema
semiconductor_spc_yield_ontology.json,semiconductor_spc_yield,A_LotSizeSamplingSetup,批量大小抽样配置,notes,String,物理字段 Notes,,no_matching_swagger_schema
semiconductor_spc_yield_ontology.json,semiconductor_spc_yield,A_LotSizeSamplingSetup,批量大小抽样配置,setupAccess,Navigation,物理字段 SetupAccessId → A_SetupAccess,,no_matching_swagger_schema
semiconductor_spc_yield_ontology.json,semiconductor_spc_yield,A_LotSizeSamplingSetup,批量大小抽样配置,name,String,物理字段 LotSizeSamplingSetupName,,no_matching_swagger_schema
semiconductor_spc_yield_ontology.json,semiconductor_spc_yield,A_LotSizeSamplingSetup,批量大小抽样配置,isFrozen,Boolean,物理字段 IsFrozen,,no_matching_swagger_schema
semiconductor_spc_yield_ontology.json,semiconductor_spc_yield,A_LotSizeSamplingSetup,批量大小抽样配置,spec,Navigation,物理字段 SpecId → Spec,,no_matching_swagger_schema
semiconductor_spc_yield_ontology.json,semiconductor_spc_yield,A_LotSizeSamplingSetup,批量大小抽样配置,changeHistory,Navigation,物理字段 ChangeHistoryId → ChangeStatus,,no_matching_swagger_schema
semiconductor_spc_yield_ontology.json,semiconductor_spc_yield,A_LotSizeSamplingSetup,批量大小抽样配置,iconId,Integer,物理字段 IconId,,no_matching_swagger_schema
semiconductor_spc_yield_ontology.json,semiconductor_spc_yield,A_LotSizeSamplingSetup,批量大小抽样配置,filterTags,String,物理字段 FilterTags,,no_matching_swagger_schema
semiconductor_spc_yield_ontology.json,semiconductor_spc_yield,A_SamplingPlanSetup,抽样计划配置,notes,String,物理字段 Notes,,no_matching_swagger_schema
semiconductor_spc_yield_ontology.json,semiconductor_spc_yield,A_SamplingPlanSetup,抽样计划配置,product,Navigation,物理字段 ProductId → Product,,no_matching_swagger_schema
semiconductor_spc_yield_ontology.json,semiconductor_spc_yield,A_SamplingPlanSetup,抽样计划配置,iconId,Integer,物理字段 IconId,,no_matching_swagger_schema
semiconductor_spc_yield_ontology.json,semiconductor_spc_yield,A_SamplingPlanSetup,抽样计划配置,changeHistory,Navigation,物理字段 ChangeHistoryId → ChangeStatus,,no_matching_swagger_schema
semiconductor_spc_yield_ontology.json,semiconductor_spc_yield,A_SamplingPlanSetup,抽样计划配置,setupAccess,Navigation,物理字段 SetupAccessId → A_SetupAccess,,no_matching_swagger_schema
semiconductor_spc_yield_ontology.json,semiconductor_spc_yield,A_SamplingPlanSetup,抽样计划配置,isFrozen,Boolean,物理字段 IsFrozen,,no_matching_swagger_schema
semiconductor_spc_yield_ontology.json,semiconductor_spc_yield,A_SamplingPlanSetup,抽样计划配置,samplingPlan,Navigation,物理字段 SamplingPlanId → SamplingPlan,,no_matching_swagger_schema
semiconductor_spc_yield_ontology.json,semiconductor_spc_yield,A_SamplingPlanSetup,抽样计划配置,lotName,String,物理字段 LotName,,no_matching_swagger_schema
semiconductor_spc_yield_ontology.json,semiconductor_spc_yield,A_SamplingPlanSetup,抽样计划配置,productFamily,Navigation,物理字段 ProductFamilyId → ProductFamily,,no_matching_swagger_schema
semiconductor_spc_yield_ontology.json,semiconductor_spc_yield,A_SamplingPlanSetup,抽样计划配置,owner,Navigation,物理字段 OwnerId → Owner,,no_matching_swagger_schema
semiconductor_spc_yield_ontology.json,semiconductor_spc_yield,A_SamplingPlanSetup,抽样计划配置,processSpec,Navigation,物理字段 ProcessSpecId → A_ProcessSpec,,no_matching_swagger_schema
semiconductor_spc_yield_ontology.json,semiconductor_spc_yield,A_SamplingPlanSetup,抽样计划配置,name,String,物理字段 SamplingPlanSetupName,,no_matching_swagger_schema
semiconductor_spc_yield_ontology.json,semiconductor_spc_yield,A_SamplingPlanSetup,抽样计划配置,description,String,物理字段 Description,,no_matching_swagger_schema
semiconductor_spc_yield_ontology.json,semiconductor_spc_yield,A_SamplingPlanSetup,抽样计划配置,filterTags,String,物理字段 FilterTags,,no_matching_swagger_schema
semiconductor_user_job_spc_configuration_ontology.json,semiconductor_user_job_spc_configuration,UserConstant,用户常量,setupAccess,Navigation,物理字段 SetupAccessId → A_SetupAccess,,no_matching_swagger_schema
semiconductor_user_job_spc_configuration_ontology.json,semiconductor_user_job_spc_configuration,UserConstant,用户常量,unresolvedValue,String,物理字段 UnresolvedValue,,no_matching_swagger_schema
semiconductor_user_job_spc_configuration_ontology.json,semiconductor_user_job_spc_configuration,UserConstant,用户常量,notes,String,物理字段 Notes,,no_matching_swagger_schema
semiconductor_user_job_spc_configuration_ontology.json,semiconductor_user_job_spc_configuration,UserConstant,用户常量,changeHistory,Navigation,物理字段 ChangeHistoryId → ChangeStatus,,no_matching_swagger_schema
semiconductor_user_job_spc_configuration_ontology.json,semiconductor_user_job_spc_configuration,UserConstant,用户常量,description,String,物理字段 Description,,no_matching_swagger_schema
semiconductor_user_job_spc_configuration_ontology.json,semiconductor_user_job_spc_configuration,UserConstant,用户常量,iconId,Integer,物理字段 IconId,,no_matching_swagger_schema
semiconductor_user_job_spc_configuration_ontology.json,semiconductor_user_job_spc_configuration,UserConstant,用户常量,name,String,物理字段 UserConstantName,,no_matching_swagger_schema
semiconductor_user_job_spc_configuration_ontology.json,semiconductor_user_job_spc_configuration,UserConstant,用户常量,variableExpression,String,物理字段 VariableExpression,,no_matching_swagger_schema
semiconductor_user_job_spc_configuration_ontology.json,semiconductor_user_job_spc_configuration,UserConstant,用户常量,variableUsage,Integer,物理字段 VariableUsage,,no_matching_swagger_schema
semiconductor_user_job_spc_configuration_ontology.json,semiconductor_user_job_spc_configuration,UserConstant,用户常量,dataType,Integer,物理字段 DataType,,no_matching_swagger_schema
semiconductor_user_job_spc_configuration_ontology.json,semiconductor_user_job_spc_configuration,UserConstant,用户常量,isFrozen,Boolean,物理字段 IsFrozen,,no_matching_swagger_schema
semiconductor_user_job_spc_configuration_ontology.json,semiconductor_user_job_spc_configuration,UserConstant,用户常量,filterTags,String,物理字段 FilterTags,,no_matching_swagger_schema
semiconductor_user_job_spc_configuration_ontology.json,semiconductor_user_job_spc_configuration,WhereUsedConfig,使用位置配置,name,String,物理字段 WhereUsedConfigName,,no_matching_swagger_schema
semiconductor_user_job_spc_configuration_ontology.json,semiconductor_user_job_spc_configuration,WhereUsedConfig,使用位置配置,notes,String,物理字段 Notes,,no_matching_swagger_schema
semiconductor_user_job_spc_configuration_ontology.json,semiconductor_user_job_spc_configuration,WhereUsedConfig,使用位置配置,changeHistory,Navigation,物理字段 ChangeHistoryId → ChangeStatus,,no_matching_swagger_schema
semiconductor_user_job_spc_configuration_ontology.json,semiconductor_user_job_spc_configuration,WhereUsedConfig,使用位置配置,description,String,物理字段 Description,,no_matching_swagger_schema
semiconductor_user_job_spc_configuration_ontology.json,semiconductor_user_job_spc_configuration,WhereUsedConfig,使用位置配置,iconId,Integer,物理字段 IconId,,no_matching_swagger_schema
semiconductor_user_job_spc_configuration_ontology.json,semiconductor_user_job_spc_configuration,WhereUsedConfig,使用位置配置,isFrozen,Boolean,物理字段 IsFrozen,,no_matching_swagger_schema
semiconductor_user_job_spc_configuration_ontology.json,semiconductor_user_job_spc_configuration,WhereUsedConfig,使用位置配置,filterTags,String,物理字段 FilterTags,,no_matching_swagger_schema
semiconductor_user_job_spc_configuration_ontology.json,semiconductor_user_job_spc_configuration,A_SPCChart,SPC图表,notes,String,物理字段 Notes,,no_matching_swagger_schema
semiconductor_user_job_spc_configuration_ontology.json,semiconductor_user_job_spc_configuration,A_SPCChart,SPC图表,iconId,Integer,物理字段 IconId,,no_matching_swagger_schema
semiconductor_user_job_spc_configuration_ontology.json,semiconductor_user_job_spc_configuration,A_SPCChart,SPC图表,description,String,物理字段 Description,,no_matching_swagger_schema
semiconductor_user_job_spc_configuration_ontology.json,semiconductor_user_job_spc_configuration,A_SPCChart,SPC图表,isFrozen,Boolean,物理字段 IsFrozen,,no_matching_swagger_schema
semiconductor_user_job_spc_configuration_ontology.json,semiconductor_user_job_spc_configuration,A_SPCChart,SPC图表,name,String,物理字段 SPCChartName,,no_matching_swagger_schema
semiconductor_user_job_spc_configuration_ontology.json,semiconductor_user_job_spc_configuration,A_SPCChart,SPC图表,changeHistory,Navigation,物理字段 ChangeHistoryId → ChangeStatus,,no_matching_swagger_schema
semiconductor_user_job_spc_configuration_ontology.json,semiconductor_user_job_spc_configuration,A_SPCChart,SPC图表,setupAccess,Navigation,物理字段 SetupAccessId → A_SetupAccess,,no_matching_swagger_schema
semiconductor_user_job_spc_configuration_ontology.json,semiconductor_user_job_spc_configuration,A_SPCChart,SPC图表,scsLegacyChartType,Boolean,物理字段 scsLegacyChartType,,no_matching_swagger_schema
semiconductor_user_job_spc_configuration_ontology.json,semiconductor_user_job_spc_configuration,A_SPCChart,SPC图表,filterTags,String,物理字段 FilterTags,,no_matching_swagger_schema
semiconductor_user_job_spc_configuration_ontology.json,semiconductor_user_job_spc_configuration,A_JobCauseCode,作业原因代码,isFrozen,Boolean,物理字段 IsFrozen,,no_matching_swagger_schema
semiconductor_user_job_spc_configuration_ontology.json,semiconductor_user_job_spc_configuration,A_JobCauseCode,作业原因代码,iconId,Integer,物理字段 IconId,,no_matching_swagger_schema
semiconductor_user_job_spc_configuration_ontology.json,semiconductor_user_job_spc_configuration,A_JobCauseCode,作业原因代码,description,String,物理字段 Description,,no_matching_swagger_schema
semiconductor_user_job_spc_configuration_ontology.json,semiconductor_user_job_spc_configuration,A_JobCauseCode,作业原因代码,changeHistory,Navigation,物理字段 ChangeHistoryId → ChangeStatus,,no_matching_swagger_schema
semiconductor_user_job_spc_configuration_ontology.json,semiconductor_user_job_spc_configuration,A_JobCauseCode,作业原因代码,setupAccess,Navigation,物理字段 SetupAccessId → A_SetupAccess,,no_matching_swagger_schema
semiconductor_user_job_spc_configuration_ontology.json,semiconductor_user_job_spc_configuration,A_JobCauseCode,作业原因代码,notes,String,物理字段 Notes,,no_matching_swagger_schema
semiconductor_user_job_spc_configuration_ontology.json,semiconductor_user_job_spc_configuration,A_JobCauseCode,作业原因代码,name,String,物理字段 JobCauseCodeName,,no_matching_swagger_schema
semiconductor_user_job_spc_configuration_ontology.json,semiconductor_user_job_spc_configuration,A_JobCauseCode,作业原因代码,filterTags,String,物理字段 FilterTags,,no_matching_swagger_schema
semiconductor_user_job_spc_configuration_ontology.json,semiconductor_user_job_spc_configuration,A_JobRepairCode,作业维修代码,name,String,物理字段 JobRepairCodeName,,no_matching_swagger_schema
semiconductor_user_job_spc_configuration_ontology.json,semiconductor_user_job_spc_configuration,A_JobRepairCode,作业维修代码,isFrozen,Boolean,物理字段 IsFrozen,,no_matching_swagger_schema
semiconductor_user_job_spc_configuration_ontology.json,semiconductor_user_job_spc_configuration,A_JobRepairCode,作业维修代码,iconId,Integer,物理字段 IconId,,no_matching_swagger_schema
semiconductor_user_job_spc_configuration_ontology.json,semiconductor_user_job_spc_configuration,A_JobRepairCode,作业维修代码,description,String,物理字段 Description,,no_matching_swagger_schema
semiconductor_user_job_spc_configuration_ontology.json,semiconductor_user_job_spc_configuration,A_JobRepairCode,作业维修代码,changeHistory,Navigation,物理字段 ChangeHistoryId → ChangeStatus,,no_matching_swagger_schema
semiconductor_user_job_spc_configuration_ontology.json,semiconductor_user_job_spc_configuration,A_JobRepairCode,作业维修代码,setupAccess,Navigation,物理字段 SetupAccessId → A_SetupAccess,,no_matching_swagger_schema
semiconductor_user_job_spc_configuration_ontology.json,semiconductor_user_job_spc_configuration,A_JobRepairCode,作业维修代码,notes,String,物理字段 Notes,,no_matching_swagger_schema
semiconductor_user_job_spc_configuration_ontology.json,semiconductor_user_job_spc_configuration,A_JobRepairCode,作业维修代码,filterTags,String,物理字段 FilterTags,,no_matching_swagger_schema
semiconductor_user_job_spc_configuration_ontology.json,semiconductor_user_job_spc_configuration,A_JobStage,作业阶段,isFrozen,Boolean,物理字段 IsFrozen,,no_matching_swagger_schema
semiconductor_user_job_spc_configuration_ontology.json,semiconductor_user_job_spc_configuration,A_JobStage,作业阶段,notes,String,物理字段 Notes,,no_matching_swagger_schema
semiconductor_user_job_spc_configuration_ontology.json,semiconductor_user_job_spc_configuration,A_JobStage,作业阶段,description,String,物理字段 Description,,no_matching_swagger_schema
semiconductor_user_job_spc_configuration_ontology.json,semiconductor_user_job_spc_configuration,A_JobStage,作业阶段,changeHistory,Navigation,物理字段 ChangeHistoryId → ChangeStatus,,no_matching_swagger_schema
semiconductor_user_job_spc_configuration_ontology.json,semiconductor_user_job_spc_configuration,A_JobStage,作业阶段,name,String,物理字段 JobStageName,,no_matching_swagger_schema
semiconductor_user_job_spc_configuration_ontology.json,semiconductor_user_job_spc_configuration,A_JobStage,作业阶段,iconId,Integer,物理字段 IconId,,no_matching_swagger_schema
semiconductor_user_job_spc_configuration_ontology.json,semiconductor_user_job_spc_configuration,A_JobStage,作业阶段,setupAccess,Navigation,物理字段 SetupAccessId → A_SetupAccess,,no_matching_swagger_schema
semiconductor_user_job_spc_configuration_ontology.json,semiconductor_user_job_spc_configuration,A_JobStage,作业阶段,filterTags,String,物理字段 FilterTags,,no_matching_swagger_schema
semiconductor_user_job_spc_configuration_ontology.json,semiconductor_user_job_spc_configuration,A_JobSymptomCode,作业症状代码,isFrozen,Boolean,物理字段 IsFrozen,,no_matching_swagger_schema
semiconductor_user_job_spc_configuration_ontology.json,semiconductor_user_job_spc_configuration,A_JobSymptomCode,作业症状代码,iconId,Integer,物理字段 IconId,,no_matching_swagger_schema
semiconductor_user_job_spc_configuration_ontology.json,semiconductor_user_job_spc_configuration,A_JobSymptomCode,作业症状代码,description,String,物理字段 Description,,no_matching_swagger_schema
semiconductor_user_job_spc_configuration_ontology.json,semiconductor_user_job_spc_configuration,A_JobSymptomCode,作业症状代码,setupAccess,Navigation,物理字段 SetupAccessId → A_SetupAccess,,no_matching_swagger_schema
semiconductor_user_job_spc_configuration_ontology.json,semiconductor_user_job_spc_configuration,A_JobSymptomCode,作业症状代码,notes,String,物理字段 Notes,,no_matching_swagger_schema
semiconductor_user_job_spc_configuration_ontology.json,semiconductor_user_job_spc_configuration,A_JobSymptomCode,作业症状代码,changeHistory,Navigation,物理字段 ChangeHistoryId → ChangeStatus,,no_matching_swagger_schema
semiconductor_user_job_spc_configuration_ontology.json,semiconductor_user_job_spc_configuration,A_JobSymptomCode,作业症状代码,name,String,物理字段 JobSymptomCodeName,,no_matching_swagger_schema
semiconductor_user_job_spc_configuration_ontology.json,semiconductor_user_job_spc_configuration,A_JobSymptomCode,作业症状代码,filterTags,String,物理字段 FilterTags,,no_matching_swagger_schema
semiconductor_user_job_spc_configuration_ontology.json,semiconductor_user_job_spc_configuration,ResourceStatusCodeGroupDef,资源状态代码组定义,resourceStatusCodeGroup,Navigation,物理字段 ResourceStatusCodeGroupId → ResourceStatusCodeGroup,,no_matching_swagger_schema
semiconductor_user_job_spc_configuration_ontology.json,semiconductor_user_job_spc_configuration,ResourceStatusCodeGroupDef,资源状态代码组定义,fieldId,Integer,物理字段 FieldId,,no_matching_swagger_schema
semiconductor_user_job_spc_configuration_ontology.json,semiconductor_user_job_spc_configuration,ResourceStatusCodeGroupDef,资源状态代码组定义,sequence,Integer,物理字段 Sequence,,no_matching_swagger_schema
semiconductor_user_job_spc_configuration_ontology.json,semiconductor_user_job_spc_configuration,ResourceStatusCodeGroupDef,资源状态代码组定义,defaultForObjectTypes,Array,物理字段 DefaultForObjectTypes,,no_matching_swagger_schema
semiconductor_wafer_experiment_ontology.json,semiconductor_wafer_experiment,A_AttributeType,属性类型,iconId,Integer,物理字段 IconId,,no_matching_swagger_schema
semiconductor_wafer_experiment_ontology.json,semiconductor_wafer_experiment,A_AttributeType,属性类型,notes,String,物理字段 Notes,,no_matching_swagger_schema
semiconductor_wafer_experiment_ontology.json,semiconductor_wafer_experiment,A_AttributeType,属性类型,setupAccess,Navigation,物理字段 SetupAccessId → A_SetupAccess,,no_matching_swagger_schema
semiconductor_wafer_experiment_ontology.json,semiconductor_wafer_experiment,A_AttributeType,属性类型,description,String,物理字段 Description,,no_matching_swagger_schema
semiconductor_wafer_experiment_ontology.json,semiconductor_wafer_experiment,A_AttributeType,属性类型,isFrozen,Boolean,物理字段 IsFrozen,,no_matching_swagger_schema
semiconductor_wafer_experiment_ontology.json,semiconductor_wafer_experiment,A_AttributeType,属性类型,name,String,物理字段 AttributeTypeName,,no_matching_swagger_schema
semiconductor_wafer_experiment_ontology.json,semiconductor_wafer_experiment,A_AttributeType,属性类型,changeHistory,Navigation,物理字段 ChangeHistoryId → ChangeStatus,,no_matching_swagger_schema
semiconductor_wafer_experiment_ontology.json,semiconductor_wafer_experiment,A_AttributeType,属性类型,filterTags,String,物理字段 FilterTags,,no_matching_swagger_schema
semiconductor_wafer_experiment_ontology.json,semiconductor_wafer_experiment,A_BinType,Bin类型,description,String,物理字段 Description,,no_matching_swagger_schema
semiconductor_wafer_experiment_ontology.json,semiconductor_wafer_experiment,A_BinType,Bin类型,iconId,Integer,物理字段 IconId,,no_matching_swagger_schema
semiconductor_wafer_experiment_ontology.json,semiconductor_wafer_experiment,A_BinType,Bin类型,changeHistory,Navigation,物理字段 ChangeHistoryId → ChangeStatus,,no_matching_swagger_schema
semiconductor_wafer_experiment_ontology.json,semiconductor_wafer_experiment,A_BinType,Bin类型,notes,String,物理字段 Notes,,no_matching_swagger_schema
semiconductor_wafer_experiment_ontology.json,semiconductor_wafer_experiment,A_BinType,Bin类型,attribute,Navigation,物理字段 AttributeId → A_ModifyAttrsSetup,,no_matching_swagger_schema
semiconductor_wafer_experiment_ontology.json,semiconductor_wafer_experiment,A_BinType,Bin类型,setupAccess,Navigation,物理字段 SetupAccessId → A_SetupAccess,,no_matching_swagger_schema
semiconductor_wafer_experiment_ontology.json,semiconductor_wafer_experiment,A_BinType,Bin类型,isFrozen,Boolean,物理字段 IsFrozen,,no_matching_swagger_schema
semiconductor_wafer_experiment_ontology.json,semiconductor_wafer_experiment,A_BinType,Bin类型,name,String,物理字段 BinTypeName,,no_matching_swagger_schema
semiconductor_wafer_experiment_ontology.json,semiconductor_wafer_experiment,A_BinType,Bin类型,filterTags,String,物理字段 FilterTags,,no_matching_swagger_schema
semiconductor_wafer_experiment_ontology.json,semiconductor_wafer_experiment,A_ItemCategory,物项类别,setupAccess,Navigation,物理字段 SetupAccessId → A_SetupAccess,,no_matching_swagger_schema
semiconductor_wafer_experiment_ontology.json,semiconductor_wafer_experiment,A_ItemCategory,物项类别,iconId,Integer,物理字段 IconId,,no_matching_swagger_schema
semiconductor_wafer_experiment_ontology.json,semiconductor_wafer_experiment,A_ItemCategory,物项类别,changeHistory,Navigation,物理字段 ChangeHistoryId → ChangeStatus,,no_matching_swagger_schema
semiconductor_wafer_experiment_ontology.json,semiconductor_wafer_experiment,A_ItemCategory,物项类别,maxLevel,Integer,物理字段 MaxLevel,,no_matching_swagger_schema
semiconductor_wafer_experiment_ontology.json,semiconductor_wafer_experiment,A_ItemCategory,物项类别,name,String,物理字段 ItemCategoryName,,no_matching_swagger_schema
semiconductor_wafer_experiment_ontology.json,semiconductor_wafer_experiment,A_ItemCategory,物项类别,isFrozen,Boolean,物理字段 IsFrozen,,no_matching_swagger_schema
semiconductor_wafer_experiment_ontology.json,semiconductor_wafer_experiment,A_ItemCategory,物项类别,description,String,物理字段 Description,,no_matching_swagger_schema
semiconductor_wafer_experiment_ontology.json,semiconductor_wafer_experiment,A_ItemCategory,物项类别,notes,String,物理字段 Notes,,no_matching_swagger_schema
semiconductor_wafer_experiment_ontology.json,semiconductor_wafer_experiment,A_ItemCategory,物项类别,filterTags,String,物理字段 FilterTags,,no_matching_swagger_schema
semiconductor_wafer_experiment_ontology.json,semiconductor_wafer_experiment,A_ItemType,物项类型,filterTags,String,物理字段 FilterTags,,no_matching_swagger_schema
semiconductor_wafer_experiment_ontology.json,semiconductor_wafer_experiment,A_ItemType,物项类型,notes,String,物理字段 Notes,,no_matching_swagger_schema
semiconductor_wafer_experiment_ontology.json,semiconductor_wafer_experiment,A_ItemType,物项类型,changeHistory,Navigation,物理字段 ChangeHistoryId → ChangeStatus,,no_matching_swagger_schema
semiconductor_wafer_experiment_ontology.json,semiconductor_wafer_experiment,A_ItemType,物项类型,description,String,物理字段 Description,,no_matching_swagger_schema
semiconductor_wafer_experiment_ontology.json,semiconductor_wafer_experiment,A_ItemType,物项类型,iconId,Integer,物理字段 IconId,,no_matching_swagger_schema
semiconductor_wafer_experiment_ontology.json,semiconductor_wafer_experiment,A_ItemType,物项类型,isFrozen,Boolean,物理字段 IsFrozen,,no_matching_swagger_schema
semiconductor_wafer_experiment_ontology.json,semiconductor_wafer_experiment,A_ItemType,物项类型,name,String,物理字段 ItemTypeName,,no_matching_swagger_schema
semiconductor_wafer_experiment_ontology.json,semiconductor_wafer_experiment,A_ItemType,物项类型,maxZValue,Float,物理字段 MaxZValue,,no_matching_swagger_schema
semiconductor_wafer_experiment_ontology.json,semiconductor_wafer_experiment,A_ItemType,物项类型,minXValue,Float,物理字段 MinXValue,,no_matching_swagger_schema
semiconductor_wafer_experiment_ontology.json,semiconductor_wafer_experiment,A_ItemType,物项类型,maxYValue,Float,物理字段 MaxYValue,,no_matching_swagger_schema
semiconductor_wafer_experiment_ontology.json,semiconductor_wafer_experiment,A_ItemType,物项类型,maxXValue,Float,物理字段 MaxXValue,,no_matching_swagger_schema
semiconductor_wafer_experiment_ontology.json,semiconductor_wafer_experiment,A_ItemType,物项类型,maxItemQty,Float,物理字段 MaxItemQty,,no_matching_swagger_schema
semiconductor_wafer_experiment_ontology.json,semiconductor_wafer_experiment,A_ItemType,物项类型,minItemQty,Float,物理字段 MinItemQty,,no_matching_swagger_schema
semiconductor_wafer_experiment_ontology.json,semiconductor_wafer_experiment,A_ItemType,物项类型,minZValue,Float,物理字段 MinZValue,,no_matching_swagger_schema
semiconductor_wafer_experiment_ontology.json,semiconductor_wafer_experiment,A_ItemType,物项类型,dynamicItemQty,String,物理字段 DynamicItemQty,,no_matching_swagger_schema
semiconductor_wafer_experiment_ontology.json,semiconductor_wafer_experiment,A_ItemType,物项类型,minYValue,Float,物理字段 MinYValue,,no_matching_swagger_schema
semiconductor_wafer_experiment_ontology.json,semiconductor_wafer_experiment,A_ItemType,物项类型,setupAccess,Navigation,物理字段 SetupAccessId → A_SetupAccess,,no_matching_swagger_schema
semiconductor_wafer_experiment_ontology.json,semiconductor_wafer_experiment,A_WaferAttributeSetup,晶圆属性配置,name,String,物理字段 WaferAttributeSetupName,,no_matching_swagger_schema
semiconductor_wafer_experiment_ontology.json,semiconductor_wafer_experiment,A_WaferAttributeSetup,晶圆属性配置,isFrozen,Boolean,物理字段 IsFrozen,,no_matching_swagger_schema
semiconductor_wafer_experiment_ontology.json,semiconductor_wafer_experiment,A_WaferAttributeSetup,晶圆属性配置,fieldType,String,物理字段 FieldType,,no_matching_swagger_schema
semiconductor_wafer_experiment_ontology.json,semiconductor_wafer_experiment,A_WaferAttributeSetup,晶圆属性配置,setupAccess,Navigation,物理字段 SetupAccessId → A_SetupAccess,,no_matching_swagger_schema
semiconductor_wafer_experiment_ontology.json,semiconductor_wafer_experiment,A_WaferAttributeSetup,晶圆属性配置,notes,String,物理字段 Notes,,no_matching_swagger_schema
semiconductor_wafer_experiment_ontology.json,semiconductor_wafer_experiment,A_WaferAttributeSetup,晶圆属性配置,changeHistory,Navigation,物理字段 ChangeHistoryId → ChangeStatus,,no_matching_swagger_schema
semiconductor_wafer_experiment_ontology.json,semiconductor_wafer_experiment,A_WaferAttributeSetup,晶圆属性配置,description,String,物理字段 Description,,no_matching_swagger_schema
semiconductor_wafer_experiment_ontology.json,semiconductor_wafer_experiment,A_WaferAttributeSetup,晶圆属性配置,iconId,Integer,物理字段 IconId,,no_matching_swagger_schema
semiconductor_wafer_experiment_ontology.json,semiconductor_wafer_experiment,A_WaferAttributeSetup,晶圆属性配置,filterTags,String,物理字段 FilterTags,,no_matching_swagger_schema
semiconductor_wafer_experiment_ontology.json,semiconductor_wafer_experiment,scsWaferDataSampling,晶圆数据抽样,setupAccess,Navigation,物理字段 SetupAccessId → A_SetupAccess,,no_matching_swagger_schema
semiconductor_wafer_experiment_ontology.json,semiconductor_wafer_experiment,scsWaferDataSampling,晶圆数据抽样,notes,String,物理字段 Notes,,no_matching_swagger_schema
semiconductor_wafer_experiment_ontology.json,semiconductor_wafer_experiment,scsWaferDataSampling,晶圆数据抽样,changeHistory,Navigation,物理字段 ChangeHistoryId → ChangeStatus,,no_matching_swagger_schema
semiconductor_wafer_experiment_ontology.json,semiconductor_wafer_experiment,scsWaferDataSampling,晶圆数据抽样,description,String,物理字段 Description,,no_matching_swagger_schema
semiconductor_wafer_experiment_ontology.json,semiconductor_wafer_experiment,scsWaferDataSampling,晶圆数据抽样,iconId,Integer,物理字段 IconId,,no_matching_swagger_schema
semiconductor_wafer_experiment_ontology.json,semiconductor_wafer_experiment,scsWaferDataSampling,晶圆数据抽样,isFrozen,Boolean,物理字段 IsFrozen,,no_matching_swagger_schema
semiconductor_wafer_experiment_ontology.json,semiconductor_wafer_experiment,scsWaferDataSampling,晶圆数据抽样,name,String,物理字段 scsWaferDataSamplingName,,no_matching_swagger_schema
semiconductor_wafer_experiment_ontology.json,semiconductor_wafer_experiment,scsWaferDataSampling,晶圆数据抽样,scsSlotNumbers,Integer,物理字段 scsSlotNumbers,,no_matching_swagger_schema
semiconductor_wafer_experiment_ontology.json,semiconductor_wafer_experiment,scsWaferDataSampling,晶圆数据抽样,filterTags,String,物理字段 FilterTags,,no_matching_swagger_schema
semiconductor_wafer_experiment_ontology.json,semiconductor_wafer_experiment,scsWaferDataSampling,晶圆数据抽样,scsSamplingMethod,Integer,物理字段 scsSamplingMethod,,no_matching_swagger_schema
semiconductor_wafer_experiment_ontology.json,semiconductor_wafer_experiment,scsWaferDataSampling,晶圆数据抽样,scsSampleSize,Integer,物理字段 scsSampleSize,,no_matching_swagger_schema
semiconductor_wafer_experiment_ontology.json,semiconductor_wafer_experiment,scsWaferDataSampling,晶圆数据抽样,scsSamplePercentage,Integer,物理字段 scsSamplePercentage,,no_matching_swagger_schema
semiconductor_wafer_experiment_ontology.json,semiconductor_wafer_experiment,A_ExperimentPlan,实验计划,experimentPlanBase,Navigation,物理字段 ExperimentPlanBaseId → A_ExperimentPlanBase,,no_matching_swagger_schema
semiconductor_wafer_experiment_ontology.json,semiconductor_wafer_experiment,A_ExperimentPlan,实验计划,experimentPlanStatus,String,物理字段 ExperimentPlanStatus,,no_matching_swagger_schema
semiconductor_wafer_experiment_ontology.json,semiconductor_wafer_experiment,A_ExperimentPlan,实验计划,isFrozen,Boolean,物理字段 IsFrozen,,no_matching_swagger_schema
semiconductor_wafer_experiment_ontology.json,semiconductor_wafer_experiment,A_ExperimentPlan,实验计划,processSpec,Navigation,物理字段 ProcessSpecId → A_ProcessSpec,,no_matching_swagger_schema
semiconductor_wafer_experiment_ontology.json,semiconductor_wafer_experiment,A_ExperimentPlan,实验计划,description,String,物理字段 Description,,no_matching_swagger_schema
semiconductor_wafer_experiment_ontology.json,semiconductor_wafer_experiment,A_ExperimentPlan,实验计划,effectiveThruDate,DateTime,物理字段 EffectiveThruDate,,no_matching_swagger_schema
semiconductor_wafer_experiment_ontology.json,semiconductor_wafer_experiment,A_ExperimentPlan,实验计划,wipMsgDefMgr,Navigation,物理字段 WIPMsgDefMgrId → WIPMsgDefMgr,,no_matching_swagger_schema
semiconductor_wafer_experiment_ontology.json,semiconductor_wafer_experiment,A_ExperimentPlan,实验计划,revision,String,物理字段 Revision,,no_matching_swagger_schema
semiconductor_wafer_experiment_ontology.json,semiconductor_wafer_experiment,A_ExperimentPlan,实验计划,notes,String,物理字段 Notes,,no_matching_swagger_schema
semiconductor_wafer_experiment_ontology.json,semiconductor_wafer_experiment,A_ExperimentPlan,实验计划,setupAccess,Navigation,物理字段 SetupAccessId → A_SetupAccess,,no_matching_swagger_schema
semiconductor_wafer_experiment_ontology.json,semiconductor_wafer_experiment,A_ExperimentPlan,实验计划,status,Integer,物理字段 Status,,no_matching_swagger_schema
semiconductor_wafer_experiment_ontology.json,semiconductor_wafer_experiment,A_ExperimentPlan,实验计划,changeHistory,Navigation,物理字段 ChangeHistoryId → ChangeStatus,,no_matching_swagger_schema
semiconductor_wafer_experiment_ontology.json,semiconductor_wafer_experiment,A_ExperimentPlan,实验计划,eco,String,物理字段 ECO,,no_matching_swagger_schema
semiconductor_wafer_experiment_ontology.json,semiconductor_wafer_experiment,A_ExperimentPlan,实验计划,iconId,Integer,物理字段 IconId,,no_matching_swagger_schema
semiconductor_wafer_experiment_ontology.json,semiconductor_wafer_experiment,A_ExperimentPlan,实验计划,effectiveFromDate,DateTime,物理字段 EffectiveFromDate,,no_matching_swagger_schema
semiconductor_wafer_experiment_ontology.json,semiconductor_wafer_experiment,A_ExperimentPlan,实验计划,ownerGroup,Navigation,物理字段 OwnerGroupId → A_EmployeeGroup,,no_matching_swagger_schema
semiconductor_wafer_experiment_ontology.json,semiconductor_wafer_experiment,A_ExperimentPlan,实验计划,reviewAndApprovalGroup,Navigation,物理字段 ReviewAndApprovalGroupId → A_EmployeeGroup,,no_matching_swagger_schema
semiconductor_wafer_experiment_ontology.json,semiconductor_wafer_experiment,A_ExperimentPlan,实验计划,filterTags,String,物理字段 FilterTags,,no_matching_swagger_schema
semiconductor_wafer_experiment_ontology.json,semiconductor_wafer_experiment,A_ExpAutoHold,实验自动Hold,notes,String,物理字段 Notes,,no_matching_swagger_schema
semiconductor_wafer_experiment_ontology.json,semiconductor_wafer_experiment,A_ExpAutoHold,实验自动Hold,description,String,物理字段 Description,,no_matching_swagger_schema
semiconductor_wafer_experiment_ontology.json,semiconductor_wafer_experiment,A_ExpAutoHold,实验自动Hold,holdLocation,Navigation,物理字段 HoldLocationId → A_HoldLocation,,no_matching_swagger_schema
semiconductor_wafer_experiment_ontology.json,semiconductor_wafer_experiment,A_ExpAutoHold,实验自动Hold,setupAccess,Navigation,物理字段 SetupAccessId → A_SetupAccess,,no_matching_swagger_schema
semiconductor_wafer_experiment_ontology.json,semiconductor_wafer_experiment,A_ExpAutoHold,实验自动Hold,emailGroup,Navigation,物理字段 EmailGroupId → A_EmailGroup,,no_matching_swagger_schema
semiconductor_wafer_experiment_ontology.json,semiconductor_wafer_experiment,A_ExpAutoHold,实验自动Hold,name,String,物理字段 ExpAutoHoldName,,no_matching_swagger_schema
semiconductor_wafer_experiment_ontology.json,semiconductor_wafer_experiment,A_ExpAutoHold,实验自动Hold,expectedHoldDays,Float,物理字段 ExpectedHoldDays,,no_matching_swagger_schema
semiconductor_wafer_experiment_ontology.json,semiconductor_wafer_experiment,A_ExpAutoHold,实验自动Hold,changeHistory,Navigation,物理字段 ChangeHistoryId → ChangeStatus,,no_matching_swagger_schema
semiconductor_wafer_experiment_ontology.json,semiconductor_wafer_experiment,A_ExpAutoHold,实验自动Hold,comments,String,物理字段 Comments,,no_matching_swagger_schema
semiconductor_wafer_experiment_ontology.json,semiconductor_wafer_experiment,A_ExpAutoHold,实验自动Hold,holdReason,Navigation,物理字段 HoldReasonId → HoldReason,,no_matching_swagger_schema
semiconductor_wafer_experiment_ontology.json,semiconductor_wafer_experiment,A_ExpAutoHold,实验自动Hold,iconId,Integer,物理字段 IconId,,no_matching_swagger_schema
semiconductor_wafer_experiment_ontology.json,semiconductor_wafer_experiment,A_ExpAutoHold,实验自动Hold,isFrozen,Boolean,物理字段 IsFrozen,,no_matching_swagger_schema
semiconductor_wafer_experiment_ontology.json,semiconductor_wafer_experiment,A_ExpAutoHold,实验自动Hold,filterTags,String,物理字段 FilterTags,,no_matching_swagger_schema
semiconductor_wafer_experiment_ontology.json,semiconductor_wafer_experiment,A_ExpAutoSS,实验自动排程计划,comments,String,物理字段 Comments,,no_matching_swagger_schema
semiconductor_wafer_experiment_ontology.json,semiconductor_wafer_experiment,A_ExpAutoSS,实验自动排程计划,notes,String,物理字段 Notes,,no_matching_swagger_schema
semiconductor_wafer_experiment_ontology.json,semiconductor_wafer_experiment,A_ExpAutoSS,实验自动排程计划,changeHistory,Navigation,物理字段 ChangeHistoryId → ChangeStatus,,no_matching_swagger_schema
semiconductor_wafer_experiment_ontology.json,semiconductor_wafer_experiment,A_ExpAutoSS,实验自动排程计划,description,String,物理字段 Description,,no_matching_swagger_schema
semiconductor_wafer_experiment_ontology.json,semiconductor_wafer_experiment,A_ExpAutoSS,实验自动排程计划,isFrozen,Boolean,物理字段 IsFrozen,,no_matching_swagger_schema
semiconductor_wafer_experiment_ontology.json,semiconductor_wafer_experiment,A_ExpAutoSS,实验自动排程计划,setupAccess,Navigation,物理字段 SetupAccessId → A_SetupAccess,,no_matching_swagger_schema
semiconductor_wafer_experiment_ontology.json,semiconductor_wafer_experiment,A_ExpAutoSS,实验自动排程计划,ssPlan,Navigation,物理字段 SSPlanId → A_ScheduleSSPlan,,no_matching_swagger_schema
semiconductor_wafer_experiment_ontology.json,semiconductor_wafer_experiment,A_ExpAutoSS,实验自动排程计划,name,String,物理字段 ExpAutoSSName,,no_matching_swagger_schema
semiconductor_wafer_experiment_ontology.json,semiconductor_wafer_experiment,A_ExpAutoSS,实验自动排程计划,iconId,Integer,物理字段 IconId,,no_matching_swagger_schema
semiconductor_wafer_experiment_ontology.json,semiconductor_wafer_experiment,A_ExpAutoSS,实验自动排程计划,filterTags,String,物理字段 FilterTags,,no_matching_swagger_schema
semiconductor_wafer_experiment_ontology.json,semiconductor_wafer_experiment,A_ExpAutoSplit,实验自动拆分,description,String,物理字段 Description,,no_matching_swagger_schema
semiconductor_wafer_experiment_ontology.json,semiconductor_wafer_experiment,A_ExpAutoSplit,实验自动拆分,slotNumbers,String,物理字段 SlotNumbers,,no_matching_swagger_schema
semiconductor_wafer_experiment_ontology.json,semiconductor_wafer_experiment,A_ExpAutoSplit,实验自动拆分,setupAccess,Navigation,物理字段 SetupAccessId → A_SetupAccess,,no_matching_swagger_schema
semiconductor_wafer_experiment_ontology.json,semiconductor_wafer_experiment,A_ExpAutoSplit,实验自动拆分,name,String,物理字段 ExpAutoSplitName,,no_matching_swagger_schema
semiconductor_wafer_experiment_ontology.json,semiconductor_wafer_experiment,A_ExpAutoSplit,实验自动拆分,actionPlanAfterSplit,Integer,物理字段 ActionPlanAfterSplit,,no_matching_swagger_schema
semiconductor_wafer_experiment_ontology.json,semiconductor_wafer_experiment,A_ExpAutoSplit,实验自动拆分,futureCombineSpec,Navigation,物理字段 FutureCombineSpecId → Spec,,no_matching_swagger_schema
semiconductor_wafer_experiment_ontology.json,semiconductor_wafer_experiment,A_ExpAutoSplit,实验自动拆分,iconId,Integer,物理字段 IconId,,no_matching_swagger_schema
semiconductor_wafer_experiment_ontology.json,semiconductor_wafer_experiment,A_ExpAutoSplit,实验自动拆分,changeHistory,Navigation,物理字段 ChangeHistoryId → ChangeStatus,,no_matching_swagger_schema
semiconductor_wafer_experiment_ontology.json,semiconductor_wafer_experiment,A_ExpAutoSplit,实验自动拆分,notes,String,物理字段 Notes,,no_matching_swagger_schema
semiconductor_wafer_experiment_ontology.json,semiconductor_wafer_experiment,A_ExpAutoSplit,实验自动拆分,comments,String,物理字段 Comments,,no_matching_swagger_schema
semiconductor_wafer_experiment_ontology.json,semiconductor_wafer_experiment,A_ExpAutoSplit,实验自动拆分,waferCount,Integer,物理字段 WaferCount,,no_matching_swagger_schema
semiconductor_wafer_experiment_ontology.json,semiconductor_wafer_experiment,A_ExpAutoSplit,实验自动拆分,splitType,Integer,物理字段 SplitType,,no_matching_swagger_schema
semiconductor_wafer_experiment_ontology.json,semiconductor_wafer_experiment,A_ExpAutoSplit,实验自动拆分,isFrozen,Boolean,物理字段 IsFrozen,,no_matching_swagger_schema
semiconductor_wafer_experiment_ontology.json,semiconductor_wafer_experiment,A_ExpAutoSplit,实验自动拆分,ssSplitQty,Integer,物理字段 ss_SplitQty,,no_matching_swagger_schema
semiconductor_wafer_experiment_ontology.json,semiconductor_wafer_experiment,A_ExpAutoSplit,实验自动拆分,filterTags,String,物理字段 FilterTags,,no_matching_swagger_schema
semiconductor_wafer_experiment_ontology.json,semiconductor_wafer_experiment,A_ExpSpecialCheckSheet,实验特殊检查表,changeHistory,Navigation,物理字段 ChangeHistoryId → ChangeStatus,,no_matching_swagger_schema
semiconductor_wafer_experiment_ontology.json,semiconductor_wafer_experiment,A_ExpSpecialCheckSheet,实验特殊检查表,isFrozen,Boolean,物理字段 IsFrozen,,no_matching_swagger_schema
semiconductor_wafer_experiment_ontology.json,semiconductor_wafer_experiment,A_ExpSpecialCheckSheet,实验特殊检查表,description,String,物理字段 Description,,no_matching_swagger_schema
semiconductor_wafer_experiment_ontology.json,semiconductor_wafer_experiment,A_ExpSpecialCheckSheet,实验特殊检查表,setupAccess,Navigation,物理字段 SetupAccessId → A_SetupAccess,,no_matching_swagger_schema
semiconductor_wafer_experiment_ontology.json,semiconductor_wafer_experiment,A_ExpSpecialCheckSheet,实验特殊检查表,iconId,Integer,物理字段 IconId,,no_matching_swagger_schema
semiconductor_wafer_experiment_ontology.json,semiconductor_wafer_experiment,A_ExpSpecialCheckSheet,实验特殊检查表,notes,String,物理字段 Notes,,no_matching_swagger_schema
semiconductor_wafer_experiment_ontology.json,semiconductor_wafer_experiment,A_ExpSpecialCheckSheet,实验特殊检查表,name,String,物理字段 ExpSpecialCheckSheetName,,no_matching_swagger_schema
semiconductor_wafer_experiment_ontology.json,semiconductor_wafer_experiment,A_ExpSpecialCheckSheet,实验特殊检查表,filterTags,String,物理字段 FilterTags,,no_matching_swagger_schema
semiconductor_wafer_experiment_ontology.json,semiconductor_wafer_experiment,A_ExpSpecialInstructions,实验特殊指令,name,String,物理字段 ExpSpecialInstructionsName,,no_matching_swagger_schema
semiconductor_wafer_experiment_ontology.json,semiconductor_wafer_experiment,A_ExpSpecialInstructions,实验特殊指令,iconId,Integer,物理字段 IconId,,no_matching_swagger_schema
semiconductor_wafer_experiment_ontology.json,semiconductor_wafer_experiment,A_ExpSpecialInstructions,实验特殊指令,changeHistory,Navigation,物理字段 ChangeHistoryId → ChangeStatus,,no_matching_swagger_schema
semiconductor_wafer_experiment_ontology.json,semiconductor_wafer_experiment,A_ExpSpecialInstructions,实验特殊指令,setupAccess,Navigation,物理字段 SetupAccessId → A_SetupAccess,,no_matching_swagger_schema
semiconductor_wafer_experiment_ontology.json,semiconductor_wafer_experiment,A_ExpSpecialInstructions,实验特殊指令,trackOutInstruction,String,物理字段 TrackOutInstruction,,no_matching_swagger_schema
semiconductor_wafer_experiment_ontology.json,semiconductor_wafer_experiment,A_ExpSpecialInstructions,实验特殊指令,notes,String,物理字段 Notes,,no_matching_swagger_schema
semiconductor_wafer_experiment_ontology.json,semiconductor_wafer_experiment,A_ExpSpecialInstructions,实验特殊指令,moveOutInstruction,String,物理字段 MoveOutInstruction,,no_matching_swagger_schema
semiconductor_wafer_experiment_ontology.json,semiconductor_wafer_experiment,A_ExpSpecialInstructions,实验特殊指令,trackInInstruction,String,物理字段 TrackInInstruction,,no_matching_swagger_schema
semiconductor_wafer_experiment_ontology.json,semiconductor_wafer_experiment,A_ExpSpecialInstructions,实验特殊指令,moveInInstruction,String,物理字段 MoveInInstruction,,no_matching_swagger_schema
semiconductor_wafer_experiment_ontology.json,semiconductor_wafer_experiment,A_ExpSpecialInstructions,实验特殊指令,isFrozen,Boolean,物理字段 IsFrozen,,no_matching_swagger_schema
semiconductor_wafer_experiment_ontology.json,semiconductor_wafer_experiment,A_ExpSpecialInstructions,实验特殊指令,description,String,物理字段 Description,,no_matching_swagger_schema
semiconductor_wafer_experiment_ontology.json,semiconductor_wafer_experiment,A_ExpSpecialInstructions,实验特殊指令,filterTags,String,物理字段 FilterTags,,no_matching_swagger_schema
semiconductor_wafer_experiment_ontology.json,semiconductor_wafer_experiment,ss_BlanketExperiments,批量实验配置,scsWorkOrder,Navigation,物理字段 scsWorkOrderId → MfgOrder,,no_matching_swagger_schema
semiconductor_wafer_experiment_ontology.json,semiconductor_wafer_experiment,ss_BlanketExperiments,批量实验配置,filterTags,String,物理字段 FilterTags,,no_matching_swagger_schema
semiconductor_wafer_experiment_ontology.json,semiconductor_wafer_experiment,ss_BlanketExperiments,批量实验配置,changeHistory,Navigation,物理字段 ChangeHistoryId → ChangeStatus,,no_matching_swagger_schema
semiconductor_wafer_experiment_ontology.json,semiconductor_wafer_experiment,ss_BlanketExperiments,批量实验配置,ssSpec,Navigation,物理字段 ss_SpecId → Spec,,no_matching_swagger_schema
semiconductor_wafer_experiment_ontology.json,semiconductor_wafer_experiment,ss_BlanketExperiments,批量实验配置,notes,String,物理字段 Notes,,no_matching_swagger_schema
semiconductor_wafer_experiment_ontology.json,semiconductor_wafer_experiment,ss_BlanketExperiments,批量实验配置,description,String,物理字段 Description,,no_matching_swagger_schema
semiconductor_wafer_experiment_ontology.json,semiconductor_wafer_experiment,ss_BlanketExperiments,批量实验配置,ssWipStepMainWorkflowName,String,物理字段 ss_WIPStepMainWorkflowName,,no_matching_swagger_schema
semiconductor_wafer_experiment_ontology.json,semiconductor_wafer_experiment,ss_BlanketExperiments,批量实验配置,ssOwner,Navigation,物理字段 ss_OwnerId → Owner,,no_matching_swagger_schema
semiconductor_wafer_experiment_ontology.json,semiconductor_wafer_experiment,ss_BlanketExperiments,批量实验配置,ssEquipmentGroup,Navigation,物理字段 ss_EquipmentGroupId → ResourceGroup,,no_matching_swagger_schema
semiconductor_wafer_experiment_ontology.json,semiconductor_wafer_experiment,ss_BlanketExperiments,批量实验配置,ssWfStackSteps,String,物理字段 ss_WfStackSteps,,no_matching_swagger_schema
semiconductor_wafer_experiment_ontology.json,semiconductor_wafer_experiment,ss_BlanketExperiments,批量实验配置,ssWfStackKey,String,物理字段 ss_WfStackKey,,no_matching_swagger_schema
semiconductor_wafer_experiment_ontology.json,semiconductor_wafer_experiment,ss_BlanketExperiments,批量实验配置,name,String,物理字段 ss_BlanketExperimentsName,,no_matching_swagger_schema
semiconductor_wafer_experiment_ontology.json,semiconductor_wafer_experiment,ss_BlanketExperiments,批量实验配置,ssExperimentPlan,Navigation,物理字段 ss_ExperimentPlanId → A_ExperimentPlan,,no_matching_swagger_schema
semiconductor_wafer_experiment_ontology.json,semiconductor_wafer_experiment,ss_BlanketExperiments,批量实验配置,isFrozen,Boolean,物理字段 IsFrozen,,no_matching_swagger_schema
semiconductor_wafer_experiment_ontology.json,semiconductor_wafer_experiment,ss_BlanketExperiments,批量实验配置,setupAccess,Navigation,物理字段 SetupAccessId → A_SetupAccess,,no_matching_swagger_schema
semiconductor_wafer_experiment_ontology.json,semiconductor_wafer_experiment,ss_BlanketExperiments,批量实验配置,ssWipStepWorkflow,Navigation,物理字段 ss_WIPStepWorkflowId → Workflow,,no_matching_swagger_schema
semiconductor_wafer_experiment_ontology.json,semiconductor_wafer_experiment,ss_BlanketExperiments,批量实验配置,iconId,Integer,物理字段 IconId,,no_matching_swagger_schema
semiconductor_wafer_experiment_ontology.json,semiconductor_wafer_experiment,ss_BlanketExperiments,批量实验配置,ssWipStep,Navigation,物理字段 ss_WIPStepId → WorkflowStep,,no_matching_swagger_schema
semiconductor_wafer_experiment_ontology.json,semiconductor_wafer_experiment,ss_BlanketExperiments,批量实验配置,ssEffectiveFromDate,DateTime,物理字段 ss_EffectiveFromDate,,no_matching_swagger_schema
semiconductor_wafer_experiment_ontology.json,semiconductor_wafer_experiment,ss_BlanketExperiments,批量实验配置,ssEffectiveThruDate,DateTime,物理字段 ss_EffectiveThruDate,,no_matching_swagger_schema
semiconductor_wafer_experiment_ontology.json,semiconductor_wafer_experiment,ss_BlanketExperiments,批量实验配置,ssEquipment,Navigation,物理字段 ss_EquipmentId → ResourceDef,,no_matching_swagger_schema
semiconductor_wafer_experiment_ontology.json,semiconductor_wafer_experiment,ss_BlanketExperiments,批量实验配置,ssProduct,Navigation,物理字段 ss_ProductId → Product,,no_matching_swagger_schema
semiconductor_wafer_experiment_ontology.json,semiconductor_wafer_experiment,ss_BlanketExperiments,批量实验配置,ssProcessSpec,Navigation,物理字段 ss_ProcessSpecId → A_ProcessSpec,,no_matching_swagger_schema
semiconductor_wip_control_ontology.json,semiconductor_wip_control,A_WIPDataSetup,WIP数据配置,defaultFailureMode,Navigation,物理字段 DefaultFailureModeId → FailureMode,,no_matching_swagger_schema
semiconductor_wip_control_ontology.json,semiconductor_wip_control,A_WIPDataSetup,WIP数据配置,notes,String,物理字段 Notes,,no_matching_swagger_schema
semiconductor_wip_control_ontology.json,semiconductor_wip_control,A_WIPDataSetup,WIP数据配置,isFrozen,Boolean,物理字段 IsFrozen,,no_matching_swagger_schema
semiconductor_wip_control_ontology.json,semiconductor_wip_control,A_WIPDataSetup,WIP数据配置,failureStatus,Navigation,物理字段 FailureStatusId → ResourceStatusCode,,no_matching_swagger_schema
semiconductor_wip_control_ontology.json,semiconductor_wip_control,A_WIPDataSetup,WIP数据配置,scrapCountedRejectsByReason,Boolean,物理字段 ScrapCountedRejectsByReason,,no_matching_swagger_schema
semiconductor_wip_control_ontology.json,semiconductor_wip_control,A_WIPDataSetup,WIP数据配置,defaultPeDescription,String,物理字段 DefaultPEDescription,,no_matching_swagger_schema
semiconductor_wip_control_ontology.json,semiconductor_wip_control,A_WIPDataSetup,WIP数据配置,defaultRejectReason,Navigation,物理字段 DefaultRejectReasonId → LossReason,,no_matching_swagger_schema
semiconductor_wip_control_ontology.json,semiconductor_wip_control,A_WIPDataSetup,WIP数据配置,sampleType,Integer,物理字段 SampleType,,no_matching_swagger_schema
semiconductor_wip_control_ontology.json,semiconductor_wip_control,A_WIPDataSetup,WIP数据配置,decreaseByRejectCountReason,Navigation,物理字段 DecreaseByRejectCountReasonId → LossReason,,no_matching_swagger_schema
semiconductor_wip_control_ontology.json,semiconductor_wip_control,A_WIPDataSetup,WIP数据配置,decreaseBySampleSizeReason,Navigation,物理字段 DecreaseBySampleSizeReasonId → LossReason,,no_matching_swagger_schema
semiconductor_wip_control_ontology.json,semiconductor_wip_control,A_WIPDataSetup,WIP数据配置,allowMoveOnFailure,Boolean,物理字段 AllowMoveOnFailure,,no_matching_swagger_schema
semiconductor_wip_control_ontology.json,semiconductor_wip_control,A_WIPDataSetup,WIP数据配置,classification,Navigation,物理字段 ClassificationId → Classification,,no_matching_swagger_schema
semiconductor_wip_control_ontology.json,semiconductor_wip_control,A_WIPDataSetup,WIP数据配置,name,String,物理字段 WIPDataSetupName,,no_matching_swagger_schema
semiconductor_wip_control_ontology.json,semiconductor_wip_control,A_WIPDataSetup,WIP数据配置,failureReason,Navigation,物理字段 FailureReasonId → ResourceStatusReason,,no_matching_swagger_schema
semiconductor_wip_control_ontology.json,semiconductor_wip_control,A_WIPDataSetup,WIP数据配置,failureSpec,Navigation,物理字段 FailureSpecId → Spec,,no_matching_swagger_schema
semiconductor_wip_control_ontology.json,semiconductor_wip_control,A_WIPDataSetup,WIP数据配置,setupAccess,Navigation,物理字段 SetupAccessId → A_SetupAccess,,no_matching_swagger_schema
semiconductor_wip_control_ontology.json,semiconductor_wip_control,A_WIPDataSetup,WIP数据配置,changeHistory,Navigation,物理字段 ChangeHistoryId → ChangeStatus,,no_matching_swagger_schema
semiconductor_wip_control_ontology.json,semiconductor_wip_control,A_WIPDataSetup,WIP数据配置,description,String,物理字段 Description,,no_matching_swagger_schema
semiconductor_wip_control_ontology.json,semiconductor_wip_control,A_WIPDataSetup,WIP数据配置,iconId,Integer,物理字段 IconId,,no_matching_swagger_schema
semiconductor_wip_control_ontology.json,semiconductor_wip_control,A_WIPDataSetup,WIP数据配置,calculateYield,Boolean,物理字段 CalculateYield,,no_matching_swagger_schema
semiconductor_wip_control_ontology.json,semiconductor_wip_control,A_WIPDataSetup,WIP数据配置,subClassification,Navigation,物理字段 SubClassificationId → SubClassification,,no_matching_swagger_schema
semiconductor_wip_control_ontology.json,semiconductor_wip_control,A_WIPDataSetup,WIP数据配置,ssSkipWipLotFailures,Boolean,物理字段 ss_SkipWIPLotFailures,,no_matching_swagger_schema
semiconductor_wip_control_ontology.json,semiconductor_wip_control,A_WIPDataSetup,WIP数据配置,scsEnforceSampling,Boolean,物理字段 scsEnforceSampling,,no_matching_swagger_schema
semiconductor_wip_control_ontology.json,semiconductor_wip_control,A_WIPDataSetup,WIP数据配置,scsWaferWipDataSampling,Navigation,物理字段 scsWaferWIPDataSamplingId → scsWaferDataSampling,,no_matching_swagger_schema
semiconductor_wip_control_ontology.json,semiconductor_wip_control,A_WIPDataSetup,WIP数据配置,filterTags,String,物理字段 FilterTags,,no_matching_swagger_schema
semiconductor_wip_control_ontology.json,semiconductor_wip_control,A_WIPDataName,WIP数据名称,isFrozen,Boolean,物理字段 IsFrozen,,no_matching_swagger_schema
semiconductor_wip_control_ontology.json,semiconductor_wip_control,A_WIPDataName,WIP数据名称,setupAccess,Navigation,物理字段 SetupAccessId → A_SetupAccess,,no_matching_swagger_schema
semiconductor_wip_control_ontology.json,semiconductor_wip_control,A_WIPDataName,WIP数据名称,notes,String,物理字段 Notes,,no_matching_swagger_schema
semiconductor_wip_control_ontology.json,semiconductor_wip_control,A_WIPDataName,WIP数据名称,fieldType,String,物理字段 FieldType,,no_matching_swagger_schema
semiconductor_wip_control_ontology.json,semiconductor_wip_control,A_WIPDataName,WIP数据名称,name,String,物理字段 WIPDataNameName,,no_matching_swagger_schema
semiconductor_wip_control_ontology.json,semiconductor_wip_control,A_WIPDataName,WIP数据名称,changeHistory,Navigation,物理字段 ChangeHistoryId → ChangeStatus,,no_matching_swagger_schema
semiconductor_wip_control_ontology.json,semiconductor_wip_control,A_WIPDataName,WIP数据名称,description,String,物理字段 Description,,no_matching_swagger_schema
semiconductor_wip_control_ontology.json,semiconductor_wip_control,A_WIPDataName,WIP数据名称,iconId,Integer,物理字段 IconId,,no_matching_swagger_schema
semiconductor_wip_control_ontology.json,semiconductor_wip_control,A_WIPDataName,WIP数据名称,ssUom,Navigation,物理字段 ss_UOMId → UOM,,no_matching_swagger_schema
semiconductor_wip_control_ontology.json,semiconductor_wip_control,A_WIPDataName,WIP数据名称,filterTags,String,物理字段 FilterTags,,no_matching_swagger_schema
semiconductor_wip_control_ontology.json,semiconductor_wip_control,A_WIPDataDisplayFilter,WIP数据显示过滤器,name,String,物理字段 WIPDataDisplayFilterName,,no_matching_swagger_schema
semiconductor_wip_control_ontology.json,semiconductor_wip_control,A_WIPDataDisplayFilter,WIP数据显示过滤器,isFrozen,Boolean,物理字段 IsFrozen,,no_matching_swagger_schema
semiconductor_wip_control_ontology.json,semiconductor_wip_control,A_WIPDataDisplayFilter,WIP数据显示过滤器,iconId,Integer,物理字段 IconId,,no_matching_swagger_schema
semiconductor_wip_control_ontology.json,semiconductor_wip_control,A_WIPDataDisplayFilter,WIP数据显示过滤器,description,String,物理字段 Description,,no_matching_swagger_schema
semiconductor_wip_control_ontology.json,semiconductor_wip_control,A_WIPDataDisplayFilter,WIP数据显示过滤器,notes,String,物理字段 Notes,,no_matching_swagger_schema
semiconductor_wip_control_ontology.json,semiconductor_wip_control,A_WIPDataDisplayFilter,WIP数据显示过滤器,setupAccess,Navigation,物理字段 SetupAccessId → A_SetupAccess,,no_matching_swagger_schema
semiconductor_wip_control_ontology.json,semiconductor_wip_control,A_WIPDataDisplayFilter,WIP数据显示过滤器,changeHistory,Navigation,物理字段 ChangeHistoryId → ChangeStatus,,no_matching_swagger_schema
semiconductor_wip_control_ontology.json,semiconductor_wip_control,A_WIPDataDisplayFilter,WIP数据显示过滤器,filterTags,String,物理字段 FilterTags,,no_matching_swagger_schema
semiconductor_wip_control_ontology.json,semiconductor_wip_control,A_AdHocWIPDataSetup,临时WIP数据配置,isFrozen,Boolean,物理字段 IsFrozen,,no_matching_swagger_schema
semiconductor_wip_control_ontology.json,semiconductor_wip_control,A_AdHocWIPDataSetup,临时WIP数据配置,fieldType,String,物理字段 FieldType,,no_matching_swagger_schema
semiconductor_wip_control_ontology.json,semiconductor_wip_control,A_AdHocWIPDataSetup,临时WIP数据配置,recordCount,Integer,物理字段 RecordCount,,no_matching_swagger_schema
semiconductor_wip_control_ontology.json,semiconductor_wip_control,A_AdHocWIPDataSetup,临时WIP数据配置,name,String,物理字段 AdHocWIPDataSetupName,,no_matching_swagger_schema
semiconductor_wip_control_ontology.json,semiconductor_wip_control,A_AdHocWIPDataSetup,临时WIP数据配置,description,String,物理字段 Description,,no_matching_swagger_schema
semiconductor_wip_control_ontology.json,semiconductor_wip_control,A_AdHocWIPDataSetup,临时WIP数据配置,notes,String,物理字段 Notes,,no_matching_swagger_schema
semiconductor_wip_control_ontology.json,semiconductor_wip_control,A_AdHocWIPDataSetup,临时WIP数据配置,iconId,Integer,物理字段 IconId,,no_matching_swagger_schema
semiconductor_wip_control_ontology.json,semiconductor_wip_control,A_AdHocWIPDataSetup,临时WIP数据配置,setupAccess,Navigation,物理字段 SetupAccessId → A_SetupAccess,,no_matching_swagger_schema
semiconductor_wip_control_ontology.json,semiconductor_wip_control,A_AdHocWIPDataSetup,临时WIP数据配置,changeHistory,Navigation,物理字段 ChangeHistoryId → ChangeStatus,,no_matching_swagger_schema
semiconductor_wip_control_ontology.json,semiconductor_wip_control,A_AdHocWIPDataSetup,临时WIP数据配置,filterTags,String,物理字段 FilterTags,,no_matching_swagger_schema
semiconductor_wip_control_ontology.json,semiconductor_wip_control,A_FutureHoldSetup,未来Hold配置,setupAccess,Navigation,物理字段 SetupAccessId → A_SetupAccess,,no_matching_swagger_schema
semiconductor_wip_control_ontology.json,semiconductor_wip_control,A_FutureHoldSetup,未来Hold配置,notes,String,物理字段 Notes,,no_matching_swagger_schema
semiconductor_wip_control_ontology.json,semiconductor_wip_control,A_FutureHoldSetup,未来Hold配置,owner,Navigation,物理字段 OwnerId → Owner,,no_matching_swagger_schema
semiconductor_wip_control_ontology.json,semiconductor_wip_control,A_FutureHoldSetup,未来Hold配置,name,String,物理字段 FutureHoldSetupName,,no_matching_swagger_schema
semiconductor_wip_control_ontology.json,semiconductor_wip_control,A_FutureHoldSetup,未来Hold配置,product,Navigation,物理字段 ProductId → Product,,no_matching_swagger_schema
semiconductor_wip_control_ontology.json,semiconductor_wip_control,A_FutureHoldSetup,未来Hold配置,changeHistory,Navigation,物理字段 ChangeHistoryId → ChangeStatus,,no_matching_swagger_schema
semiconductor_wip_control_ontology.json,semiconductor_wip_control,A_FutureHoldSetup,未来Hold配置,description,String,物理字段 Description,,no_matching_swagger_schema
semiconductor_wip_control_ontology.json,semiconductor_wip_control,A_FutureHoldSetup,未来Hold配置,emailGroup,Navigation,物理字段 EmailGroupId → A_EmailGroup,,no_matching_swagger_schema
semiconductor_wip_control_ontology.json,semiconductor_wip_control,A_FutureHoldSetup,未来Hold配置,iconId,Integer,物理字段 IconId,,no_matching_swagger_schema
semiconductor_wip_control_ontology.json,semiconductor_wip_control,A_FutureHoldSetup,未来Hold配置,processSpec,Navigation,物理字段 ProcessSpecId → A_ProcessSpec,,no_matching_swagger_schema
semiconductor_wip_control_ontology.json,semiconductor_wip_control,A_FutureHoldSetup,未来Hold配置,spec,Navigation,物理字段 SpecId → Spec,,no_matching_swagger_schema
semiconductor_wip_control_ontology.json,semiconductor_wip_control,A_FutureHoldSetup,未来Hold配置,isFrozen,Boolean,物理字段 IsFrozen,,no_matching_swagger_schema
semiconductor_wip_control_ontology.json,semiconductor_wip_control,A_FutureHoldSetup,未来Hold配置,waferRunNumber,String,物理字段 WaferRunNumber,,no_matching_swagger_schema
semiconductor_wip_control_ontology.json,semiconductor_wip_control,A_FutureHoldSetup,未来Hold配置,receivingLotId,String,物理字段 ReceivingLotId,,no_matching_swagger_schema
semiconductor_wip_control_ontology.json,semiconductor_wip_control,A_FutureHoldSetup,未来Hold配置,dateCode,String,物理字段 DateCode,,no_matching_swagger_schema
semiconductor_wip_control_ontology.json,semiconductor_wip_control,A_FutureHoldSetup,未来Hold配置,holdReason,Navigation,物理字段 HoldReasonId → HoldReason,,no_matching_swagger_schema
semiconductor_wip_control_ontology.json,semiconductor_wip_control,A_FutureHoldSetup,未来Hold配置,holdLocation,Navigation,物理字段 HoldLocationId → A_HoldLocation,,no_matching_swagger_schema
semiconductor_wip_control_ontology.json,semiconductor_wip_control,A_FutureHoldSetup,未来Hold配置,includeChildLots,Boolean,物理字段 IncludeChildLots,,no_matching_swagger_schema
semiconductor_wip_control_ontology.json,semiconductor_wip_control,A_FutureHoldSetup,未来Hold配置,comments,String,物理字段 Comments,,no_matching_swagger_schema
semiconductor_wip_control_ontology.json,semiconductor_wip_control,A_FutureHoldSetup,未来Hold配置,expectedHoldDays,Float,物理字段 ExpectedHoldDays,,no_matching_swagger_schema
semiconductor_wip_control_ontology.json,semiconductor_wip_control,A_FutureHoldSetup,未来Hold配置,scsWorkOrder,Navigation,物理字段 scsWorkOrderId → MfgOrder,,no_matching_swagger_schema
semiconductor_wip_control_ontology.json,semiconductor_wip_control,A_FutureHoldSetup,未来Hold配置,ssWfStackKey,String,物理字段 ss_WfStackKey,,no_matching_swagger_schema
semiconductor_wip_control_ontology.json,semiconductor_wip_control,A_FutureHoldSetup,未来Hold配置,ssWfStackSteps,String,物理字段 ss_WfStackSteps,,no_matching_swagger_schema
semiconductor_wip_control_ontology.json,semiconductor_wip_control,A_FutureHoldSetup,未来Hold配置,ssWipStep,Navigation,物理字段 ss_WIPStepId → WorkflowStep,,no_matching_swagger_schema
semiconductor_wip_control_ontology.json,semiconductor_wip_control,A_FutureHoldSetup,未来Hold配置,ssWipStepMainWorkflowName,String,物理字段 ss_WIPStepMainWorkflowName,,no_matching_swagger_schema
semiconductor_wip_control_ontology.json,semiconductor_wip_control,A_FutureHoldSetup,未来Hold配置,ssWipStepWorkflow,Navigation,物理字段 ss_WIPStepWorkflowId → Workflow,,no_matching_swagger_schema
semiconductor_wip_control_ontology.json,semiconductor_wip_control,A_FutureHoldSetup,未来Hold配置,filterTags,String,物理字段 FilterTags,,no_matching_swagger_schema
semiconductor_wip_control_ontology.json,semiconductor_wip_control,A_HoldLocation,Hold位置,iconId,Integer,物理字段 IconId,,no_matching_swagger_schema
semiconductor_wip_control_ontology.json,semiconductor_wip_control,A_HoldLocation,Hold位置,notes,String,物理字段 Notes,,no_matching_swagger_schema
semiconductor_wip_control_ontology.json,semiconductor_wip_control,A_HoldLocation,Hold位置,setupAccess,Navigation,物理字段 SetupAccessId → A_SetupAccess,,no_matching_swagger_schema
semiconductor_wip_control_ontology.json,semiconductor_wip_control,A_HoldLocation,Hold位置,isFrozen,Boolean,物理字段 IsFrozen,,no_matching_swagger_schema
semiconductor_wip_control_ontology.json,semiconductor_wip_control,A_HoldLocation,Hold位置,name,String,物理字段 HoldLocationName,,no_matching_swagger_schema
semiconductor_wip_control_ontology.json,semiconductor_wip_control,A_HoldLocation,Hold位置,description,String,物理字段 Description,,no_matching_swagger_schema
semiconductor_wip_control_ontology.json,semiconductor_wip_control,A_HoldLocation,Hold位置,changeHistory,Navigation,物理字段 ChangeHistoryId → ChangeStatus,,no_matching_swagger_schema
semiconductor_wip_control_ontology.json,semiconductor_wip_control,A_HoldLocation,Hold位置,filterTags,String,物理字段 FilterTags,,no_matching_swagger_schema
semiconductor_wip_control_ontology.json,semiconductor_wip_control,A_MinTimeWindowSetup,最小时间窗口配置,overtimeFrame,Float,物理字段 OvertimeFrame,,no_matching_swagger_schema
semiconductor_wip_control_ontology.json,semiconductor_wip_control,A_MinTimeWindowSetup,最小时间窗口配置,spec,Navigation,物理字段 SpecId → Spec,,no_matching_swagger_schema
semiconductor_wip_control_ontology.json,semiconductor_wip_control,A_MinTimeWindowSetup,最小时间窗口配置,isFrozen,Boolean,物理字段 IsFrozen,,no_matching_swagger_schema
semiconductor_wip_control_ontology.json,semiconductor_wip_control,A_MinTimeWindowSetup,最小时间窗口配置,changeHistory,Navigation,物理字段 ChangeHistoryId → ChangeStatus,,no_matching_swagger_schema
semiconductor_wip_control_ontology.json,semiconductor_wip_control,A_MinTimeWindowSetup,最小时间窗口配置,description,String,物理字段 Description,,no_matching_swagger_schema
semiconductor_wip_control_ontology.json,semiconductor_wip_control,A_MinTimeWindowSetup,最小时间窗口配置,iconId,Integer,物理字段 IconId,,no_matching_swagger_schema
semiconductor_wip_control_ontology.json,semiconductor_wip_control,A_MinTimeWindowSetup,最小时间窗口配置,overtimeAction,String,物理字段 OvertimeAction,,no_matching_swagger_schema
semiconductor_wip_control_ontology.json,semiconductor_wip_control,A_MinTimeWindowSetup,最小时间窗口配置,minTime,Float,物理字段 MinTime,,no_matching_swagger_schema
semiconductor_wip_control_ontology.json,semiconductor_wip_control,A_MinTimeWindowSetup,最小时间窗口配置,product,Navigation,物理字段 ProductId → Product,,no_matching_swagger_schema
semiconductor_wip_control_ontology.json,semiconductor_wip_control,A_MinTimeWindowSetup,最小时间窗口配置,notes,String,物理字段 Notes,,no_matching_swagger_schema
semiconductor_wip_control_ontology.json,semiconductor_wip_control,A_MinTimeWindowSetup,最小时间窗口配置,productLine,Navigation,物理字段 ProductLineId → A_ProductLine,,no_matching_swagger_schema
semiconductor_wip_control_ontology.json,semiconductor_wip_control,A_MinTimeWindowSetup,最小时间窗口配置,owner,Navigation,物理字段 OwnerId → Owner,,no_matching_swagger_schema
semiconductor_wip_control_ontology.json,semiconductor_wip_control,A_MinTimeWindowSetup,最小时间窗口配置,beforetimeStatus,Navigation,物理字段 BeforetimeStatusId → ResourceStatusCode,,no_matching_swagger_schema
semiconductor_wip_control_ontology.json,semiconductor_wip_control,A_MinTimeWindowSetup,最小时间窗口配置,beforetimeAction,String,物理字段 BeforetimeAction,,no_matching_swagger_schema
semiconductor_wip_control_ontology.json,semiconductor_wip_control,A_MinTimeWindowSetup,最小时间窗口配置,holdReason,Navigation,物理字段 HoldReasonId → HoldReason,,no_matching_swagger_schema
semiconductor_wip_control_ontology.json,semiconductor_wip_control,A_MinTimeWindowSetup,最小时间窗口配置,setupAccess,Navigation,物理字段 SetupAccessId → A_SetupAccess,,no_matching_swagger_schema
semiconductor_wip_control_ontology.json,semiconductor_wip_control,A_MinTimeWindowSetup,最小时间窗口配置,name,String,物理字段 MinTimeWindowSetupName,,no_matching_swagger_schema
semiconductor_wip_control_ontology.json,semiconductor_wip_control,A_MinTimeWindowSetup,最小时间窗口配置,alertFrame,Float,物理字段 AlertFrame,,no_matching_swagger_schema
semiconductor_wip_control_ontology.json,semiconductor_wip_control,A_MinTimeWindowSetup,最小时间窗口配置,emailGroup,Navigation,物理字段 EmailGroupId → A_EmailGroup,,no_matching_swagger_schema
semiconductor_wip_control_ontology.json,semiconductor_wip_control,A_MinTimeWindowSetup,最小时间窗口配置,resourceFamily,Navigation,物理字段 ResourceFamilyId → ResourceFamily,,no_matching_swagger_schema
semiconductor_wip_control_ontology.json,semiconductor_wip_control,A_MinTimeWindowSetup,最小时间窗口配置,processSpec,Navigation,物理字段 ProcessSpecId → A_ProcessSpec,,no_matching_swagger_schema
semiconductor_wip_control_ontology.json,semiconductor_wip_control,A_MinTimeWindowSetup,最小时间窗口配置,filterTags,String,物理字段 FilterTags,,no_matching_swagger_schema
semiconductor_wip_control_ontology.json,semiconductor_wip_control,A_MinTimeWindowSetup,最小时间窗口配置,ssWfStackKey,String,物理字段 ss_WfStackKey,,no_matching_swagger_schema
semiconductor_wip_control_ontology.json,semiconductor_wip_control,A_MinTimeWindowSetup,最小时间窗口配置,ssWipStepWorkflow,Navigation,物理字段 ss_WIPStepWorkflowId → Workflow,,no_matching_swagger_schema
semiconductor_wip_control_ontology.json,semiconductor_wip_control,A_MinTimeWindowSetup,最小时间窗口配置,ssWipStep,Navigation,物理字段 ss_WIPStepId → WorkflowStep,,no_matching_swagger_schema
semiconductor_wip_control_ontology.json,semiconductor_wip_control,A_MinTimeWindowSetup,最小时间窗口配置,ssWipStepMainWorkflowName,String,物理字段 ss_WIPStepMainWorkflowName,,no_matching_swagger_schema
semiconductor_wip_control_ontology.json,semiconductor_wip_control,A_MinTimeWindowSetup,最小时间窗口配置,ssWfStackSteps,String,物理字段 ss_WfStackSteps,,no_matching_swagger_schema
semiconductor_wip_control_ontology.json,semiconductor_wip_control,A_MaxTimeWindowSetup,最大时间窗口配置,changeHistory,Navigation,物理字段 ChangeHistoryId → ChangeStatus,,no_matching_swagger_schema
semiconductor_wip_control_ontology.json,semiconductor_wip_control,A_MaxTimeWindowSetup,最大时间窗口配置,iconId,Integer,物理字段 IconId,,no_matching_swagger_schema
semiconductor_wip_control_ontology.json,semiconductor_wip_control,A_MaxTimeWindowSetup,最大时间窗口配置,isFrozen,Boolean,物理字段 IsFrozen,,no_matching_swagger_schema
semiconductor_wip_control_ontology.json,semiconductor_wip_control,A_MaxTimeWindowSetup,最大时间窗口配置,name,String,物理字段 MaxTimeWindowSetupName,,no_matching_swagger_schema
semiconductor_wip_control_ontology.json,semiconductor_wip_control,A_MaxTimeWindowSetup,最大时间窗口配置,startSpec,Navigation,物理字段 StartSpecId → Spec,,no_matching_swagger_schema
semiconductor_wip_control_ontology.json,semiconductor_wip_control,A_MaxTimeWindowSetup,最大时间窗口配置,holdReason,Navigation,物理字段 HoldReasonId → HoldReason,,no_matching_swagger_schema
semiconductor_wip_control_ontology.json,semiconductor_wip_control,A_MaxTimeWindowSetup,最大时间窗口配置,productLine,Navigation,物理字段 ProductLineId → A_ProductLine,,no_matching_swagger_schema
semiconductor_wip_control_ontology.json,semiconductor_wip_control,A_MaxTimeWindowSetup,最大时间窗口配置,description,String,物理字段 Description,,no_matching_swagger_schema
semiconductor_wip_control_ontology.json,semiconductor_wip_control,A_MaxTimeWindowSetup,最大时间窗口配置,product,Navigation,物理字段 ProductId → Product,,no_matching_swagger_schema
semiconductor_wip_control_ontology.json,semiconductor_wip_control,A_MaxTimeWindowSetup,最大时间窗口配置,owner,Navigation,物理字段 OwnerId → Owner,,no_matching_swagger_schema
semiconductor_wip_control_ontology.json,semiconductor_wip_control,A_MaxTimeWindowSetup,最大时间窗口配置,setupAccess,Navigation,物理字段 SetupAccessId → A_SetupAccess,,no_matching_swagger_schema
semiconductor_wip_control_ontology.json,semiconductor_wip_control,A_MaxTimeWindowSetup,最大时间窗口配置,stopSpec,Navigation,物理字段 StopSpecId → Spec,,no_matching_swagger_schema
semiconductor_wip_control_ontology.json,semiconductor_wip_control,A_MaxTimeWindowSetup,最大时间窗口配置,processSpec,Navigation,物理字段 ProcessSpecId → A_ProcessSpec,,no_matching_swagger_schema
semiconductor_wip_control_ontology.json,semiconductor_wip_control,A_MaxTimeWindowSetup,最大时间窗口配置,maxTime,Float,物理字段 MaxTime,,no_matching_swagger_schema
semiconductor_wip_control_ontology.json,semiconductor_wip_control,A_MaxTimeWindowSetup,最大时间窗口配置,overtimeAction,String,物理字段 OvertimeAction,,no_matching_swagger_schema
semiconductor_wip_control_ontology.json,semiconductor_wip_control,A_MaxTimeWindowSetup,最大时间窗口配置,emailGroup,Navigation,物理字段 EmailGroupId → A_EmailGroup,,no_matching_swagger_schema
semiconductor_wip_control_ontology.json,semiconductor_wip_control,A_MaxTimeWindowSetup,最大时间窗口配置,notes,String,物理字段 Notes,,no_matching_swagger_schema
semiconductor_wip_control_ontology.json,semiconductor_wip_control,A_MaxTimeWindowSetup,最大时间窗口配置,filterTags,String,物理字段 FilterTags,,no_matching_swagger_schema
semiconductor_wip_control_ontology.json,semiconductor_wip_control,A_MaxTimeWindowSetup,最大时间窗口配置,ssStartStepWorkflow,Navigation,物理字段 ss_StartStepWorkflowId → Workflow,,no_matching_swagger_schema
semiconductor_wip_control_ontology.json,semiconductor_wip_control,A_MaxTimeWindowSetup,最大时间窗口配置,ssStopStepWorkflow,Navigation,物理字段 ss_StopStepWorkflowId → Workflow,,no_matching_swagger_schema
semiconductor_wip_control_ontology.json,semiconductor_wip_control,A_MaxTimeWindowSetup,最大时间窗口配置,ssStartStep,Navigation,物理字段 ss_StartStepId → WorkflowStep,,no_matching_swagger_schema
semiconductor_wip_control_ontology.json,semiconductor_wip_control,A_MaxTimeWindowSetup,最大时间窗口配置,ssStopStep,Navigation,物理字段 ss_StopStepId → WorkflowStep,,no_matching_swagger_schema
semiconductor_wip_control_ontology.json,semiconductor_wip_control,A_MaxTimeWindowSetup,最大时间窗口配置,ssStopStepMainWorkflowName,String,物理字段 ss_StopStepMainWorkflowName,,no_matching_swagger_schema
semiconductor_wip_control_ontology.json,semiconductor_wip_control,A_MaxTimeWindowSetup,最大时间窗口配置,ssStartStepMainWorkflowName,String,物理字段 ss_StartStepMainWorkflowName,,no_matching_swagger_schema
semiconductor_wip_control_ontology.json,semiconductor_wip_control,A_MaxTimeWindowSetup,最大时间窗口配置,ssStopStepStackKey,String,物理字段 ss_StopStepStackKey,,no_matching_swagger_schema
semiconductor_wip_control_ontology.json,semiconductor_wip_control,A_MaxTimeWindowSetup,最大时间窗口配置,ssStartStepStackSteps,String,物理字段 ss_StartStepStackSteps,,no_matching_swagger_schema
semiconductor_wip_control_ontology.json,semiconductor_wip_control,A_MaxTimeWindowSetup,最大时间窗口配置,ssStopStepStackSteps,String,物理字段 ss_StopStepStackSteps,,no_matching_swagger_schema
semiconductor_wip_control_ontology.json,semiconductor_wip_control,A_MaxTimeWindowSetup,最大时间窗口配置,ssStartStepStackKey,String,物理字段 ss_StartStepStackKey,,no_matching_swagger_schema
semiconductor_wip_control_ontology.json,semiconductor_wip_control,A_RunNumberSetup,运行号配置,numberingRule,Navigation,物理字段 NumberingRuleId → NumberingRule,,no_matching_swagger_schema
semiconductor_wip_control_ontology.json,semiconductor_wip_control,A_RunNumberSetup,运行号配置,name,String,物理字段 RunNumberSetupName,,no_matching_swagger_schema
semiconductor_wip_control_ontology.json,semiconductor_wip_control,A_RunNumberSetup,运行号配置,isFrozen,Boolean,物理字段 IsFrozen,,no_matching_swagger_schema
semiconductor_wip_control_ontology.json,semiconductor_wip_control,A_RunNumberSetup,运行号配置,iconId,Integer,物理字段 IconId,,no_matching_swagger_schema
semiconductor_wip_control_ontology.json,semiconductor_wip_control,A_RunNumberSetup,运行号配置,description,String,物理字段 Description,,no_matching_swagger_schema
semiconductor_wip_control_ontology.json,semiconductor_wip_control,A_RunNumberSetup,运行号配置,changeHistory,Navigation,物理字段 ChangeHistoryId → ChangeStatus,,no_matching_swagger_schema
semiconductor_wip_control_ontology.json,semiconductor_wip_control,A_RunNumberSetup,运行号配置,setupAccess,Navigation,物理字段 SetupAccessId → A_SetupAccess,,no_matching_swagger_schema
semiconductor_wip_control_ontology.json,semiconductor_wip_control,A_RunNumberSetup,运行号配置,notes,String,物理字段 Notes,,no_matching_swagger_schema
semiconductor_wip_control_ontology.json,semiconductor_wip_control,A_RunNumberSetup,运行号配置,dataRequiredPerRunNumber,Integer,物理字段 DataRequiredPerRunNumber,,no_matching_swagger_schema
semiconductor_wip_control_ontology.json,semiconductor_wip_control,A_RunNumberSetup,运行号配置,filterTags,String,物理字段 FilterTags,,no_matching_swagger_schema
semiconductor_wip_control_ontology.json,semiconductor_wip_control,A_WIPInstructions,WIP指令,owner,Navigation,物理字段 OwnerId → Owner,,no_matching_swagger_schema
semiconductor_wip_control_ontology.json,semiconductor_wip_control,A_WIPInstructions,WIP指令,moveInInstruction,String,物理字段 MoveInInstruction,,no_matching_swagger_schema
semiconductor_wip_control_ontology.json,semiconductor_wip_control,A_WIPInstructions,WIP指令,processSpec,Navigation,物理字段 ProcessSpecId → A_ProcessSpec,,no_matching_swagger_schema
semiconductor_wip_control_ontology.json,semiconductor_wip_control,A_WIPInstructions,WIP指令,product,Navigation,物理字段 ProductId → Product,,no_matching_swagger_schema
semiconductor_wip_control_ontology.json,semiconductor_wip_control,A_WIPInstructions,WIP指令,spec,Navigation,物理字段 SpecId → Spec,,no_matching_swagger_schema
semiconductor_wip_control_ontology.json,semiconductor_wip_control,A_WIPInstructions,WIP指令,name,String,物理字段 WIPInstructionsName,,no_matching_swagger_schema
semiconductor_wip_control_ontology.json,semiconductor_wip_control,A_WIPInstructions,WIP指令,isFrozen,Boolean,物理字段 IsFrozen,,no_matching_swagger_schema
semiconductor_wip_control_ontology.json,semiconductor_wip_control,A_WIPInstructions,WIP指令,iconId,Integer,物理字段 IconId,,no_matching_swagger_schema
semiconductor_wip_control_ontology.json,semiconductor_wip_control,A_WIPInstructions,WIP指令,description,String,物理字段 Description,,no_matching_swagger_schema
semiconductor_wip_control_ontology.json,semiconductor_wip_control,A_WIPInstructions,WIP指令,changeHistory,Navigation,物理字段 ChangeHistoryId → ChangeStatus,,no_matching_swagger_schema
semiconductor_wip_control_ontology.json,semiconductor_wip_control,A_WIPInstructions,WIP指令,notes,String,物理字段 Notes,,no_matching_swagger_schema
semiconductor_wip_control_ontology.json,semiconductor_wip_control,A_WIPInstructions,WIP指令,setupAccess,Navigation,物理字段 SetupAccessId → A_SetupAccess,,no_matching_swagger_schema
semiconductor_wip_control_ontology.json,semiconductor_wip_control,A_WIPInstructions,WIP指令,moveOutInstruction,String,物理字段 MoveOutInstruction,,no_matching_swagger_schema
semiconductor_wip_control_ontology.json,semiconductor_wip_control,A_WIPInstructions,WIP指令,trackInInstruction,String,物理字段 TrackInInstruction,,no_matching_swagger_schema
semiconductor_wip_control_ontology.json,semiconductor_wip_control,A_WIPInstructions,WIP指令,containerName,String,物理字段 ContainerName,,no_matching_swagger_schema
semiconductor_wip_control_ontology.json,semiconductor_wip_control,A_WIPInstructions,WIP指令,trackOutInstruction,String,物理字段 TrackOutInstruction,,no_matching_swagger_schema
semiconductor_wip_control_ontology.json,semiconductor_wip_control,A_WIPInstructions,WIP指令,filterTags,String,物理字段 FilterTags,,no_matching_swagger_schema
semiconductor_wip_control_ontology.json,semiconductor_wip_control,A_WIPInstructions,WIP指令,ssWipStep,Navigation,物理字段 ss_WIPStepId → WorkflowStep,,no_matching_swagger_schema
semiconductor_wip_control_ontology.json,semiconductor_wip_control,A_WIPInstructions,WIP指令,ssWipStepMainWorkflowName,String,物理字段 ss_WIPStepMainWorkflowName,,no_matching_swagger_schema
semiconductor_wip_control_ontology.json,semiconductor_wip_control,A_WIPInstructions,WIP指令,ssWfStackSteps,String,物理字段 ss_WfStackSteps,,no_matching_swagger_schema
semiconductor_wip_control_ontology.json,semiconductor_wip_control,A_WIPInstructions,WIP指令,ssWfStackKey,String,物理字段 ss_WfStackKey,,no_matching_swagger_schema
semiconductor_wip_control_ontology.json,semiconductor_wip_control,A_WIPInstructions,WIP指令,ssWipStepWorkflow,Navigation,物理字段 ss_WIPStepWorkflowId → Workflow,,no_matching_swagger_schema
semiconductor_wip_control_ontology.json,semiconductor_wip_control,ss_WIPDataSetupMatrix,WIP数据配置矩阵,ssWipDataSetup,Navigation,物理字段 ss_WIPDataSetupId → A_WIPDataSetup,,no_matching_swagger_schema
semiconductor_wip_control_ontology.json,semiconductor_wip_control,ss_WIPDataSetupMatrix,WIP数据配置矩阵,ssEquipmentFamily,Navigation,物理字段 ss_EquipmentFamilyId → ResourceFamily,,no_matching_swagger_schema
semiconductor_wip_control_ontology.json,semiconductor_wip_control,ss_WIPDataSetupMatrix,WIP数据配置矩阵,ssWfStackKey,String,物理字段 ss_WfStackKey,,no_matching_swagger_schema
semiconductor_wip_control_ontology.json,semiconductor_wip_control,ss_WIPDataSetupMatrix,WIP数据配置矩阵,ssWipStepMainWorkflowName,String,物理字段 ss_WIPStepMainWorkflowName,,no_matching_swagger_schema
semiconductor_wip_control_ontology.json,semiconductor_wip_control,ss_WIPDataSetupMatrix,WIP数据配置矩阵,description,String,物理字段 Description,,no_matching_swagger_schema
semiconductor_wip_control_ontology.json,semiconductor_wip_control,ss_WIPDataSetupMatrix,WIP数据配置矩阵,ssProductLine,Navigation,物理字段 ss_ProductLineId → A_ProductLine,,no_matching_swagger_schema
semiconductor_wip_control_ontology.json,semiconductor_wip_control,ss_WIPDataSetupMatrix,WIP数据配置矩阵,isFrozen,Boolean,物理字段 IsFrozen,,no_matching_swagger_schema
semiconductor_wip_control_ontology.json,semiconductor_wip_control,ss_WIPDataSetupMatrix,WIP数据配置矩阵,iconId,Integer,物理字段 IconId,,no_matching_swagger_schema
semiconductor_wip_control_ontology.json,semiconductor_wip_control,ss_WIPDataSetupMatrix,WIP数据配置矩阵,setupAccess,Navigation,物理字段 SetupAccessId → A_SetupAccess,,no_matching_swagger_schema
semiconductor_wip_control_ontology.json,semiconductor_wip_control,ss_WIPDataSetupMatrix,WIP数据配置矩阵,notes,String,物理字段 Notes,,no_matching_swagger_schema
semiconductor_wip_control_ontology.json,semiconductor_wip_control,ss_WIPDataSetupMatrix,WIP数据配置矩阵,ssSpec,Navigation,物理字段 ss_SpecId → Spec,,no_matching_swagger_schema
semiconductor_wip_control_ontology.json,semiconductor_wip_control,ss_WIPDataSetupMatrix,WIP数据配置矩阵,ssProcessSpec,Navigation,物理字段 ss_ProcessSpecId → A_ProcessSpec,,no_matching_swagger_schema
semiconductor_wip_control_ontology.json,semiconductor_wip_control,ss_WIPDataSetupMatrix,WIP数据配置矩阵,changeHistory,Navigation,物理字段 ChangeHistoryId → ChangeStatus,,no_matching_swagger_schema
semiconductor_wip_control_ontology.json,semiconductor_wip_control,ss_WIPDataSetupMatrix,WIP数据配置矩阵,ssProduct,Navigation,物理字段 ss_ProductId → Product,,no_matching_swagger_schema
semiconductor_wip_control_ontology.json,semiconductor_wip_control,ss_WIPDataSetupMatrix,WIP数据配置矩阵,ssWipStepWorkflow,Navigation,物理字段 ss_WIPStepWorkflowId → Workflow,,no_matching_swagger_schema
semiconductor_wip_control_ontology.json,semiconductor_wip_control,ss_WIPDataSetupMatrix,WIP数据配置矩阵,ssWipStep,Navigation,物理字段 ss_WIPStepId → WorkflowStep,,no_matching_swagger_schema
semiconductor_wip_control_ontology.json,semiconductor_wip_control,ss_WIPDataSetupMatrix,WIP数据配置矩阵,ssEquipment,Navigation,物理字段 ss_EquipmentId → ResourceDef,,no_matching_swagger_schema
semiconductor_wip_control_ontology.json,semiconductor_wip_control,ss_WIPDataSetupMatrix,WIP数据配置矩阵,name,String,物理字段 ss_WIPDataSetupMatrixName,,no_matching_swagger_schema
semiconductor_wip_control_ontology.json,semiconductor_wip_control,ss_WIPDataSetupMatrix,WIP数据配置矩阵,ssWfStackSteps,String,物理字段 ss_WfStackSteps,,no_matching_swagger_schema
semiconductor_wip_control_ontology.json,semiconductor_wip_control,ss_WIPDataSetupMatrix,WIP数据配置矩阵,ssProcessType,Navigation,物理字段 ss_ProcessTypeId → A_ProcessType,,no_matching_swagger_schema
semiconductor_wip_control_ontology.json,semiconductor_wip_control,ss_WIPDataSetupMatrix,WIP数据配置矩阵,filterTags,String,物理字段 FilterTags,,no_matching_swagger_schema
semiconductor_wip_control_ontology.json,semiconductor_wip_control,ss_FailureFutureHoldSetup,失败未来Hold配置,isFrozen,Boolean,物理字段 IsFrozen,,no_matching_swagger_schema
semiconductor_wip_control_ontology.json,semiconductor_wip_control,ss_FailureFutureHoldSetup,失败未来Hold配置,setupAccess,Navigation,物理字段 SetupAccessId → A_SetupAccess,,no_matching_swagger_schema
semiconductor_wip_control_ontology.json,semiconductor_wip_control,ss_FailureFutureHoldSetup,失败未来Hold配置,notes,String,物理字段 Notes,,no_matching_swagger_schema
semiconductor_wip_control_ontology.json,semiconductor_wip_control,ss_FailureFutureHoldSetup,失败未来Hold配置,changeHistory,Navigation,物理字段 ChangeHistoryId → ChangeStatus,,no_matching_swagger_schema
semiconductor_wip_control_ontology.json,semiconductor_wip_control,ss_FailureFutureHoldSetup,失败未来Hold配置,iconId,Integer,物理字段 IconId,,no_matching_swagger_schema
semiconductor_wip_control_ontology.json,semiconductor_wip_control,ss_FailureFutureHoldSetup,失败未来Hold配置,description,String,物理字段 Description,,no_matching_swagger_schema
semiconductor_wip_control_ontology.json,semiconductor_wip_control,ss_FailureFutureHoldSetup,失败未来Hold配置,name,String,物理字段 ss_FailureFutureHoldSetupName,,no_matching_swagger_schema
semiconductor_wip_control_ontology.json,semiconductor_wip_control,ss_FailureFutureHoldSetup,失败未来Hold配置,filterTags,String,物理字段 FilterTags,,no_matching_swagger_schema
semiconductor_wip_control_ontology.json,semiconductor_wip_control,ss_FailureNCRSetup,失败NCR配置,ssNcrDescription,String,物理字段 ss_NCRDescription,,no_matching_swagger_schema
semiconductor_wip_control_ontology.json,semiconductor_wip_control,ss_FailureNCRSetup,失败NCR配置,description,String,物理字段 Description,,no_matching_swagger_schema
semiconductor_wip_control_ontology.json,semiconductor_wip_control,ss_FailureNCRSetup,失败NCR配置,name,String,物理字段 ss_FailureNCRSetupName,,no_matching_swagger_schema
semiconductor_wip_control_ontology.json,semiconductor_wip_control,ss_FailureNCRSetup,失败NCR配置,ssFailureMode,Navigation,物理字段 ss_FailureModeId → FailureMode,,no_matching_swagger_schema
semiconductor_wip_control_ontology.json,semiconductor_wip_control,ss_FailureNCRSetup,失败NCR配置,setupAccess,Navigation,物理字段 SetupAccessId → A_SetupAccess,,no_matching_swagger_schema
semiconductor_wip_control_ontology.json,semiconductor_wip_control,ss_FailureNCRSetup,失败NCR配置,notes,String,物理字段 Notes,,no_matching_swagger_schema
semiconductor_wip_control_ontology.json,semiconductor_wip_control,ss_FailureNCRSetup,失败NCR配置,ssFailureModeGroup,Navigation,物理字段 ss_FailureModeGroupId → FailureModeGroup,,no_matching_swagger_schema
semiconductor_wip_control_ontology.json,semiconductor_wip_control,ss_FailureNCRSetup,失败NCR配置,iconId,Integer,物理字段 IconId,,no_matching_swagger_schema
semiconductor_wip_control_ontology.json,semiconductor_wip_control,ss_FailureNCRSetup,失败NCR配置,changeHistory,Navigation,物理字段 ChangeHistoryId → ChangeStatus,,no_matching_swagger_schema
semiconductor_wip_control_ontology.json,semiconductor_wip_control,ss_FailureNCRSetup,失败NCR配置,isFrozen,Boolean,物理字段 IsFrozen,,no_matching_swagger_schema
semiconductor_wip_control_ontology.json,semiconductor_wip_control,ss_FailureNCRSetup,失败NCR配置,filterTags,String,物理字段 FilterTags,,no_matching_swagger_schema
semiconductor_wip_control_ontology.json,semiconductor_wip_control,A_ScheduleSSPlan,半导体排程计划,description,String,物理字段 Description,,no_matching_swagger_schema
semiconductor_wip_control_ontology.json,semiconductor_wip_control,A_ScheduleSSPlan,半导体排程计划,notes,String,物理字段 Notes,,no_matching_swagger_schema
semiconductor_wip_control_ontology.json,semiconductor_wip_control,A_ScheduleSSPlan,半导体排程计划,name,String,物理字段 ScheduleSSPlanName,,no_matching_swagger_schema
semiconductor_wip_control_ontology.json,semiconductor_wip_control,A_ScheduleSSPlan,半导体排程计划,iconId,Integer,物理字段 IconId,,no_matching_swagger_schema
semiconductor_wip_control_ontology.json,semiconductor_wip_control,A_ScheduleSSPlan,半导体排程计划,changeHistory,Navigation,物理字段 ChangeHistoryId → ChangeStatus,,no_matching_swagger_schema
semiconductor_wip_control_ontology.json,semiconductor_wip_control,A_ScheduleSSPlan,半导体排程计划,setupAccess,Navigation,物理字段 SetupAccessId → A_SetupAccess,,no_matching_swagger_schema
semiconductor_wip_control_ontology.json,semiconductor_wip_control,A_ScheduleSSPlan,半导体排程计划,isFrozen,Boolean,物理字段 IsFrozen,,no_matching_swagger_schema
semiconductor_wip_control_ontology.json,semiconductor_wip_control,A_ScheduleSSPlan,半导体排程计划,filterTags,String,物理字段 FilterTags,,no_matching_swagger_schema
setup_ontology.json,setup,Setup,换线定义,setupBase,Navigation,物理字段 SetupBaseId → SetupBase,SetupEntity,property_not_exposed_or_name_differs
spc_ontology.json,spc,SPCChartDef,SPC图表定义,setupAccess,Navigation,物理字段 SetupAccessId → A_SetupAccess,,no_matching_swagger_schema
spc_ontology.json,spc,SPCChartDef,SPC图表定义,recordAgainstCustomSpcDataSrc,Boolean,物理字段 RecordAgainstCustomSPCDataSrc,,no_matching_swagger_schema
spc_ontology.json,spc,SPCChartDef,SPC图表定义,spcChartDisplayOption,Integer,物理字段 SPCChartDisplayOption,,no_matching_swagger_schema
spc_ontology.json,spc,SPCChartDef,SPC图表定义,eMailMessage,Navigation,物理字段 EMailMessageId → EMailMessage,,no_matching_swagger_schema
spc_ontology.json,spc,SPCChartDef,SPC图表定义,chartHeight,Integer,物理字段 ChartHeight,,no_matching_swagger_schema
spc_ontology.json,spc,SPCChartDef,SPC图表定义,chartProperties,String,物理字段 ChartProperties,,no_matching_swagger_schema
spc_ontology.json,spc,SPCChartDef,SPC图表定义,userParm4,String,物理字段 UserParm4,,no_matching_swagger_schema
spc_ontology.json,spc,SPCChartDef,SPC图表定义,userParm6,String,物理字段 UserParm6,,no_matching_swagger_schema
spc_ontology.json,spc,SPCChartDef,SPC图表定义,userParm8,String,物理字段 UserParm8,,no_matching_swagger_schema
spc_ontology.json,spc,SPCChartDef,SPC图表定义,userParm10,String,物理字段 UserParm10,,no_matching_swagger_schema
spc_ontology.json,spc,SPCChartDef,SPC图表定义,triggerOcaPs,Boolean,物理字段 TriggerOCAPs,,no_matching_swagger_schema
spc_ontology.json,spc,SPCChartDef,SPC图表定义,userParm9,String,物理字段 UserParm9,,no_matching_swagger_schema
spc_ontology.json,spc,SPCChartDef,SPC图表定义,chartVariable,String,物理字段 ChartVariable,,no_matching_swagger_schema
spc_ontology.json,spc,SPCChartDef,SPC图表定义,docToView,Navigation,物理字段 DocToViewId → Document,,no_matching_swagger_schema
spc_ontology.json,spc,SPCChartDef,SPC图表定义,macro,String,物理字段 Macro,,no_matching_swagger_schema
spc_ontology.json,spc,SPCChartDef,SPC图表定义,requireAnnotation,Boolean,物理字段 RequireAnnotation,,no_matching_swagger_schema
spc_ontology.json,spc,SPCChartDef,SPC图表定义,userParm2,String,物理字段 UserParm2,,no_matching_swagger_schema
spc_ontology.json,spc,SPCChartDef,SPC图表定义,setResourceStatus,Navigation,物理字段 SetResourceStatusId → ResourceStatusCode,,no_matching_swagger_schema
spc_ontology.json,spc,SPCChartDef,SPC图表定义,userParm1,String,物理字段 UserParm1,,no_matching_swagger_schema
spc_ontology.json,spc,SPCChartDef,SPC图表定义,displayOnException,Boolean,物理字段 DisplayOnException,,no_matching_swagger_schema
spc_ontology.json,spc,SPCChartDef,SPC图表定义,userParm3,String,物理字段 UserParm3,,no_matching_swagger_schema
spc_ontology.json,spc,SPCChartDef,SPC图表定义,emailNotification,String,物理字段 EmailNotification,,no_matching_swagger_schema
spc_ontology.json,spc,SPCChartDef,SPC图表定义,userParm5,String,物理字段 UserParm5,,no_matching_swagger_schema
spc_ontology.json,spc,SPCChartDef,SPC图表定义,putContainerOnHold,Navigation,物理字段 PutContainerOnHoldId → HoldReason,,no_matching_swagger_schema
spc_ontology.json,spc,SPCChartDef,SPC图表定义,userParm7,String,物理字段 UserParm7,,no_matching_swagger_schema
spc_ontology.json,spc,SPCChartDef,SPC图表定义,runTimeDisplay,Boolean,物理字段 RunTimeDisplay,,no_matching_swagger_schema
spc_ontology.json,spc,SPCChartDef,SPC图表定义,chartWidth,Integer,物理字段 ChartWidth,,no_matching_swagger_schema
spc_ontology.json,spc,SPCChartDef,SPC图表定义,showToleranceLimits,Boolean,物理字段 ShowToleranceLimits,,no_matching_swagger_schema
spc_ontology.json,spc,SPCChartDef,SPC图表定义,spcChartSaveOptions,Integer,物理字段 SPCChartSaveOptions,,no_matching_swagger_schema
spc_ontology.json,spc,SPCChartDef,SPC图表定义,legendLocation,Integer,物理字段 LegendLocation,,no_matching_swagger_schema
spc_ontology.json,spc,SPCChartDef,SPC图表定义,spcChartType,Navigation,物理字段 SPCChartTypeId → A_SPCChart,,no_matching_swagger_schema
spc_ontology.json,spc,SPCChartDef,SPC图表定义,isNewSpc,Boolean,物理字段 IsNewSPC,,no_matching_swagger_schema
spc_ontology.json,spc,SPCChartDef,SPC图表定义,spcConnection,Navigation,物理字段 SPCConnectionId → A_SPCConnection,,no_matching_swagger_schema
spc_ontology.json,spc,SPCChartDef,SPC图表定义,spcRules,Navigation,物理字段 SPCRulesId → A_SPCRules,,no_matching_swagger_schema
spc_ontology.json,spc,SPCChartDef,SPC图表定义,spcQuery,Navigation,物理字段 SPCQueryId → UserQuery,,no_matching_swagger_schema
spc_ontology.json,spc,SPCViolation,SPC异常事件,filterTags,String,物理字段 FilterTags,,no_matching_swagger_schema
spc_ontology.json,spc,SPCViolation,SPC异常事件,notes,String,物理字段 Notes,,no_matching_swagger_schema
spc_ontology.json,spc,SPCViolation,SPC异常事件,changeHistory,Navigation,物理字段 ChangeHistoryId → ChangeStatus,,no_matching_swagger_schema
spc_ontology.json,spc,SPCViolation,SPC异常事件,description,String,物理字段 Description,,no_matching_swagger_schema
spc_ontology.json,spc,SPCViolation,SPC异常事件,iconId,Integer,物理字段 IconId,,no_matching_swagger_schema
spc_ontology.json,spc,SPCViolation,SPC异常事件,spcRuleViolationName,String,物理字段 SPCRuleViolationName,,no_matching_swagger_schema
spc_ontology.json,spc,SPCViolation,SPC异常事件,isFrozen,Boolean,物理字段 IsFrozen,,no_matching_swagger_schema
spec_ontology.json,spec,Spec,规范/规格,allowCountVariance,Boolean,物理字段 AllowCountVariance,SpecEntity,property_not_exposed_or_name_differs
spec_ontology.json,spec,Spec,规范/规格,maxInsertion,Integer,物理字段 MaxInsertion,SpecEntity,property_not_exposed_or_name_differs
spec_ontology.json,spec,Spec,规范/规格,requireTrackInQty,Boolean,物理字段 RequireTrackInQty,SpecEntity,property_not_exposed_or_name_differs
spec_ontology.json,spec,Spec,规范/规格,autoMoveOut,Boolean,物理字段 AutoMoveOut,SpecEntity,property_not_exposed_or_name_differs
spec_ontology.json,spec,Spec,规范/规格,setQtyFromWafers,Boolean,物理字段 SetQtyFromWafers,SpecEntity,property_not_exposed_or_name_differs
spec_ontology.json,spec,Spec,规范/规格,yieldOffDefects,Boolean,物理字段 YieldOffDefects,SpecEntity,property_not_exposed_or_name_differs
spec_ontology.json,spec,Spec,规范/规格,inputCarrierFamily,Navigation,物理字段 InputCarrierFamilyId → ResourceFamily,SpecEntity,property_not_exposed_or_name_differs
spec_ontology.json,spec,Spec,规范/规格,checkScanning,Boolean,物理字段 CheckScanning,SpecEntity,property_not_exposed_or_name_differs
spec_ontology.json,spec,Spec,规范/规格,autoSelectTrackOutLots,Boolean,物理字段 AutoSelectTrackOutLots,SpecEntity,property_not_exposed_or_name_differs
spec_ontology.json,spec,Spec,规范/规格,verifyWafersGoodQty,Boolean,物理字段 VerifyWafersGoodQty,SpecEntity,property_not_exposed_or_name_differs
spec_ontology.json,spec,Spec,规范/规格,allowDummyQty,Boolean,物理字段 AllowDummyQty,SpecEntity,property_not_exposed_or_name_differs
spec_ontology.json,spec,Spec,规范/规格,testIqcRequired,Boolean,物理字段 TestIQCRequired,SpecEntity,property_not_exposed_or_name_differs
spec_ontology.json,spec,Spec,规范/规格,allowDefectQty,Boolean,物理字段 AllowDefectQty,SpecEntity,property_not_exposed_or_name_differs
spec_ontology.json,spec,Spec,规范/规格,autoCreateFirstInsertion,Boolean,物理字段 AutoCreateFirstInsertion,SpecEntity,property_not_exposed_or_name_differs
spec_ontology.json,spec,Spec,规范/规格,processCode,Navigation,物理字段 ProcessCodeId → A_ProcessCode,SpecEntity,property_not_exposed_or_name_differs
spec_ontology.json,spec,Spec,规范/规格,uom,Navigation,物理字段 UOMId → UOM,SpecEntity,property_not_exposed_or_name_differs
spec_ontology.json,spec,Spec,规范/规格,requireMaxTimeWindow,Boolean,物理字段 RequireMaxTimeWindow,SpecEntity,property_not_exposed_or_name_differs
spec_ontology.json,spec,Spec,规范/规格,allowMaterialLoading,Boolean,物理字段 AllowMaterialLoading,SpecEntity,property_not_exposed_or_name_differs
spec_ontology.json,spec,Spec,规范/规格,utaPrefix,String,物理字段 UTAPrefix,SpecEntity,property_not_exposed_or_name_differs
spec_ontology.json,spec,Spec,规范/规格,checkPrinting,Boolean,物理字段 CheckPrinting,SpecEntity,property_not_exposed_or_name_differs
spec_ontology.json,spec,Spec,规范/规格,consolidatePreviousBins,Boolean,物理字段 ConsolidatePreviousBins,SpecEntity,property_not_exposed_or_name_differs
spec_ontology.json,spec,Spec,规范/规格,autoRejectsRescreens,Integer,物理字段 AutoRejectsRescreens,SpecEntity,property_not_exposed_or_name_differs
spec_ontology.json,spec,Spec,规范/规格,uom2,Navigation,物理字段 UOM2Id → UOM,SpecEntity,property_not_exposed_or_name_differs
spec_ontology.json,spec,Spec,规范/规格,externalInterface,Navigation,物理字段 ExternalInterfaceId → A_ExternalInterface,SpecEntity,property_not_exposed_or_name_differs
spec_ontology.json,spec,Spec,规范/规格,runNumberSetup,Navigation,物理字段 RunNumberSetupId → A_RunNumberSetup,SpecEntity,property_not_exposed_or_name_differs
spec_ontology.json,spec,Spec,规范/规格,objectCategory,String,物理字段 ObjectCategory,SpecEntity,property_not_exposed_or_name_differs
spec_ontology.json,spec,Spec,规范/规格,objectType,String,物理字段 ObjectType,SpecEntity,property_not_exposed_or_name_differs
spec_ontology.json,spec,Spec,规范/规格,stepLogic,Navigation,物理字段 StepLogicId → A_StepLogic,SpecEntity,property_not_exposed_or_name_differs
spec_ontology.json,spec,Spec,规范/规格,holdLotIfLimitsNotFound,Boolean,物理字段 HoldLotIfLimitsNotFound,SpecEntity,property_not_exposed_or_name_differs
spec_ontology.json,spec,Spec,规范/规格,allowNumberOfStrips,Boolean,物理字段 AllowNumberOfStrips,SpecEntity,property_not_exposed_or_name_differs
spec_ontology.json,spec,Spec,规范/规格,maxLotsPerUser,Integer,物理字段 MaxLotsPerUser,SpecEntity,property_not_exposed_or_name_differs
spec_ontology.json,spec,Spec,规范/规格,maxEquipmentPerLot,Integer,物理字段 MaxEquipmentPerLot,SpecEntity,property_not_exposed_or_name_differs
spec_ontology.json,spec,Spec,规范/规格,consolidatePreviousRejects,Boolean,物理字段 ConsolidatePreviousRejects,SpecEntity,property_not_exposed_or_name_differs
spec_ontology.json,spec,Spec,规范/规格,binSplitRequired,Boolean,物理字段 BinSplitRequired,SpecEntity,property_not_exposed_or_name_differs
spec_ontology.json,spec,Spec,规范/规格,binType,Navigation,物理字段 BinTypeId → A_BinType,SpecEntity,property_not_exposed_or_name_differs
spec_ontology.json,spec,Spec,规范/规格,isTest,Boolean,物理字段 IsTest,SpecEntity,property_not_exposed_or_name_differs
spec_ontology.json,spec,Spec,规范/规格,allowRejectsRecording,Boolean,物理字段 AllowRejectsRecording,SpecEntity,property_not_exposed_or_name_differs
spec_ontology.json,spec,Spec,规范/规格,allowUnidentifiableRejectQty,Boolean,物理字段 AllowUnidentifiableRejectQty,SpecEntity,property_not_exposed_or_name_differs
spec_ontology.json,spec,Spec,规范/规格,allowReworkableRejectQty,Boolean,物理字段 AllowReworkableRejectQty,SpecEntity,property_not_exposed_or_name_differs
spec_ontology.json,spec,Spec,规范/规格,wipDataSetup,Navigation,物理字段 WIPDataSetupId → A_WIPDataSetup,SpecEntity,property_not_exposed_or_name_differs
spec_ontology.json,spec,Spec,规范/规格,notRequiredBinsLocation,Navigation,物理字段 NotRequiredBinsLocationId → A_LocationMap,SpecEntity,property_not_exposed_or_name_differs
spec_ontology.json,spec,Spec,规范/规格,isWaferProcessing,Boolean,物理字段 IsWaferProcessing,SpecEntity,property_not_exposed_or_name_differs
spec_ontology.json,spec,Spec,规范/规格,outputCarrierFamily,Navigation,物理字段 OutputCarrierFamilyId → ResourceFamily,SpecEntity,property_not_exposed_or_name_differs
spec_ontology.json,spec,Spec,规范/规格,autoSetTestProgram,Boolean,物理字段 AutoSetTestProgram,SpecEntity,property_not_exposed_or_name_differs
spec_ontology.json,spec,Spec,规范/规格,setDateCode,Boolean,物理字段 SetDateCode,SpecEntity,property_not_exposed_or_name_differs
spec_ontology.json,spec,Spec,规范/规格,removeDateCode,Boolean,物理字段 RemoveDateCode,SpecEntity,property_not_exposed_or_name_differs
spec_ontology.json,spec,Spec,规范/规格,pdaLimitsRequired,Boolean,物理字段 PDALimitsRequired,SpecEntity,property_not_exposed_or_name_differs
spec_ontology.json,spec,Spec,规范/规格,sameParentLot,Boolean,物理字段 SameParentLot,SpecEntity,property_not_exposed_or_name_differs
spec_ontology.json,spec,Spec,规范/规格,autoSetTrackInQty,Boolean,物理字段 AutoSetTrackInQty,SpecEntity,property_not_exposed_or_name_differs
spec_ontology.json,spec,Spec,规范/规格,dispatchPlan,Navigation,物理字段 DispatchPlanId → A_DispatchPlan,SpecEntity,property_not_exposed_or_name_differs
spec_ontology.json,spec,Spec,规范/规格,verifyStepCycleTime,Boolean,物理字段 VerifyStepCycleTime,SpecEntity,property_not_exposed_or_name_differs
spec_ontology.json,spec,Spec,规范/规格,useEquipmentMatrix,Boolean,物理字段 UseEquipmentMatrix,SpecEntity,property_not_exposed_or_name_differs
spec_ontology.json,spec,Spec,规范/规格,autoRemoveMaterials,Boolean,物理字段 AutoRemoveMaterials,SpecEntity,property_not_exposed_or_name_differs
spec_ontology.json,spec,Spec,规范/规格,allowSplitUnProcessed,Boolean,物理字段 AllowSplitUnProcessed,SpecEntity,property_not_exposed_or_name_differs
spec_ontology.json,spec,Spec,规范/规格,isSubCon,Boolean,物理字段 IsSubCon,SpecEntity,property_not_exposed_or_name_differs
spec_ontology.json,spec,Spec,规范/规格,defaultMaterialWipLocation,Navigation,物理字段 DefaultMaterialWIPLocationId → A_LocationMap,SpecEntity,property_not_exposed_or_name_differs
spec_ontology.json,spec,Spec,规范/规格,autoSetTrackOutQty,Boolean,物理字段 AutoSetTrackOutQty,SpecEntity,property_not_exposed_or_name_differs
spec_ontology.json,spec,Spec,规范/规格,autoSetMoveOutQty,Boolean,物理字段 AutoSetMoveOutQty,SpecEntity,property_not_exposed_or_name_differs
spec_ontology.json,spec,Spec,规范/规格,ssOnlyCalculateYield,Boolean,物理字段 ss_OnlyCalculateYield,SpecEntity,property_not_exposed_or_name_differs
spec_ontology.json,spec,Spec,规范/规格,ssBypassRecipeVerification,Boolean,物理字段 ss_BypassRecipeVerification,SpecEntity,property_not_exposed_or_name_differs
spec_ontology.json,spec,Spec,规范/规格,ssBypassToolPlanVerification,Boolean,物理字段 ss_BypassToolPlanVerification,SpecEntity,property_not_exposed_or_name_differs
spec_ontology.json,spec,Spec,规范/规格,ssLabelPlan,Navigation,物理字段 ss_LabelPlanId → ss_LabelPlan,SpecEntity,property_not_exposed_or_name_differs
spec_ontology.json,spec,Spec,规范/规格,verifyToolPlan,Boolean,物理字段 ES_VerifyToolPlan,SpecEntity,property_not_exposed_or_name_differs
spec_ontology.json,spec,Spec,规范/规格,scsFieldEnable,Boolean,物理字段 scsFieldEnable,SpecEntity,property_not_exposed_or_name_differs
spec_ontology.json,spec,Spec,规范/规格,scsRecipeConfigRequired,Boolean,物理字段 scsRecipeConfigRequired,SpecEntity,property_not_exposed_or_name_differs
spec_ontology.json,spec,Spec,规范/规格,scsSpecSlotMappingRequired,Boolean,物理字段 scsSpecSlotMappingRequired,SpecEntity,property_not_exposed_or_name_differs
spec_ontology.json,spec,Spec,规范/规格,ssUseWipDataSetupMatrix,Boolean,物理字段 ss_UseWIPDataSetupMatrix,SpecEntity,property_not_exposed_or_name_differs
spec_ontology.json,spec,Spec,规范/规格,ssAutoUnloadFeeders,Boolean,物理字段 ss_AutoUnloadFeeders,SpecEntity,property_not_exposed_or_name_differs
spec_ontology.json,spec,Spec,规范/规格,ssMfgLine,Navigation,物理字段 ss_MfgLineId → ss_MfgLine,SpecEntity,property_not_exposed_or_name_differs
spec_ontology.json,spec,Spec,规范/规格,ssVerifyMfgLine,Boolean,物理字段 ss_VerifyMfgLine,SpecEntity,property_not_exposed_or_name_differs
spec_ontology.json,spec,Spec,规范/规格,ssIsSendAheadRequired,Boolean,物理字段 ss_IsSendAheadRequired,SpecEntity,property_not_exposed_or_name_differs
spec_ontology.json,spec,SpecSchedulingDetail,规格调度详情,isFrozen,Boolean,物理字段 IsFrozen,,no_matching_swagger_schema
spec_ontology.json,spec,SpecSchedulingDetail,规格调度详情,fastCycleTime,Float,物理字段 FastCycleTime,,no_matching_swagger_schema
spec_ontology.json,spec,SpecSchedulingDetail,规格调度详情,normalCycleTime,Float,物理字段 NormalCycleTime,,no_matching_swagger_schema
spec_ontology.json,spec,SpecSchedulingDetail,规格调度详情,runRateOption,Integer,物理字段 RunRateOption,,no_matching_swagger_schema
spec_ontology.json,spec,SpecSchedulingDetail,规格调度详情,unscheduledTime,Float,物理字段 UnscheduledTime,,no_matching_swagger_schema
spec_ontology.json,spec,SpecSchedulingDetail,规格调度详情,timePerBatch,Float,物理字段 TimePerBatch,,no_matching_swagger_schema
spec_ontology.json,spec,TxnMap,事务映射,isFrozen,Boolean,物理字段 IsFrozen,,no_matching_swagger_schema
spec_ontology.json,spec,ESigReqTxnMap,电子签名事务映射,isFrozen,Boolean,物理字段 IsFrozen,,no_matching_swagger_schema
spec_ontology.json,spec,ESigReqTxnMap,电子签名事务映射,eSigRequirement,Navigation,物理字段 ESigRequirementId → ESigRequirement,,no_matching_swagger_schema
spec_ontology.json,spec,BPSpecBizRuleTxnMap,业务规则事务映射,isFrozen,Boolean,物理字段 IsFrozen,,no_matching_swagger_schema
start_reasons_ontology.json,start_reasons,StartReason,启动原因,changeStatus,Navigation,物理字段 ChangeStatusId → ChangeStatus,StartReasonEntity,property_not_exposed_or_name_differs
tool_ontology.json,tool,A_ToolPlan,工装计划,scsIsDetailsEnabled,Boolean,物理字段 scsIsDetailsEnabled,ToolPlanEntity,property_not_exposed_or_name_differs
tool_ontology.json,tool,A_ToolPlanDetails,工装计划明细,toolPlan,Navigation,物理字段 ToolPlanId → A_ToolPlan,,no_matching_swagger_schema
tool_ontology.json,tool,A_ToolPlanDetails,工装计划明细,maxRequired,Integer,物理字段 MaxRequired,,no_matching_swagger_schema
tool_ontology.json,tool,A_ToolPlanDetails,工装计划明细,itemName,String,物理字段 ItemName,,no_matching_swagger_schema
tool_ontology.json,tool,A_ToolPlanDetails,工装计划明细,minRequired,Integer,物理字段 MinRequired,,no_matching_swagger_schema
training_plan_ontology.json,training_plan,TrainingRequirement,培训要求,effectiveFromDateGmt,DateTime,物理字段 EffectiveFromDateGMT,TrainingRequirementEntity,property_not_exposed_or_name_differs
training_plan_ontology.json,training_plan,TrainingRequirement,培训要求,effectiveThruDateGmt,DateTime,物理字段 EffectiveThruDateGMT,TrainingRequirementEntity,property_not_exposed_or_name_differs
training_plan_ontology.json,training_plan,TrainingRequirement,培训要求,expirationDateGmt,DateTime,物理字段 ExpirationDateGMT,TrainingRequirementEntity,property_not_exposed_or_name_differs
training_plan_ontology.json,training_plan,TrainingRecord,员工培训记录,isFrozen,Boolean,物理字段 IsFrozen,,no_matching_swagger_schema
training_plan_ontology.json,training_plan,TrainingRecord,员工培训记录,expirationDateGmt,DateTime,物理字段 ExpirationDateGMT,,no_matching_swagger_schema
triage_spec_ontology.json,triage_spec,TriageSpecDetail,分流规格明细,triageSpec,Navigation,物理字段 TriageSpecId → TriageSpec,,no_matching_swagger_schema
workcenter_ontology.json,workcenter,WorkCenter,工作中心,changeStatus,Navigation,物理字段 ChangeStatusId → ChangeStatus,WorkCenterEntity,property_not_exposed_or_name_differs
workflow_ontology.json,Workflow Modeling,Workflow,工作流,wipStepCountOnDefault,Integer,物理字段 WIPStepCountOnDefault,WorkflowEntity,property_not_exposed_or_name_differs
workflow_ontology.json,Workflow Modeling,Workflow,工作流,inTransitStepCountOnDefault,Integer,物理字段 InTransitStepCountOnDefault,WorkflowEntity,property_not_exposed_or_name_differs
workflow_ontology.json,Workflow Modeling,Workflow,工作流,objectCategory,String,物理字段 ObjectCategory,WorkflowEntity,property_not_exposed_or_name_differs
workflow_ontology.json,Workflow Modeling,Workflow,工作流,objectType,String,物理字段 ObjectType,WorkflowEntity,property_not_exposed_or_name_differs
workflow_ontology.json,Workflow Modeling,Workflow,工作流,scheduledStepCountOnDefault,Integer,物理字段 ScheduledStepCountOnDefault,WorkflowEntity,property_not_exposed_or_name_differs
workflow_ontology.json,Workflow Modeling,Workflow,工作流,scheduledStepCount,Integer,物理字段 ScheduledStepCount,WorkflowEntity,property_not_exposed_or_name_differs
workflow_ontology.json,Workflow Modeling,Workflow,工作流,inventoryStepCount,Integer,物理字段 InventoryStepCount,WorkflowEntity,property_not_exposed_or_name_differs
workflow_ontology.json,Workflow Modeling,Workflow,工作流,inTransitStepCount,Integer,物理字段 InTransitStepCount,WorkflowEntity,property_not_exposed_or_name_differs
workflow_ontology.json,Workflow Modeling,Workflow,工作流,wipStepCount,Integer,物理字段 WIPStepCount,WorkflowEntity,property_not_exposed_or_name_differs
workflow_ontology.json,Workflow Modeling,Workflow,工作流,inventoryStepCountOnDefault,Integer,物理字段 InventoryStepCountOnDefault,WorkflowEntity,property_not_exposed_or_name_differs
workflow_ontology.json,Workflow Modeling,Workflow,工作流,scsSelValResultsetStartRow,Integer,物理字段 scsSelValResultsetStartRow,WorkflowEntity,property_not_exposed_or_name_differs
workflow_ontology.json,Workflow Modeling,WorkflowStep,工作流步骤,iconId,Integer,物理字段 IconId,,no_matching_swagger_schema
workflow_ontology.json,Workflow Modeling,WorkflowStep,工作流步骤,name,String,物理字段 WorkflowStepName,,no_matching_swagger_schema
workflow_ontology.json,Workflow Modeling,WorkflowStep,工作流步骤,xlocation,Integer,物理字段 Xlocation,,no_matching_swagger_schema
workflow_ontology.json,Workflow Modeling,WorkflowStep,工作流步骤,ylocation,Integer,物理字段 Ylocation,,no_matching_swagger_schema
workflow_ontology.json,Workflow Modeling,WorkflowStep,工作流步骤,isFrozen,Boolean,物理字段 IsFrozen,,no_matching_swagger_schema
workflow_ontology.json,Workflow Modeling,Path,路径,isFrozen,Boolean,物理字段 IsFrozen,,no_matching_swagger_schema
workflow_ontology.json,Workflow Modeling,Path,路径,name,String,物理字段 PathName,,no_matching_swagger_schema
workflow_ontology.json,Workflow Modeling,Path,路径,description,String,物理字段 Description,,no_matching_swagger_schema
workflow_ontology.json,Workflow Modeling,Path,路径,notes,String,物理字段 Notes,,no_matching_swagger_schema
workflow_ontology.json,Workflow Modeling,ProcessingGate,加工闸门,isFrozen,Boolean,物理字段 IsFrozen,,no_matching_swagger_schema
workflow_ontology.json,Workflow Modeling,ProcessingGate,加工闸门,iconId,Integer,物理字段 IconId,,no_matching_swagger_schema
workflow_ontology.json,Workflow Modeling,ProcessingGate,加工闸门,entryType,Integer,物理字段 EntryType,,no_matching_swagger_schema
workflow_ontology.json,Workflow Modeling,ProcessingGate,加工闸门,exitType,Integer,物理字段 ExitType,,no_matching_swagger_schema
workflow_ontology.json,Workflow Modeling,CollectionGate,数据收集闸门,isFrozen,Boolean,物理字段 IsFrozen,,no_matching_swagger_schema
workflow_ontology.json,Workflow Modeling,CollectionGate,数据收集闸门,entryType,Integer,物理字段 EntryType,,no_matching_swagger_schema
workflow_ontology.json,Workflow Modeling,CollectionGate,数据收集闸门,exitType,Integer,物理字段 ExitType,,no_matching_swagger_schema
workflow_ontology.json,Workflow Modeling,CollectionGate,数据收集闸门,iconId,Integer,物理字段 IconId,,no_matching_swagger_schema
workflow_ontology.json,Workflow Modeling,CycleTimeGate,时效控制闸门,isFrozen,Boolean,物理字段 IsFrozen,,no_matching_swagger_schema
workflow_ontology.json,Workflow Modeling,CycleTimeGate,时效控制闸门,iconId,Integer,物理字段 IconId,,no_matching_swagger_schema
workflow_ontology.json,Workflow Modeling,CycleTimeGate,时效控制闸门,entryType,Integer,物理字段 EntryType,,no_matching_swagger_schema
workflow_ontology.json,Workflow Modeling,CycleTimeGate,时效控制闸门,exitType,Integer,物理字段 ExitType,,no_matching_swagger_schema
workflow_ontology.json,Workflow Modeling,PathSelector,路径选择器,isFrozen,Boolean,物理字段 IsFrozen,,no_matching_swagger_schema
workflow_ontology.json,Workflow Modeling,PathSelector,路径选择器,description,String,物理字段 Description,,no_matching_swagger_schema
workflow_ontology.json,Workflow Modeling,PathSelector,路径选择器,effectiveThruDateGmt,DateTime,物理字段 EffectiveThruDateGMT,,no_matching_swagger_schema
workflow_ontology.json,Workflow Modeling,PathSelector,路径选择器,effectiveFromDateGmt,DateTime,物理字段 EffectiveFromDateGMT,,no_matching_swagger_schema
workflow_ontology.json,Workflow Modeling,ActionDefinition,动作定义,iconId,Integer,物理字段 IconId,,no_matching_swagger_schema
workflow_ontology.json,Workflow Modeling,ActionDefinition,动作定义,filterTags,String,物理字段 FilterTags,,no_matching_swagger_schema
